Etiqueta,SBERT_mean,SBERT_max,SBERT_p90,SBERT_var,CNN-SBERT_mean,CNN-SBERT_max,CNN-SBERT_p90,CNN-SBERT_var,BLSTM-SBERT_mean,BLSTM-SBERT_max,BLSTM-SBERT_p90,BLSTM-SBERT_var,Attention-SBERT_mean,Attention-SBERT_max,Attention-SBERT_p90,Attention-SBERT_var
0,0.8403088450431824,0.9261760711669922,0.8958986401557922,0.00199137139134109,0.9284582138061523,0.9603901505470276,0.9483280777931213,0.0002982006990350783,0.8918363451957703,0.9537225961685181,0.9309448599815369,0.0008961060084402561,0.8817740082740784,0.940839946269989,0.9149280786514282,0.0006228698184713721
0,0.9078717231750488,0.9503720998764038,0.9393813610076904,0.0006414023810066283,0.9487720131874084,0.9596858024597168,0.9564663171768188,4.940759754390456e-05,0.9135014414787292,0.9423600435256958,0.9368796348571777,0.00035530366585589945,0.9096366763114929,0.9376299381256104,0.9324562549591064,0.0003592278517317027
0,0.9096697568893433,0.9478166103363037,0.9339639544487,0.00032940981327556074,0.9426136016845703,0.9591512680053711,0.9531802535057068,7.279850251507014e-05,0.9191296696662903,0.9607247114181519,0.947753369808197,0.000549276068340987,0.9133840799331665,0.9500715136528015,0.9387392401695251,0.0003382819122634828
0,0.8796228170394897,0.9340457320213318,0.9243971109390259,0.0020152349025011063,0.9358934164047241,0.9608938097953796,0.951433539390564,0.0003623507800512016,0.9095752835273743,0.9554344415664673,0.9389027953147888,0.0007859479519538581,0.9017226696014404,0.9497597217559814,0.9359776973724365,0.0010185936698690057
1,0.882308840751648,0.9322391748428345,0.9256494045257568,0.0007715249666944146,0.9314820766448975,0.9565473794937134,0.9501726031303406,0.0002776187320705503,0.8905037045478821,0.9356032013893127,0.9222855567932129,0.0008217559661716223,0.8792413473129272,0.9353153705596924,0.9189081788063049,0.0012771380133926868
1,0.9186689853668213,0.9536595344543457,0.9382472038269043,0.0002469938772264868,0.9532477855682373,0.9689162373542786,0.9591572880744934,3.6251414712751284e-05,0.9217822551727295,0.9651716351509094,0.9440593719482422,0.0004417705931700766,0.9202055335044861,0.9593465924263,0.9374165534973145,0.00024702426162548363
0,0.8936682343482971,0.95063716173172,0.9322627186775208,0.0007618004456162453,0.9412156343460083,0.9611395001411438,0.9556872248649597,0.00011215213453397155,0.9175931215286255,0.9564224481582642,0.9438502788543701,0.00032177986577153206,0.907431423664093,0.9546078443527222,0.9352012872695923,0.00039509267662651837
0,0.9237849712371826,0.9385636448860168,0.9372978806495667,0.0002764585369732231,0.9510946869850159,0.9537794589996338,0.9533200860023499,5.599958512902958e-06,0.9310908913612366,0.9380475878715515,0.9360312819480896,2.4281032892758958e-05,0.9288275241851807,0.9328169822692871,0.932415783405304,1.8508249922888353e-05
1,0.8727709650993347,0.9639387130737305,0.9339865446090698,0.004424341022968292,0.933044970035553,0.9657960534095764,0.9577962160110474,0.0005825875559821725,0.8965556025505066,0.9555075764656067,0.9321821331977844,0.0018717689672484994,0.8837045431137085,0.9552671909332275,0.9277409315109253,0.002176356501877308
1,0.8926358222961426,0.9313270449638367,0.9167217016220093,0.0004729935899376869,0.9452555775642395,0.9613457918167114,0.9565180540084839,5.9971160226268694e-05,0.902193546295166,0.931890606880188,0.9273300170898438,0.0005542165599763393,0.8985767364501953,0.9291163682937622,0.9222951531410217,0.00035696738632395864
1,0.9480843544006348,0.9526809453964233,0.9520029425621033,1.875356065283995e-05,0.9616295695304871,0.9695777297019958,0.9674022197723389,3.23148888128344e-05,0.9540843367576599,0.9562703967094421,0.9557169675827026,2.5641536467446713e-06,0.9481576085090637,0.9521828293800354,0.9515119194984436,1.2900429283035919e-05
1,0.8498592972755432,0.9264730215072632,0.9127362966537476,0.002781706163659692,0.9307053685188293,0.9560101628303528,0.9508297443389893,0.0004272600344847888,0.9049578309059143,0.9562491178512573,0.939079225063324,0.0009058802388608456,0.8796954154968262,0.9427784085273743,0.927819013595581,0.0014461858663707972
0,0.9018508195877075,0.9193096160888672,0.9150640964508057,0.0001674597879173234,0.9448476433753967,0.9558102488517761,0.9520030617713928,4.765854828292504e-05,0.9198639988899231,0.9562112092971802,0.9430806636810303,0.00045609031803905964,0.917669951915741,0.9381192922592163,0.9315675497055054,0.00016961265646386892
0,0.9293416738510132,0.9662872552871704,0.9566803574562073,0.0007113600731827319,0.9533588290214539,0.9672631025314331,0.9647192358970642,8.568487828597426e-05,0.9277248382568359,0.9584753513336182,0.9564226269721985,0.0007496342295780778,0.9318931698799133,0.960769772529602,0.9563840627670288,0.0003832526272162795
0,0.9018309116363525,0.9475868344306946,0.9410383701324463,0.0015254445606842637,0.9348850250244141,0.9605676531791687,0.955644965171814,0.0005154330283403397,0.9176559448242188,0.9612646102905273,0.9530189037322998,0.0008145796018652618,0.9053359627723694,0.9498417973518372,0.9430834054946899,0.001123804715462029
1,0.8867828249931335,0.955291748046875,0.9187710881233215,0.0008347336552105844,0.9409252405166626,0.9593908786773682,0.9508331418037415,6.0284495702944696e-05,0.9124293327331543,0.9681582450866699,0.9398573040962219,0.0005618995055556297,0.8971872925758362,0.9620871543884277,0.9279156923294067,0.0006676017655991018
1,0.9018164873123169,0.9509812593460083,0.9422127604484558,0.000804635405074805,0.9404274225234985,0.9679930210113525,0.9568402171134949,0.00020301823678892106,0.9223579168319702,0.962060272693634,0.9530169367790222,0.000678103941027075,0.9042669534683228,0.9526015520095825,0.9402728080749512,0.0008578812121413648
1,0.8708108067512512,0.9270389676094055,0.9110223054885864,0.0013937089825049043,0.9386813044548035,0.9606524705886841,0.9519132971763611,0.0001119460939662531,0.918271541595459,0.9574916958808899,0.9420707821846008,0.0005675714346580207,0.9012700319290161,0.9492044448852539,0.9268511533737183,0.0005631404346786439
0,0.9225348234176636,0.941190779209137,0.9336636066436768,0.00012377793609630316,0.9490671157836914,0.9552257061004639,0.9514890909194946,6.927270533196861e-06,0.9288257360458374,0.9487841129302979,0.9434598088264465,0.00022857279691379517,0.924569308757782,0.9416528940200806,0.9412904977798462,0.0002588510396890342
0,0.8944774270057678,0.9412935972213745,0.9236741065979004,0.0007520320941694081,0.9387813210487366,0.9583467841148376,0.9530135989189148,0.00019941077334806323,0.9197913408279419,0.9498493671417236,0.9416933059692383,0.0003727294388227165,0.9047803282737732,0.944776713848114,0.9323877692222595,0.0006612304132431746
0,0.9257816076278687,0.9388582706451416,0.9348723888397217,9.981445327866822e-05,0.9539146423339844,0.9623963832855225,0.9609556198120117,2.057278652500827e-05,0.9229987859725952,0.9371203780174255,0.93645179271698,0.00017095732619054615,0.9223678708076477,0.9353213310241699,0.9338628649711609,0.00014607315824832767
1,0.8064578175544739,0.9390364289283752,0.9155964255332947,0.009092667140066624,0.9187347888946533,0.9648252725601196,0.9528793096542358,0.0006997808814048767,0.8620628118515015,0.9478266835212708,0.9381305575370789,0.0034421253949403763,0.8586751222610474,0.9422659277915955,0.9349669218063354,0.0032124097924679518
1,0.8604809641838074,0.9650494456291199,0.9341924786567688,0.004126090556383133,0.9294642806053162,0.9726170301437378,0.9528998732566833,0.00044443365186452866,0.8925844430923462,0.9652665853500366,0.9437738060951233,0.002282321685925126,0.8864496946334839,0.9605184197425842,0.9381579160690308,0.0018646670505404472
0,0.7680684924125671,0.9760150909423828,0.9055454134941101,0.009527494199573994,0.9060452580451965,0.9895206689834595,0.9530971646308899,0.0009555474389344454,0.8706865310668945,0.9959341883659363,0.9625353813171387,0.0034864074550569057,0.8583120703697205,0.9952806234359741,0.9492282271385193,0.0036722926888614893
0,0.9245886206626892,0.9716328978538513,0.9442228078842163,0.00034010273520834744,0.9511361718177795,0.9682278633117676,0.9596306085586548,6.686827691737562e-05,0.9326896667480469,0.9749029874801636,0.9499956369400024,0.00026733678532764316,0.9224380254745483,0.9710002541542053,0.9424711465835571,0.0002895025536417961
1,0.9060243964195251,0.94864821434021,0.9314686059951782,0.000443166121840477,0.9450390934944153,0.9614042639732361,0.9564131498336792,9.542713814880699e-05,0.9225620627403259,0.9512022733688354,0.945564329624176,0.00036585505586117506,0.9113713502883911,0.9468533992767334,0.9327086210250854,0.00035000304342247546
0,0.8782231211662292,0.9251116514205933,0.9121642708778381,0.0008430153829976916,0.937534511089325,0.9576035737991333,0.9485688805580139,8.048165909713134e-05,0.9141122698783875,0.9551012516021729,0.9392260313034058,0.0006375671364367008,0.8957772850990295,0.9371316432952881,0.9207476377487183,0.0007037203758955002
1,0.8901942372322083,0.9280311465263367,0.9180806279182434,0.0006400219863280654,0.9425733685493469,0.9574499130249023,0.9524382948875427,6.359113467624411e-05,0.9181565642356873,0.9521106481552124,0.9406642317771912,0.0003971222904510796,0.9065669775009155,0.9400654435157776,0.9317120909690857,0.0004572314501274377
1,0.9119028449058533,0.9543524980545044,0.9375523924827576,0.00046022358583286405,0.9496267437934875,0.965435266494751,0.9593024253845215,5.932160638622008e-05,0.930801510810852,0.9677038788795471,0.9502171277999878,0.00023115247313398868,0.9193551540374756,0.956679105758667,0.9415628910064697,0.00030027536558918655
1,0.8692448139190674,0.9452630877494812,0.9174865484237671,0.0021578697487711906,0.9317930936813354,0.9618210196495056,0.9489701986312866,0.00047196808736771345,0.9087140560150146,0.9586519002914429,0.9415605664253235,0.000847530725877732,0.8962510824203491,0.9455751180648804,0.9255921244621277,0.0008370484574697912
1,0.8969694972038269,0.9461464881896973,0.940057635307312,0.001122247544117272,0.9428487420082092,0.9644510746002197,0.9601371884346008,0.00016080515342764556,0.9299572706222534,0.9694688320159912,0.9549248218536377,0.0005020461394451559,0.917544960975647,0.9552866816520691,0.9465271830558777,0.0005144281312823296
1,0.8703479766845703,0.9514663815498352,0.9206411242485046,0.002524628536775708,0.9370542764663696,0.9687966108322144,0.9566701650619507,0.0003467833739705384,0.9105160236358643,0.9714952111244202,0.9459389448165894,0.0008928285678848624,0.8923615217208862,0.9582998752593994,0.9301086068153381,0.0012069703079760075
1,0.923644483089447,0.9561220407485962,0.9448632597923279,0.0003876251576002687,0.9474192261695862,0.9582943916320801,0.9555050134658813,4.289429125492461e-05,0.9419752955436707,0.9665974378585815,0.9615134596824646,0.00032613016082905233,0.9289698600769043,0.9577971696853638,0.946577250957489,0.0003098514280281961
0,0.8942684531211853,0.9402716755867004,0.9140483140945435,0.0004125614941585809,0.9407445192337036,0.9563396573066711,0.9533822536468506,0.00011622464808169752,0.9211150407791138,0.9587041139602661,0.9459995031356812,0.0004315126861911267,0.9136242270469666,0.9504958987236023,0.9326367378234863,0.00026808225084096193
1,0.8992977142333984,0.9347425699234009,0.9207417964935303,0.0003635493922047317,0.9491465091705322,0.9632072448730469,0.958317220211029,6.568027311004698e-05,0.9270803928375244,0.9468395709991455,0.9439821243286133,0.000212325801840052,0.9152186512947083,0.9409900307655334,0.9281778931617737,0.00020000779477413744
1,0.8573470115661621,0.9300035834312439,0.9178734421730042,0.003652437822893262,0.9308266043663025,0.958999514579773,0.9532379508018494,0.00036784447729587555,0.9003131985664368,0.9546317458152771,0.9484817981719971,0.0024131909012794495,0.8948068618774414,0.9430397152900696,0.9396008849143982,0.0012505985796451569
1,0.8753541111946106,0.9757422208786011,0.9376764297485352,0.0032309656962752342,0.9375934600830078,0.9725173115730286,0.9578991532325745,0.00046434556134045124,0.9158526659011841,0.9659373164176941,0.948807418346405,0.0009286358836106956,0.8954467177391052,0.9688121676445007,0.9384839534759521,0.001694934326224029
1,0.8304290175437927,0.9382960200309753,0.9171322584152222,0.010309332050383091,0.9186487197875977,0.9665395021438599,0.9540894031524658,0.0018131581600755453,0.8913015723228455,0.9464507699012756,0.9350185394287109,0.001852871268056333,0.882108747959137,0.9404641389846802,0.9313548803329468,0.0020595926325768232
0,0.9269355535507202,0.9726420640945435,0.9616543650627136,0.0008050125325098634,0.9491429328918457,0.9658186435699463,0.962583065032959,9.13715994101949e-05,0.9314556121826172,0.972867488861084,0.9568473100662231,0.0005185033660382032,0.921309769153595,0.9710703492164612,0.9618052244186401,0.0009838346159085631
1,0.8168224692344666,0.9588459134101868,0.8825923204421997,0.0029442068189382553,0.9109442234039307,0.9632083773612976,0.9365372657775879,0.0005393768078647554,0.8792147040367126,0.9627285599708557,0.9112536907196045,0.001091469544917345,0.8683006167411804,0.9562835693359375,0.9168013334274292,0.0012565728975459933
1,0.9134407043457031,0.9564496278762817,0.936660885810852,0.0004183232958894223,0.9490380883216858,0.9638401865959167,0.9585951566696167,5.899140887777321e-05,0.9175481796264648,0.9639984965324402,0.9497361779212952,0.0010509452549740672,0.91828852891922,0.9607232809066772,0.9425399303436279,0.0006509993690997362
0,0.8987303972244263,0.9367504119873047,0.9176791906356812,0.00030946871265769005,0.9457563757896423,0.9609360098838806,0.9570127725601196,7.308404019568115e-05,0.9277374744415283,0.9583715200424194,0.9516850709915161,0.000483274576254189,0.9140381217002869,0.9438784718513489,0.9377261400222778,0.0005519887781701982
1,0.7942954897880554,0.9614190459251404,0.879906415939331,0.004394645802676678,0.9132767915725708,0.9632260203361511,0.9388155937194824,0.0004527944256551564,0.8645358681678772,0.974647581577301,0.9085912704467773,0.001604815130122006,0.859114408493042,0.9669634103775024,0.9079613089561462,0.0018116867868229747
1,0.9195658564567566,0.943243145942688,0.9371576309204102,0.0002046072913799435,0.9541587829589844,0.9608081579208374,0.9562954902648926,1.1932034794881474e-05,0.9377642869949341,0.9535871744155884,0.9498686790466309,0.00010089711577165872,0.9289177060127258,0.9580717086791992,0.9409448504447937,0.00017673395632300526
1,0.9031047224998474,0.9357449412345886,0.9334383010864258,0.0011791195720434189,0.9474861025810242,0.9617570638656616,0.9580037593841553,8.117542165564373e-05,0.912091076374054,0.9372595548629761,0.9359169602394104,0.0006691860035061836,0.9036238789558411,0.9304169416427612,0.9290900230407715,0.0006710228626616299
1,0.8902243971824646,0.9462447762489319,0.9193141460418701,0.0007855663425289094,0.9420299530029297,0.9590961933135986,0.9509161114692688,6.718315125908703e-05,0.9039257168769836,0.9412885308265686,0.934657096862793,0.0007726328331045806,0.9003313779830933,0.950869619846344,0.9276702404022217,0.0006350338808260858
1,0.9071413278579712,0.9505160450935364,0.9367411136627197,0.0005724439979530871,0.9465316534042358,0.9609792232513428,0.9547631740570068,5.7695931900525466e-05,0.9298450350761414,0.9646798968315125,0.9529638290405273,0.0005170896183699369,0.9176731705665588,0.9554474949836731,0.9434711933135986,0.0004302193410694599
0,0.8768646121025085,0.9306245446205139,0.9291788935661316,0.0019152290187776089,0.9418126344680786,0.9609642028808594,0.9554736614227295,0.00013858020247425884,0.8824238181114197,0.9407393932342529,0.9360172748565674,0.00182526302523911,0.8795871138572693,0.9301531314849854,0.9264349341392517,0.001565937651321292
0,0.9103944301605225,0.9506292939186096,0.9366545677185059,0.0005264754872769117,0.9463633298873901,0.9635074138641357,0.9568484425544739,8.603274181950837e-05,0.9330715537071228,0.9689955711364746,0.9594194889068604,0.00034307761234231293,0.9236536026000977,0.9593112468719482,0.9442234039306641,0.0002914073702413589
1,0.9023978114128113,0.9619301557540894,0.9305832982063293,0.0005245420034043491,0.9436522722244263,0.9600263237953186,0.953987717628479,6.694759213132784e-05,0.9231758117675781,0.9613352417945862,0.9465283155441284,0.0003926608187612146,0.9096231460571289,0.9608412384986877,0.9339881539344788,0.0004048588452860713
0,0.95243239402771,0.9588958024978638,0.9578256607055664,1.983458969334606e-05,0.957268238067627,0.9629255533218384,0.9613326191902161,1.1533861652424093e-05,0.948818027973175,0.955852746963501,0.9543306231498718,4.6167842810973525e-05,0.949347198009491,0.95674067735672,0.9548788070678711,1.7981134078581817e-05
1,0.8300329446792603,0.922385573387146,0.9175890684127808,0.005951182451099157,0.9240310788154602,0.9583995342254639,0.9549244046211243,0.0006341515691019595,0.8477507829666138,0.9208035469055176,0.9170182943344116,0.00415776576846838,0.859889805316925,0.9297809600830078,0.92165607213974,0.003432163503021002
1,0.8677065968513489,0.9352068305015564,0.8993509411811829,0.0007650540792383254,0.9327453374862671,0.9623062610626221,0.9463080167770386,0.0001678099506534636,0.9190166592597961,0.9639074802398682,0.9460040330886841,0.0004591668548528105,0.897296667098999,0.9436026215553284,0.9241609573364258,0.0006111383554525673
0,0.8928275108337402,0.9449197053909302,0.9313791394233704,0.0011046800063923001,0.9446578621864319,0.9639167785644531,0.9614357352256775,0.00017363435472361743,0.9211326241493225,0.9515442848205566,0.9468584656715393,0.00043709034798666835,0.9113444089889526,0.9422783851623535,0.9400844573974609,0.0005578598356805742
1,0.9010908007621765,0.9647517204284668,0.9406054019927979,0.001012116321362555,0.9455068111419678,0.965576171875,0.9583431482315063,0.00014284961798693985,0.9285914301872253,0.9673780202865601,0.9539845585823059,0.0004545866104308516,0.9121439456939697,0.9637512564659119,0.9437987804412842,0.0008028659503906965
0,0.9258951544761658,0.9562487602233887,0.9467737674713135,0.00046783548896200955,0.9521739482879639,0.9596316814422607,0.9585062265396118,2.6582752980175428e-05,0.9361644387245178,0.9645506143569946,0.9480655193328857,0.00017027489957399666,0.9275712966918945,0.9582152962684631,0.947478175163269,0.0004216820525471121
1,0.8858208656311035,0.9372546076774597,0.916385293006897,0.0005738413310609758,0.9393776059150696,0.9632580280303955,0.9530224204063416,0.00011005945270881057,0.9030733704566956,0.9499120116233826,0.9365872144699097,0.001214294694364071,0.8949021697044373,0.9464331269264221,0.9276689887046814,0.0009919534204527736
1,0.8780950307846069,0.9764147400856018,0.9261705279350281,0.00247381255030632,0.9362935423851013,0.9737210273742676,0.9571460485458374,0.0003723667759913951,0.8977088928222656,0.971656858921051,0.9426103830337524,0.002138531534001231,0.894160807132721,0.9657983183860779,0.9335977435112,0.0016488356050103903
0,0.8655932545661926,0.9312466382980347,0.918412446975708,0.0017775723244994879,0.9269545674324036,0.9590286016464233,0.9545362591743469,0.0004803638148587197,0.8964981436729431,0.9531374573707581,0.9347591400146484,0.0012848717160522938,0.8862384557723999,0.9466972947120667,0.9297454357147217,0.0011718303430825472
1,0.880915641784668,0.938068151473999,0.9199764728546143,0.0009954724228009582,0.9370324611663818,0.957198977470398,0.9494720697402954,0.00013276335084810853,0.8954906463623047,0.9568440914154053,0.9328519105911255,0.001475880155339837,0.8893620371818542,0.9426974058151245,0.9241798520088196,0.0012674476020038128
1,0.840410053730011,0.9374369382858276,0.9283840656280518,0.0029986118897795677,0.9256150722503662,0.9598612189292908,0.9557069540023804,0.0003678273060359061,0.8894369602203369,0.9573996663093567,0.948260486125946,0.0018130438402295113,0.8769469261169434,0.9534503221511841,0.9400930404663086,0.0018200228223577142
1,0.9127122759819031,0.9500082731246948,0.9359754920005798,0.00031960493652150035,0.9422550201416016,0.9595518112182617,0.9572391510009766,0.00011639370495686308,0.9389411211013794,0.9646076560020447,0.9538131952285767,0.0001726609334582463,0.926148533821106,0.955872654914856,0.9409080743789673,0.00019485902157612145
1,0.8797239065170288,0.9444838762283325,0.9220287203788757,0.0010391189716756344,0.9423362612724304,0.9655202627182007,0.9574652910232544,0.00010190150351263583,0.928459644317627,0.9639992713928223,0.9502609968185425,0.0002725595550145954,0.9111701846122742,0.9528226256370544,0.936446487903595,0.00035595177905634046
1,0.873125433921814,0.9489309787750244,0.9317800998687744,0.002934703603386879,0.9300206303596497,0.9665757417678833,0.9550389051437378,0.0006232422310858965,0.906132698059082,0.9548136591911316,0.9465303421020508,0.0013862858759239316,0.8928382992744446,0.9467748403549194,0.9337536096572876,0.0016606963472440839
1,0.8632468581199646,0.9252340197563171,0.9127181768417358,0.0019767985213547945,0.9350917935371399,0.9521903991699219,0.9508377909660339,0.00017637803102843463,0.9124307036399841,0.9547107815742493,0.942974328994751,0.0006535715074278414,0.8965198397636414,0.9454018473625183,0.9314334392547607,0.0008622193709015846
1,0.863734245300293,0.9429365396499634,0.909371018409729,0.002531975507736206,0.9271568059921265,0.9674654603004456,0.9461560845375061,0.0004872578429058194,0.9050198793411255,0.9590798616409302,0.9352890849113464,0.000822738220449537,0.8883303999900818,0.9564000964164734,0.920380175113678,0.0012776245130226016
0,0.8841015696525574,0.9269932508468628,0.9136492609977722,0.0006681308732368052,0.942532479763031,0.9597823619842529,0.9516015648841858,6.41744991298765e-05,0.9236173629760742,0.9486773014068604,0.9412016868591309,0.0002558159758336842,0.9106758832931519,0.9414642453193665,0.9287328720092773,0.00024308939464390278
1,0.8817997574806213,0.944156289100647,0.9310797452926636,0.003404020331799984,0.9391050934791565,0.9634526371955872,0.9571889638900757,0.00033072452060878277,0.9229450821876526,0.9641649723052979,0.9503414034843445,0.0010103185195475817,0.9127081036567688,0.9568060636520386,0.9433842301368713,0.001213839277625084
0,0.901692807674408,0.9512478113174438,0.9358507394790649,0.0011981087736785412,0.9477522969245911,0.9642114043235779,0.9596887826919556,0.00011179492867086083,0.920831024646759,0.9539790749549866,0.9411513805389404,0.0003375631640665233,0.9117697477340698,0.9505683779716492,0.9390698671340942,0.0004386303189676255
1,0.9044642448425293,0.9249947667121887,0.9222346544265747,0.0002449596649967134,0.9515781402587891,0.960698127746582,0.9591561555862427,2.6723419068730436e-05,0.9092385172843933,0.9268975257873535,0.9242992401123047,0.00015309645095840096,0.9194183349609375,0.934994101524353,0.93364417552948,0.00011576095130294561
1,0.8658517599105835,0.93446946144104,0.9150395393371582,0.0034956377930939198,0.9380571246147156,0.9599493741989136,0.9514832496643066,0.00023476753267459571,0.9080727696418762,0.9635146260261536,0.9474906325340271,0.00178288365714252,0.8957850933074951,0.9572745561599731,0.9359280467033386,0.002327496651560068
1,0.856776237487793,0.9282125234603882,0.895689070224762,0.001234762603417039,0.9279637336730957,0.9558165669441223,0.9433883428573608,0.00023785934899933636,0.8954593539237976,0.9478578567504883,0.9290928840637207,0.0009352980414405465,0.8859233856201172,0.937414824962616,0.9187926054000854,0.0008931193151511252
1,0.9183667302131653,0.9444369673728943,0.9344647526741028,0.00020721484906971455,0.9462789297103882,0.9607496857643127,0.9508188962936401,2.9860024369554594e-05,0.9356269240379333,0.9569360017776489,0.9504421949386597,0.00015323309344239533,0.9189902544021606,0.9400146007537842,0.9333220720291138,0.00013129788567312062
0,0.9281098246574402,0.9409497976303101,0.9377606511116028,7.903551158960909e-05,0.9519667029380798,0.9630639553070068,0.9593132734298706,4.795846689376049e-05,0.931618869304657,0.9542080760002136,0.9451512098312378,0.0001305754267377779,0.926344633102417,0.9422504901885986,0.9393476247787476,0.00012009151396341622
1,0.8904825448989868,0.9379286766052246,0.9211769104003906,0.0007506658439524472,0.9400954842567444,0.9620193839073181,0.954252302646637,0.00014043512055650353,0.9289289116859436,0.9568029642105103,0.9486427903175354,0.0003031317319255322,0.9151566624641418,0.9442826509475708,0.9330804944038391,0.0002432462206343189
0,0.9051544666290283,0.9321503639221191,0.9267635345458984,0.00024257879704236984,0.9434769153594971,0.957125186920166,0.9517108798027039,4.3520700273802504e-05,0.926268994808197,0.9493299722671509,0.9410029649734497,0.00017296661098953336,0.9188710451126099,0.9403817653656006,0.9313771724700928,0.00014421131345443428
1,0.8901118636131287,0.9426200985908508,0.9289631247520447,0.001302849967032671,0.9431836009025574,0.9619078040122986,0.9567150473594666,0.00012054238322889432,0.9259892702102661,0.962325394153595,0.9464823603630066,0.0004048385308124125,0.9097519516944885,0.9528188109397888,0.9397381544113159,0.000590228009968996
1,0.8706607222557068,0.9430115222930908,0.9198861122131348,0.0020418083295226097,0.9344564080238342,0.960451602935791,0.951612114906311,0.00027795470668934286,0.9208959937095642,0.9657145142555237,0.948261022567749,0.0006104072090238333,0.9047383666038513,0.9589484333992004,0.9347772598266602,0.0006884609465487301
0,0.8026962280273438,0.9310250282287598,0.8901425004005432,0.004000133369117975,0.9159692525863647,0.9672681093215942,0.9469720125198364,0.0005189228686504066,0.8856065273284912,0.9693459868431091,0.929762065410614,0.0014331825077533722,0.870877206325531,0.9695531129837036,0.9182237386703491,0.001434697536751628
0,0.8935243487358093,0.9452171921730042,0.9224819540977478,0.0005801843362860382,0.9441764950752258,0.9623256325721741,0.9558007717132568,7.481958891730756e-05,0.9150964021682739,0.9469769597053528,0.9410246014595032,0.00045073445653542876,0.9143033027648926,0.9489394426345825,0.9401446580886841,0.00038258550921455026
1,0.8691310286521912,0.9475089311599731,0.9264702796936035,0.003354762913659215,0.9341614842414856,0.9634595513343811,0.9560374021530151,0.00047912297304719687,0.8906648755073547,0.9651710391044617,0.9362711906433105,0.0018870355561375618,0.8836247324943542,0.9615611433982849,0.9266709089279175,0.0018562490586191416
1,0.8801488876342773,0.9491254687309265,0.9283384680747986,0.0013574116164818406,0.9345558881759644,0.9622246623039246,0.9525145888328552,0.0002206916396971792,0.8834769129753113,0.9492672085762024,0.9358364343643188,0.0020148607436567545,0.8848578333854675,0.9521631598472595,0.9280723333358765,0.0012240801006555557
1,0.8968174457550049,0.9403842687606812,0.9218823909759521,0.00033161338069476187,0.9422785639762878,0.9596637487411499,0.9532707929611206,8.599880675319582e-05,0.9145567417144775,0.9559803605079651,0.940794825553894,0.0003945036150980741,0.9056476950645447,0.9432430863380432,0.9280538558959961,0.0002674513962119818
1,0.8792859315872192,0.9512205123901367,0.9264973998069763,0.0015128698432818055,0.9364415407180786,0.9675233960151672,0.9558265805244446,0.00037187858833931386,0.8972075581550598,0.9644992351531982,0.9389902949333191,0.0025210236199200153,0.8815876245498657,0.955808162689209,0.940030038356781,0.005098341964185238
1,0.881284773349762,0.9345356225967407,0.9113494753837585,0.0006403987645171583,0.9405605792999268,0.9565626382827759,0.9502317309379578,6.815339293098077e-05,0.9225048422813416,0.9562331438064575,0.9489197134971619,0.0003853724047075957,0.9076577425003052,0.9396588206291199,0.9329575896263123,0.00038794492138549685
0,0.8528982400894165,0.9553313255310059,0.9109801054000854,0.0026861662045121193,0.929571270942688,0.9676081538200378,0.9514117240905762,0.0003984211361967027,0.9119113087654114,0.9681893587112427,0.9467887878417969,0.0005982268485240638,0.8936987519264221,0.9650759696960449,0.9312300682067871,0.0008539360132999718
0,0.9054850339889526,0.9674465656280518,0.9537277817726135,0.00140748533885926,0.9486516118049622,0.9700443148612976,0.9620957970619202,0.00011489457392599434,0.9121355414390564,0.96486496925354,0.9611457586288452,0.001075690845027566,0.910670816898346,0.9641286730766296,0.953715443611145,0.0009105150238610804
1,0.8965171575546265,0.9553561210632324,0.9458847641944885,0.0014913128688931465,0.9452966451644897,0.9614487290382385,0.9551505446434021,8.213858382077888e-05,0.9193019866943359,0.9625235795974731,0.9434911608695984,0.0005830531008541584,0.9120479822158813,0.957105278968811,0.9377253651618958,0.0004946207627654076
1,0.9126416444778442,0.9383268356323242,0.936357855796814,0.00022360635921359062,0.9460083842277527,0.9569194316864014,0.9542176723480225,7.13737026671879e-05,0.9311437606811523,0.9566945433616638,0.9433658123016357,0.00012160786718595773,0.922614574432373,0.9485651254653931,0.9426121115684509,0.00021201418712735176
0,0.8717218637466431,0.9272448420524597,0.8936848640441895,0.00038802140625193715,0.9340938925743103,0.9595737457275391,0.9462335109710693,0.00015915912808850408,0.9165793657302856,0.955284059047699,0.9348797798156738,0.00042192477849312127,0.9041789174079895,0.9459397792816162,0.9278444647789001,0.00031739252153784037
1,0.9390038251876831,0.9542524218559265,0.9480378031730652,7.573831680929288e-05,0.9550269842147827,0.9632046222686768,0.9616199731826782,2.225261960120406e-05,0.940235435962677,0.9523323178291321,0.9518439769744873,0.00012140236503910273,0.9380720257759094,0.9516385197639465,0.946391761302948,6.59368306514807e-05
0,0.9235369563102722,0.9493198394775391,0.946412205696106,0.0003741378604900092,0.9479678869247437,0.960426926612854,0.9542222619056702,4.1514966142131016e-05,0.9303426742553711,0.95733642578125,0.9548976421356201,0.00033096541301347315,0.9245737791061401,0.9496773481369019,0.9450010657310486,0.00036711947177536786
1,0.9108759760856628,0.9521195292472839,0.938363254070282,0.0005051454063504934,0.9480070471763611,0.9612586498260498,0.9575676321983337,6.448921340052038e-05,0.921795129776001,0.9627246856689453,0.9469289183616638,0.0004388350935187191,0.9202746152877808,0.9549505114555359,0.9443479776382446,0.00036133744288235903
0,0.7830470204353333,0.9747012853622437,0.9383126497268677,0.01325754914432764,0.9142482876777649,0.9864460825920105,0.9720945358276367,0.0014833653112873435,0.8806533813476562,0.9959341883659363,0.9890714883804321,0.0047617582604289055,0.8699742555618286,0.9952806234359741,0.9880778193473816,0.005180711857974529
0,0.8602570295333862,0.9202703833580017,0.896920382976532,0.0007572888280265033,0.9337157011032104,0.9557991027832031,0.9451760649681091,7.963131065480411e-05,0.9159263372421265,0.9584417939186096,0.9363077878952026,0.0003351315972395241,0.9013538360595703,0.9425058960914612,0.9226624369621277,0.00026492291362956166
0,0.9037051200866699,0.937375545501709,0.9230097532272339,0.00037831722875125706,0.9494614601135254,0.9639190435409546,0.9562281966209412,5.107808829052374e-05,0.9262380003929138,0.9617494344711304,0.9456459283828735,0.000263889116467908,0.9136195182800293,0.9470660090446472,0.9346832036972046,0.00037189017166383564
1,0.9232553839683533,0.9545474648475647,0.9409085512161255,0.0002441538090351969,0.9522683024406433,0.9676610231399536,0.9635295271873474,9.529764065518975e-05,0.9348989725112915,0.9693034291267395,0.9541473984718323,0.0003186334506608546,0.9283649921417236,0.9553760290145874,0.9461111426353455,0.00022433842241298407
0,0.8948811888694763,0.9373630881309509,0.9266319274902344,0.0007467535324394703,0.9436119794845581,0.9572747349739075,0.9547525644302368,9.250795119442046e-05,0.9221503734588623,0.9601634740829468,0.9494890570640564,0.0008317928877659142,0.905944287776947,0.9455578923225403,0.9307433366775513,0.0007351688109338284
1,0.8516290783882141,0.9391259551048279,0.9076464772224426,0.0016793350223451853,0.9291719198226929,0.9509407877922058,0.9441684484481812,0.00015676672046538442,0.916723906993866,0.9559571146965027,0.9433795213699341,0.0004345834022387862,0.8949072957038879,0.9433521628379822,0.9258120656013489,0.0006676450720988214
1,0.9048061370849609,0.9587920308113098,0.9527315497398376,0.0013265713350847363,0.9456732273101807,0.9679006338119507,0.9649532437324524,0.00027995705022476614,0.9234945774078369,0.9600756168365479,0.9516317248344421,0.0004704607417806983,0.9092794060707092,0.9582791924476624,0.9523492455482483,0.0009951461106538773
1,0.8273124098777771,0.9230283498764038,0.8718148469924927,0.0015841515269130468,0.9234833717346191,0.9504712820053101,0.9416643977165222,0.00021835294319316745,0.8958336114883423,0.9440625905990601,0.929699182510376,0.0008564062300138175,0.8717602491378784,0.933650553226471,0.9063077569007874,0.0007547706482000649
0,0.8748385906219482,0.9410125017166138,0.9214917421340942,0.0013102252269163728,0.9365535974502563,0.9604642987251282,0.9560575485229492,0.0002145163161912933,0.8987888693809509,0.9472861289978027,0.9329403042793274,0.0008705027285031974,0.8866086006164551,0.9429286122322083,0.9255993366241455,0.0008165370672941208
1,0.860852837562561,0.9308925867080688,0.9180925488471985,0.002192119136452675,0.9261433482170105,0.9555124640464783,0.9553064107894897,0.0003697608190122992,0.8860934972763062,0.9299321174621582,0.9178721904754639,0.0009678513742983341,0.8834654688835144,0.925154447555542,0.9206598997116089,0.0009302717517130077
1,0.8876881003379822,0.956341028213501,0.9367505311965942,0.0015510431258007884,0.9355030655860901,0.9640203714370728,0.9555634260177612,0.00026790969423018396,0.9158722162246704,0.9784705638885498,0.9538940787315369,0.0009546478395350277,0.8993238806724548,0.9668715000152588,0.9413878321647644,0.001089947996661067
1,0.857049822807312,0.9574470520019531,0.9091678857803345,0.002055875025689602,0.9290346503257751,0.9739877581596375,0.9538913369178772,0.0004040845378767699,0.862536609172821,0.9651028513908386,0.9189574122428894,0.002473126631230116,0.8899004459381104,0.9632225036621094,0.9341295957565308,0.0013903488870710135
1,0.9122641086578369,0.9415979385375977,0.9309890866279602,0.0003249821893405169,0.9454502463340759,0.9541488289833069,0.9532122611999512,9.354063513455912e-05,0.92987060546875,0.9427746534347534,0.9411123394966125,8.460881508653983e-05,0.924888551235199,0.9387645125389099,0.9355788230895996,8.487895684083924e-05
1,0.9044687151908875,0.9490929245948792,0.9270252585411072,0.0003503261541482061,0.9486978650093079,0.9600245952606201,0.9578360915184021,4.898095357930288e-05,0.9189435243606567,0.9573639631271362,0.9403302669525146,0.00031784657039679587,0.9134377837181091,0.9479361772537231,0.9356429576873779,0.0002753676089923829
1,0.918651282787323,0.948765754699707,0.9426475763320923,0.0003926680947188288,0.9501408934593201,0.9612250924110413,0.9577256441116333,3.700143497553654e-05,0.9291111826896667,0.9576226472854614,0.9524601101875305,0.000263100751908496,0.9192798137664795,0.9560458064079285,0.945047914981842,0.00039318299968726933
0,0.8988930583000183,0.9426413774490356,0.9226284027099609,0.0003445722395554185,0.944792628288269,0.9597540497779846,0.954210638999939,7.290978101082146e-05,0.919170081615448,0.9609560966491699,0.9428960084915161,0.00046025935444049537,0.912240743637085,0.9515315890312195,0.9310891628265381,0.00025778665440157056
0,0.8504040241241455,0.9355714321136475,0.9293096661567688,0.004095371346920729,0.9239706993103027,0.9593709111213684,0.9536966681480408,0.00059694261290133,0.8908384442329407,0.9557760953903198,0.9370226860046387,0.0016805168706923723,0.8676456212997437,0.9438619613647461,0.9305875301361084,0.0028053380083292723
1,0.8808301091194153,0.9291864633560181,0.9155414700508118,0.00089323113206774,0.9433012008666992,0.9611460566520691,0.954270601272583,9.034455433720723e-05,0.9224839806556702,0.9567798376083374,0.9439496397972107,0.0003444789908826351,0.9052615761756897,0.9464679956436157,0.9323825240135193,0.0004197907692287117
0,0.8729005455970764,0.9231917858123779,0.8961269855499268,0.00037119726766832173,0.9344860911369324,0.9548622369766235,0.9465405941009521,0.00011080184776801616,0.9088749289512634,0.9493853449821472,0.9356028437614441,0.0004051036958117038,0.8895559906959534,0.933154821395874,0.9181919097900391,0.0005072865169495344
1,0.8667933940887451,0.9309473037719727,0.9127557277679443,0.0011837983038276434,0.9364616274833679,0.9554914832115173,0.9493547677993774,0.00011373402230674401,0.9175235629081726,0.9581893682479858,0.9476019740104675,0.0005704177892766893,0.8948776125907898,0.9399729371070862,0.9250234365463257,0.0006585700903087854
0,0.8403646945953369,0.938363254070282,0.9193097352981567,0.0074690249748528,0.921133279800415,0.9599186182022095,0.9500542879104614,0.0008891539182513952,0.8971222639083862,0.956801176071167,0.9376084804534912,0.001969260862097144,0.8816519975662231,0.9445721507072449,0.9232760667800903,0.001713345292955637
1,0.8737134337425232,0.9259663820266724,0.9070215225219727,0.0009068459039554,0.9365924596786499,0.9558769464492798,0.9496492147445679,0.00016149351722560823,0.9159417748451233,0.9595919251441956,0.9415376782417297,0.0006700576632283628,0.9060246348381042,0.9449898600578308,0.9284283518791199,0.00036592790274880826
1,0.8601135015487671,0.9359493851661682,0.9110070466995239,0.0017127147875726223,0.9273005127906799,0.9586393237113953,0.949253261089325,0.0003390653873793781,0.9186672568321228,0.9574753046035767,0.9454377889633179,0.0005552635993808508,0.9010799527168274,0.942766547203064,0.9300495386123657,0.0005020398530177772
0,0.8988684415817261,0.9604986906051636,0.9498551487922668,0.002574611222371459,0.9450514912605286,0.9594136476516724,0.9558597803115845,0.00015477885608561337,0.9226816892623901,0.9647971391677856,0.9564211964607239,0.001063042669557035,0.9150571227073669,0.9643694162368774,0.9526184797286987,0.0013696668902412057
0,0.878281831741333,0.9378891587257385,0.9215907454490662,0.0012536798603832722,0.9340587854385376,0.9642238020896912,0.9541982412338257,0.0003367401659488678,0.9220452904701233,0.961238443851471,0.9525543451309204,0.0006510854000225663,0.9087021946907043,0.9503663182258606,0.9406218528747559,0.0006769293686375022
1,0.8529968857765198,0.9449081420898438,0.9132795333862305,0.003867624094709754,0.9271062016487122,0.9563370943069458,0.9490326642990112,0.0005551956710405648,0.8918678164482117,0.9506659507751465,0.9378170967102051,0.0019423422636464238,0.8810954689979553,0.9458773136138916,0.9217293858528137,0.0015642934013158083
1,0.8515766859054565,0.9276095628738403,0.9071022272109985,0.0023284447379410267,0.9276013374328613,0.9588634967803955,0.9507780075073242,0.0004183525452390313,0.8984271883964539,0.9563199281692505,0.9428479075431824,0.0013941634679213166,0.8880646824836731,0.9343242645263672,0.9237121343612671,0.0009111124090850353
0,0.8990806341171265,0.9534503817558289,0.9188595414161682,0.0003359262482263148,0.9468076825141907,0.968197226524353,0.9541563391685486,4.848513344768435e-05,0.9305328130722046,0.9706333875656128,0.9522403478622437,0.00040705749415792525,0.9148960709571838,0.964059591293335,0.9370126128196716,0.0004056794277857989
1,0.9100370407104492,0.9585511684417725,0.931414008140564,0.00046780938282608986,0.9487487077713013,0.9631307125091553,0.9609444737434387,7.43758719181642e-05,0.9210611581802368,0.967705249786377,0.9385631680488586,0.000372825947124511,0.9126905202865601,0.9600075483322144,0.930779218673706,0.0003728849987965077
1,0.8644410371780396,0.9461221694946289,0.9117165207862854,0.0022892470005899668,0.9300180673599243,0.9609960317611694,0.9498932957649231,0.0004916251637041569,0.9030809998512268,0.9552143216133118,0.9389830827713013,0.0007841147016733885,0.893282413482666,0.9492843151092529,0.9234794974327087,0.0008630181546323001
1,0.861248791217804,0.9448797702789307,0.9181925654411316,0.0013684239238500595,0.9379153847694397,0.9639772176742554,0.9544411897659302,0.00014488850138150156,0.9185538291931152,0.9600704908370972,0.9449260830879211,0.00037223836989142,0.8931475877761841,0.9488621950149536,0.9291667938232422,0.0006200818461365998
1,0.8463091254234314,0.9133833050727844,0.8950021266937256,0.0017841886729001999,0.92683345079422,0.9501961469650269,0.945267915725708,0.00018554476264398545,0.8979456424713135,0.9513984322547913,0.937422513961792,0.0010932295117527246,0.8874644637107849,0.9439412355422974,0.926224946975708,0.0010434603318572044
1,0.8787797689437866,0.9348450303077698,0.917010486125946,0.0010952143929898739,0.9402167201042175,0.9615336060523987,0.9520535469055176,0.00011345362872816622,0.909773588180542,0.9613242745399475,0.9410590529441833,0.000559358682949096,0.8986155390739441,0.945171058177948,0.9310166835784912,0.0006357163074426353
0,0.9156635999679565,0.9460785984992981,0.9367357492446899,0.0004618006350938231,0.9506889581680298,0.9615676403045654,0.9578207731246948,3.665518670459278e-05,0.9319778680801392,0.9660967588424683,0.9535282850265503,0.0005981842405162752,0.9273504614830017,0.9509672522544861,0.9441102147102356,0.00023501536634285003
0,0.9100664854049683,0.9518351554870605,0.9483503699302673,0.002033485332503915,0.9487409591674805,0.9624240398406982,0.9613908529281616,9.432284423382953e-05,0.9100282192230225,0.9557480216026306,0.9513132572174072,0.0019484582589939237,0.9153687953948975,0.9553211331367493,0.9498019218444824,0.0013313828967511654
0,0.9023517370223999,0.939015805721283,0.9333893060684204,0.0006309940363280475,0.9464863538742065,0.9578039646148682,0.9565570950508118,9.099469025386497e-05,0.9252709746360779,0.9562509059906006,0.9489554166793823,0.00033945395261980593,0.9100461602210999,0.945462703704834,0.9386002421379089,0.0006118472665548325
1,0.9351828694343567,0.9508755207061768,0.9499499797821045,0.00013994531764183193,0.9564564824104309,0.9685903787612915,0.9642497301101685,6.194274465087801e-05,0.9356017112731934,0.9595575332641602,0.9563446640968323,0.0003139879845548421,0.9329478144645691,0.9506049752235413,0.9501135349273682,0.00018911235383711755
1,0.9349685907363892,0.9563672542572021,0.9491204023361206,0.0001533574250061065,0.9602986574172974,0.9655510187149048,0.96449875831604,1.2777711162925698e-05,0.9422262907028198,0.9580866098403931,0.9528115391731262,8.593200618634e-05,0.9360145330429077,0.9561940431594849,0.9489110112190247,0.00012079045700374991
1,0.8709920048713684,0.9628781676292419,0.9183552265167236,0.0027873495128005743,0.9338776469230652,0.9683946371078491,0.9513536095619202,0.00032859406201168895,0.9032896161079407,0.9692679643630981,0.9399795532226562,0.0024195644073188305,0.8915526866912842,0.9681565761566162,0.9268535375595093,0.0018572096014395356
0,0.8946330547332764,0.9418574571609497,0.9288597106933594,0.0012955942656844854,0.9398283958435059,0.9600054025650024,0.952987790107727,0.0001670304627623409,0.9161067605018616,0.9497374296188354,0.9371911287307739,0.00045921397395431995,0.9094981551170349,0.9485940337181091,0.9323223233222961,0.0006072173127904534
1,0.8652333617210388,0.9488877058029175,0.9148051738739014,0.0027387887239456177,0.9313162565231323,0.9649104475975037,0.9531777501106262,0.00034705555299296975,0.894619345664978,0.9577460885047913,0.9374957084655762,0.001845560735091567,0.8871880769729614,0.9547573924064636,0.9238430857658386,0.0013147579738870263
1,0.8586071133613586,0.9379562139511108,0.9308498501777649,0.003389867953956127,0.9366301894187927,0.9559093713760376,0.950934648513794,0.00022141981753520668,0.9014680981636047,0.9566962718963623,0.9493377804756165,0.0013992112362757325,0.886835515499115,0.9439301490783691,0.9346663355827332,0.00123123312368989
1,0.9055942893028259,0.9388100504875183,0.9334143996238708,0.0010744129540398717,0.9446538090705872,0.9586750864982605,0.9561646580696106,0.00010365789785282686,0.9256754517555237,0.9635817408561707,0.9527841210365295,0.0006608994444832206,0.9163209795951843,0.9493113160133362,0.9429312944412231,0.0007879081531427801
1,0.8999895453453064,0.9477680921554565,0.9340479373931885,0.0013903692597523332,0.9419411420822144,0.9662160873413086,0.9565004110336304,0.00018054424435831606,0.9040770530700684,0.9460855722427368,0.9349160194396973,0.0008021857938729227,0.901027500629425,0.9480647444725037,0.9339452981948853,0.0009925712365657091
1,0.8191091418266296,0.9507969617843628,0.9355844855308533,0.006976761389523745,0.9112586379051208,0.9668741226196289,0.9624010324478149,0.0011496003717184067,0.8502612709999084,0.9410547614097595,0.9143363237380981,0.004066564608365297,0.8607383966445923,0.9477733373641968,0.9393525719642639,0.0027065894100815058
1,0.8580294251441956,0.9409698247909546,0.9280686974525452,0.00723049184307456,0.9361473321914673,0.9644819498062134,0.9565594792366028,0.00043811940122395754,0.9019854664802551,0.9599794745445251,0.9458507299423218,0.002701102988794446,0.8930523991584778,0.9497502446174622,0.9397520422935486,0.00191329640801996
1,0.8898860216140747,0.9389654397964478,0.9254836440086365,0.0008016017382033169,0.9409170746803284,0.9571918249130249,0.9536399245262146,8.019766391953453e-05,0.9084060192108154,0.9470542669296265,0.9324843883514404,0.00046990139526315033,0.9005954265594482,0.940034031867981,0.9240150451660156,0.0003305109858047217
1,0.8762474060058594,0.9499562978744507,0.9195663332939148,0.0015405846061185002,0.9353103637695312,0.9655929803848267,0.9514022469520569,0.00017202759045176208,0.9021203517913818,0.9560642838478088,0.9327008724212646,0.0008147409535013139,0.8959307670593262,0.9523686170578003,0.9311105012893677,0.0009808425093069673
1,0.9150789380073547,0.9483819007873535,0.9415169954299927,0.0004370101378299296,0.954373300075531,0.9662494659423828,0.9609260559082031,4.165709833614528e-05,0.9391703009605408,0.9666672348976135,0.9564447402954102,0.0002610291703604162,0.9219772219657898,0.9549196362495422,0.9409275650978088,0.000265914190094918
0,0.8427643775939941,0.955429196357727,0.9377341270446777,0.008949275128543377,0.9348854422569275,0.9622622728347778,0.9593670964241028,0.0005108821205794811,0.8780685067176819,0.9589012861251831,0.9483811259269714,0.0036410759203135967,0.8731774091720581,0.9521602392196655,0.9388993382453918,0.0031550575513392687
1,0.8738256692886353,0.9542733430862427,0.9239364266395569,0.0025060793850570917,0.933616042137146,0.9658696055412292,0.953399121761322,0.00039294164162129164,0.9218478202819824,0.972471296787262,0.950711727142334,0.0009034752729348838,0.904303252696991,0.9651045799255371,0.9394662380218506,0.0009455554536543787
1,0.9185789227485657,0.9489794969558716,0.9452428817749023,0.00045166013296693563,0.9520475268363953,0.9691181182861328,0.9633842706680298,9.136948938248679e-05,0.9384779930114746,0.9687808156013489,0.9526084661483765,0.00025855557760223746,0.9238629937171936,0.9445587396621704,0.9414766430854797,0.00021479667339008301
0,0.9247843027114868,0.9477783441543579,0.9433863162994385,0.00019823711772914976,0.9569544196128845,0.9602503776550293,0.959526538848877,7.800177627359517e-06,0.924180269241333,0.9385251998901367,0.9333087205886841,0.00015537456783931702,0.925254225730896,0.9462375640869141,0.9423185586929321,0.00015875465760473162
1,0.912826657295227,0.9468176960945129,0.9395958185195923,0.000567016308195889,0.952063262462616,0.9606882333755493,0.9596079587936401,4.3932406697422266e-05,0.9207565188407898,0.952671229839325,0.9487779140472412,0.0005434195045381784,0.9210853576660156,0.9464150667190552,0.9430426955223083,0.00030707812402397394
1,0.9142897725105286,0.9506974220275879,0.9342193603515625,0.0002702648926060647,0.9503078460693359,0.9639058709144592,0.9603732228279114,5.576113471761346e-05,0.9339054822921753,0.955466091632843,0.9484956860542297,0.00011893203918589279,0.924738347530365,0.9560301303863525,0.9411242604255676,0.00015575405268464237
0,0.8735204339027405,0.932917594909668,0.9133020639419556,0.0010535056935623288,0.9396165013313293,0.971869945526123,0.9530051946640015,0.00012915418483316898,0.9086774587631226,0.9585603475570679,0.9412194490432739,0.0006662947125732899,0.8993721008300781,0.9468390345573425,0.9295254349708557,0.0005573383532464504
1,0.8436009287834167,0.9491152763366699,0.9069828987121582,0.004454765468835831,0.9272929430007935,0.9625571370124817,0.948948323726654,0.00040194502798840404,0.8808320164680481,0.9480113387107849,0.9353085160255432,0.0027215753216296434,0.8717920184135437,0.9494519829750061,0.9256598949432373,0.0028444670606404543
1,0.8521531820297241,0.9366171360015869,0.8978933691978455,0.0021144631318747997,0.9265615344047546,0.9643986225128174,0.9452510476112366,0.0003568374377209693,0.8955088257789612,0.9507620334625244,0.9330479502677917,0.0009323872509412467,0.8823886513710022,0.9576539397239685,0.9179906845092773,0.001046092133037746
0,0.9376972913742065,0.9504294395446777,0.9479696750640869,5.759887062595226e-05,0.9527075886726379,0.9591357707977295,0.959007203578949,1.9780254660872743e-05,0.9449949860572815,0.9659427404403687,0.9589255452156067,0.00010606083378661424,0.9302350878715515,0.9534192681312561,0.9474417567253113,0.00014083454152569175
1,0.9040344953536987,0.9462788105010986,0.9361499547958374,0.0005554089439101517,0.9449276924133301,0.9647496938705444,0.9562662839889526,0.000102548161521554,0.9217822551727295,0.9482524394989014,0.9426151514053345,0.00029087200528010726,0.9103939533233643,0.9441791772842407,0.9359748363494873,0.00039121718145906925
1,0.8791396617889404,0.9682644009590149,0.924375057220459,0.0023006999399513006,0.933839738368988,0.9612439274787903,0.9519965648651123,0.00044790393440052867,0.91128009557724,0.9694119095802307,0.9445143342018127,0.0008560238056816161,0.9019331932067871,0.9742844700813293,0.9365543723106384,0.0009345468715764582
0,0.8859478235244751,0.9457947015762329,0.9256737232208252,0.0010977116180583835,0.9438996315002441,0.9593136310577393,0.9560768008232117,9.123131167143583e-05,0.9164382219314575,0.9466688632965088,0.9429603219032288,0.0006618777406401932,0.9088774919509888,0.9465090036392212,0.9413867592811584,0.0006317525985650718
1,0.8837507963180542,0.9533394575119019,0.9293619394302368,0.0016929435078054667,0.9399021863937378,0.962772011756897,0.953639566898346,0.00013592773757409304,0.913692831993103,0.9694566130638123,0.9502425789833069,0.0010570995509624481,0.9061158895492554,0.9560739398002625,0.9393978714942932,0.0007606793660670519
0,0.8878626227378845,0.9438830614089966,0.9171976447105408,0.0007648048340342939,0.9429019689559937,0.9643595814704895,0.9501107931137085,6.752916669938713e-05,0.9040624499320984,0.9424235820770264,0.928223729133606,0.000570121337659657,0.8931289911270142,0.945773184299469,0.9258090853691101,0.0006256952183321118
1,0.8392630219459534,0.9476314187049866,0.9084326028823853,0.005662582349032164,0.9241112470626831,0.9647565484046936,0.953661322593689,0.0008393122116103768,0.8695378303527832,0.9638482928276062,0.9319769144058228,0.005294724367558956,0.8739407062530518,0.9597797393798828,0.9283567667007446,0.00396592915058136
0,0.9340394735336304,0.9479696750640869,0.9442521333694458,0.00011410989100113511,0.9580948948860168,0.965424656867981,0.9648938179016113,1.9323673768667504e-05,0.9410281181335449,0.9579030871391296,0.955771267414093,0.00013775879051536322,0.9322934150695801,0.9506829380989075,0.9454970955848694,0.0001310699590248987
1,0.8690530061721802,0.9568588137626648,0.9190682768821716,0.0015511084347963333,0.9343567490577698,0.9595546126365662,0.9484974145889282,0.0001385209325235337,0.9059123396873474,0.9657337069511414,0.9465594291687012,0.001508506597019732,0.8992862105369568,0.9601194858551025,0.9360884428024292,0.0010060452623292804
1,0.8657224774360657,0.9545588493347168,0.9025264978408813,0.0016803659964352846,0.9328200221061707,0.9634069204330444,0.9433043599128723,0.00019306667672935873,0.9024985432624817,0.9584528207778931,0.9404876232147217,0.0015074892435222864,0.8909010291099548,0.9554551839828491,0.9316410422325134,0.0017031481256708503
0,0.9038207530975342,0.9401031732559204,0.9323886036872864,0.00035335333086550236,0.9415276646614075,0.9616110920906067,0.9513044953346252,7.532719610026106e-05,0.9182590246200562,0.954444408416748,0.9461739659309387,0.0005088478792458773,0.910668671131134,0.9481087327003479,0.9391666650772095,0.0004870543780270964
1,0.9210125803947449,0.9490476250648499,0.9360787272453308,0.00016862367920111865,0.951971173286438,0.9647146463394165,0.9586882591247559,2.5709545298013836e-05,0.9193570017814636,0.9545307159423828,0.9371323585510254,0.00023325499205384403,0.919160008430481,0.9473165273666382,0.9413354992866516,0.00022048046230338514
1,0.8857430815696716,0.9476678371429443,0.9334855079650879,0.001477066776715219,0.9465008974075317,0.9646739959716797,0.9608232975006104,0.00012728679575957358,0.9042527079582214,0.9451160430908203,0.9405795335769653,0.0007054822635836899,0.9068085551261902,0.9485926628112793,0.9364798069000244,0.0006437220727093518
0,0.9045267701148987,0.945792555809021,0.9371174573898315,0.0005342132644727826,0.9459717869758606,0.9608737230300903,0.9587233662605286,7.5991076300852e-05,0.9306782484054565,0.9639122486114502,0.9564411640167236,0.0003881292068399489,0.9153748750686646,0.9480496644973755,0.9406841397285461,0.0004504211829043925
0,0.898269772529602,0.9274568557739258,0.9233842492103577,0.0004018957552034408,0.946308434009552,0.9588208198547363,0.9561316967010498,8.021231042221189e-05,0.9184557199478149,0.9446251392364502,0.9389187693595886,0.000255752558587119,0.9063169360160828,0.9352683424949646,0.9302678108215332,0.0003549587563611567
1,0.9061770439147949,0.9443312883377075,0.9380950927734375,0.00046289502643048763,0.9452464580535889,0.9582757949829102,0.9546032547950745,5.371876250137575e-05,0.9224026799201965,0.9492169618606567,0.947234034538269,0.0005790002178400755,0.9148890376091003,0.9507534503936768,0.9425697922706604,0.0005255865398794413
0,0.9157864451408386,0.9488946199417114,0.937125027179718,0.0003335918008815497,0.9507319331169128,0.9649525880813599,0.9601156115531921,5.865455023013055e-05,0.928152859210968,0.9596346616744995,0.9495639801025391,0.0003390402707736939,0.9210066795349121,0.9552357196807861,0.9412246942520142,0.00041160822729580104
1,0.8698197603225708,0.9299225211143494,0.9074884653091431,0.0009007087210193276,0.9362894892692566,0.9563313126564026,0.9498590230941772,0.00012406590394675732,0.9154543280601501,0.9539583921432495,0.9363587498664856,0.0002811704471241683,0.8965814709663391,0.938831627368927,0.920284628868103,0.0002975137031171471
0,0.8657848834991455,0.9334315061569214,0.9153662323951721,0.0017732593696564436,0.9342007040977478,0.9618673920631409,0.9540387988090515,0.000313864613417536,0.9102013111114502,0.9549931287765503,0.948482096195221,0.0014640848385170102,0.8925290107727051,0.9412356019020081,0.9292407631874084,0.0013974581379443407
1,0.8691636919975281,0.9713687300682068,0.9301965832710266,0.004180202726274729,0.932795524597168,0.9725080132484436,0.9563709497451782,0.00046518706949427724,0.900627613067627,0.9725611209869385,0.9401572942733765,0.0015369098400697112,0.8865836262702942,0.9677764177322388,0.932642936706543,0.001753390533849597
0,0.8610791563987732,0.935409426689148,0.9245572686195374,0.005904719233512878,0.9313852190971375,0.9576853513717651,0.954582154750824,0.0008156734984368086,0.8937357068061829,0.9416192770004272,0.9281919002532959,0.0013355935225263238,0.8757197260856628,0.9326727986335754,0.9204561114311218,0.002769051818177104
1,0.8641237616539001,0.9508019089698792,0.9124642610549927,0.0022653909400105476,0.9340049028396606,0.9606238603591919,0.9465759992599487,0.00014317317982204258,0.9132291078567505,0.9573511481285095,0.9494491815567017,0.0009311797330155969,0.8979863524436951,0.9545525312423706,0.9301832318305969,0.0009451321675442159
1,0.8802781105041504,0.9290255904197693,0.912403404712677,0.0007087365374900401,0.944855272769928,0.9663512706756592,0.9550728797912598,7.955593900987878e-05,0.9150916337966919,0.9569912552833557,0.9393832087516785,0.0004569805460050702,0.9000898003578186,0.9461544156074524,0.9297942519187927,0.0006008421769365668
0,0.8988621830940247,0.9442861676216125,0.9365985989570618,0.0006388429901562631,0.943929135799408,0.9600147008895874,0.9587799310684204,0.0001278018025914207,0.9167455434799194,0.9576029777526855,0.9473887085914612,0.000612937263213098,0.9074215292930603,0.9501506686210632,0.9428366422653198,0.0007085634279064834
0,0.9044495224952698,0.9425377249717712,0.9294298887252808,0.00034759132540784776,0.9518174529075623,0.9603365659713745,0.9591620564460754,2.7180189135833643e-05,0.9237672686576843,0.9467450380325317,0.9444063901901245,0.00022303240257315338,0.9128583073616028,0.9467612504959106,0.9354787468910217,0.00023471259919460863
1,0.8219800591468811,0.9250437021255493,0.9213299751281738,0.006392213981598616,0.9169367551803589,0.9579182267189026,0.9515880346298218,0.0008205148624256253,0.8914400935173035,0.9449723958969116,0.9413383603096008,0.001404899056069553,0.8816949725151062,0.9400294423103333,0.9320935010910034,0.0014559219125658274
1,0.8992119431495667,0.9412754774093628,0.9385659098625183,0.001110976911149919,0.944933295249939,0.9614762663841248,0.9596765637397766,0.00014041687245480716,0.917624831199646,0.9394545555114746,0.9382672905921936,0.0003571989946067333,0.9107299447059631,0.9462592601776123,0.9385694265365601,0.0005550153437070549
1,0.851946234703064,0.9290903806686401,0.9081326127052307,0.004190836101770401,0.9210341572761536,0.950149655342102,0.946751594543457,0.0006855718675069511,0.8972195386886597,0.9506281614303589,0.9362410306930542,0.0013510789722204208,0.8870823979377747,0.9441369771957397,0.9239286184310913,0.0013739620335400105
1,0.8758826851844788,0.9316157698631287,0.919249951839447,0.0010521139483898878,0.9346325993537903,0.9662472605705261,0.9530041217803955,0.000161652933456935,0.9014096856117249,0.9479389786720276,0.9327419400215149,0.0006293582264333963,0.8987557291984558,0.945834755897522,0.9275456666946411,0.0005558645934797823
1,0.920494019985199,0.9496939778327942,0.9429880380630493,0.0002476487134117633,0.9492203593254089,0.9616765975952148,0.9607608318328857,8.39778731460683e-05,0.9206123352050781,0.9488126039505005,0.939608097076416,0.00023622794833499938,0.9174221158027649,0.9440104961395264,0.9368383288383484,0.00022910723055247217
1,0.8680112361907959,0.9513002634048462,0.9059977531433105,0.001261805184185505,0.9373971223831177,0.960588812828064,0.9500136375427246,0.00016784184845164418,0.9046351313591003,0.9693498015403748,0.9315073490142822,0.000611565716098994,0.8862837553024292,0.9639372825622559,0.9177781343460083,0.0007502718362957239
0,0.8964253664016724,0.9510917067527771,0.9291873574256897,0.000618309888523072,0.9440754652023315,0.9613795876502991,0.9575775861740112,0.00010789134103106335,0.9238383173942566,0.9646778702735901,0.9442397952079773,0.0003210317809134722,0.9134600758552551,0.9501770734786987,0.9382979869842529,0.0003794842632487416
1,0.8247684836387634,0.9334903359413147,0.8930222988128662,0.004797583911567926,0.9248887300491333,0.9550852179527283,0.9430476427078247,0.00031485053477808833,0.8677584528923035,0.934475302696228,0.9214397668838501,0.0031122888904064894,0.8733287453651428,0.946077287197113,0.9183891415596008,0.0019265359733253717
1,0.8850657343864441,0.9470117092132568,0.9382529258728027,0.001583375851623714,0.9419069290161133,0.960188627243042,0.9547992944717407,0.00012357575178612024,0.9197697043418884,0.9635080695152283,0.9577819108963013,0.0006309485179372132,0.8990888595581055,0.9564135670661926,0.9493306875228882,0.001144911628216505
1,0.8839240670204163,0.9423683285713196,0.9211142063140869,0.0009201376815326512,0.9365901947021484,0.9613990783691406,0.9501498937606812,0.00013708790356758982,0.9085369110107422,0.9679365158081055,0.9380539059638977,0.0005474466597661376,0.9017301201820374,0.9550799131393433,0.9323115944862366,0.0004876373568549752
1,0.9091395735740662,0.9629402756690979,0.9361189007759094,0.0004296250408515334,0.9447501301765442,0.9680494070053101,0.9562991857528687,7.933113374747336e-05,0.9259886741638184,0.964769184589386,0.9490694999694824,0.00042055657831951976,0.9089978337287903,0.9578115940093994,0.9345669150352478,0.00048373121535405517
1,0.8778793811798096,0.9478294849395752,0.916355311870575,0.000908477755729109,0.9363004565238953,0.9571966528892517,0.9499001502990723,0.00014996477693784982,0.9122490286827087,0.9680039286613464,0.939197838306427,0.0006167458486743271,0.9003471732139587,0.9536750316619873,0.9316694140434265,0.00055520492605865
1,0.8838933110237122,0.9224481582641602,0.9137041568756104,0.0004993784241378307,0.9481468200683594,0.9614298939704895,0.9577116370201111,5.8392008213559166e-05,0.8999765515327454,0.9404051303863525,0.9255596995353699,0.00040512060513719916,0.9028280973434448,0.9303380250930786,0.9251579642295837,0.0003043015021830797
1,0.8639633655548096,0.9387584924697876,0.9223830103874207,0.002395084360614419,0.9290938377380371,0.9601675868034363,0.952438235282898,0.0003835401148535311,0.9044279456138611,0.9562950134277344,0.9436360597610474,0.001147044007666409,0.8946532607078552,0.946923017501831,0.9312639832496643,0.0009917051065713167
0,0.839605987071991,0.9166761040687561,0.9019882082939148,0.004749790765345097,0.9209403991699219,0.9504052400588989,0.9457669854164124,0.0008407254936173558,0.8771458864212036,0.9437008500099182,0.9300742149353027,0.001950115547515452,0.8636434674263,0.9345333576202393,0.920295000076294,0.001962528098374605
1,0.8342373967170715,0.9433063864707947,0.8906788229942322,0.002989434404298663,0.9237549304962158,0.9518808722496033,0.942086935043335,0.0002495355438441038,0.8999229669570923,0.9651193022727966,0.9364293813705444,0.0015435053501278162,0.8879004120826721,0.9532893300056458,0.9238634705543518,0.0008907238370738924
1,0.883184552192688,0.9543452858924866,0.9275554418563843,0.0012417053803801537,0.9407034516334534,0.9618382453918457,0.9535001516342163,0.0001241200661752373,0.8962303400039673,0.963554859161377,0.9196301102638245,0.0006672785384580493,0.8966689109802246,0.9526065587997437,0.925154447555542,0.0004968901630491018
1,0.8745562434196472,0.9413829445838928,0.9302269816398621,0.0024188344832509756,0.9334827661514282,0.9602713584899902,0.9550508260726929,0.00035730170202441514,0.905593752861023,0.9493944048881531,0.9433608651161194,0.0012192917056381702,0.8904634714126587,0.9420090317726135,0.9322041273117065,0.001122209127061069
0,0.906944751739502,0.9461784362792969,0.9409042596817017,0.0006529636448249221,0.9458197355270386,0.9630268812179565,0.9566806554794312,0.00010299086716258898,0.9344061613082886,0.9656344652175903,0.957427978515625,0.0004749636282213032,0.9232262372970581,0.9559851288795471,0.9537925124168396,0.0005979216075502336
1,0.8994982838630676,0.9449406862258911,0.9402616620063782,0.0006292314501479268,0.9429300427436829,0.9629566669464111,0.9603596925735474,0.00012037040141876787,0.9108297228813171,0.9485949873924255,0.9404323101043701,0.0003872102533932775,0.9057733416557312,0.9476456046104431,0.9425070881843567,0.00052945117931813
0,0.877414882183075,0.9432647824287415,0.9307945966720581,0.0022690328769385815,0.9433861374855042,0.9663907885551453,0.9586836695671082,0.00020428125571925193,0.9033017158508301,0.9572280645370483,0.9487306475639343,0.001778703066520393,0.8960273265838623,0.9479578733444214,0.942527711391449,0.0017145090969279408
0,0.8499138951301575,0.9090802669525146,0.8941224217414856,0.0013917905744165182,0.9302473068237305,0.9471331834793091,0.9432601928710938,0.00014121313870418817,0.884755551815033,0.935154378414154,0.907831072807312,0.000443251192336902,0.883364737033844,0.927087664604187,0.9120675921440125,0.00043851867667399347
1,0.8771117329597473,0.9450823664665222,0.9252424836158752,0.003262947779148817,0.9360945224761963,0.963003933429718,0.9538462162017822,0.0003310821484774351,0.9121814370155334,0.9618038535118103,0.9455544352531433,0.0010819811141118407,0.9048973321914673,0.9514753818511963,0.9347431063652039,0.0010128002613782883
1,0.9068546295166016,0.9499903917312622,0.9460480809211731,0.0010930802673101425,0.9402478337287903,0.962814211845398,0.9597886204719543,0.0003235182084608823,0.9128817319869995,0.9495749473571777,0.939335286617279,0.0005688072415068746,0.9116241931915283,0.9478950500488281,0.943996787071228,0.0006718844524584711
0,0.8940201997756958,0.9531645774841309,0.939195990562439,0.0013873435091227293,0.9440948963165283,0.9649597406387329,0.9562554359436035,0.0001339825539616868,0.9118849635124207,0.9538589715957642,0.9350993633270264,0.00042015171493403614,0.9085322618484497,0.9575907588005066,0.938801646232605,0.0007484116940759122
0,0.8877180814743042,0.9329333901405334,0.9249629378318787,0.0009207852417603135,0.9421318769454956,0.9598592519760132,0.9528467059135437,7.500323408748955e-05,0.9192693829536438,0.9611494541168213,0.941495418548584,0.00045418506488204,0.9056624174118042,0.9519141316413879,0.9339980483055115,0.000550719618331641
1,0.8533822298049927,0.9481761455535889,0.9081162810325623,0.0020403554663062096,0.9288973212242126,0.9601964950561523,0.948229968547821,0.00032154173823073506,0.9125487804412842,0.9639255404472351,0.9455922842025757,0.0011532845674082637,0.8961431384086609,0.9591307640075684,0.9325876235961914,0.0010173667687922716
1,0.900092363357544,0.9462235569953918,0.9386618137359619,0.0007609804742969573,0.9498429894447327,0.9661350846290588,0.9610371589660645,6.767272134311497e-05,0.9149845838546753,0.9634509682655334,0.943956196308136,0.0005264689680188894,0.9076628088951111,0.955734133720398,0.9414789080619812,0.000532381352968514
1,0.8814077377319336,0.9435615539550781,0.9298161268234253,0.005387776996940374,0.9359055161476135,0.9601895809173584,0.9557541012763977,0.0007877417374402285,0.8995776176452637,0.9519649744033813,0.9377538561820984,0.0021802617702633142,0.8968902230262756,0.9471224546432495,0.9363842606544495,0.0022523929364979267
1,0.9068338871002197,0.950569748878479,0.9384117126464844,0.0006816712557338178,0.9457070827484131,0.9641939997673035,0.9583811163902283,9.418701665708795e-05,0.9295870661735535,0.9709020853042603,0.9560973644256592,0.0005024114507250488,0.923294186592102,0.9573109745979309,0.9482697248458862,0.0003261484089307487
0,0.8491866588592529,0.9335238337516785,0.9068090915679932,0.0020128635223954916,0.9280440211296082,0.9550327658653259,0.9477238059043884,0.0002523956063669175,0.9053001999855042,0.9559688568115234,0.9390187859535217,0.0007791458629071712,0.8884384036064148,0.9417644143104553,0.9245826005935669,0.0007669244660064578
1,0.873192548751831,0.9752848744392395,0.9405660033226013,0.004295929800719023,0.9302252531051636,0.9793821573257446,0.9590189456939697,0.0008342783548869193,0.9007824659347534,0.976790189743042,0.9445137977600098,0.002063937485218048,0.8894088268280029,0.9775005578994751,0.9403960704803467,0.0020454784389585257
1,0.9066134691238403,0.951400637626648,0.9421488642692566,0.0007381153991445899,0.9419253468513489,0.9616172313690186,0.9518505334854126,8.587037882534787e-05,0.9314897656440735,0.9575273990631104,0.9505253434181213,0.0003995730949100107,0.9177137017250061,0.9412318468093872,0.9408149123191833,0.0005249019013717771
0,0.8896195292472839,0.9518417119979858,0.9422696828842163,0.0017427103593945503,0.9456560015678406,0.9608435034751892,0.955965518951416,7.793593249516562e-05,0.9125641584396362,0.9694667458534241,0.9442425966262817,0.0007342578028328717,0.9039710760116577,0.9590346813201904,0.9384083151817322,0.0008218353614211082
1,0.8695164322853088,0.9434807300567627,0.9297924041748047,0.00651755603030324,0.9347075819969177,0.9663703441619873,0.9533659219741821,0.0006290540331974626,0.9058473110198975,0.9527217149734497,0.9462293982505798,0.0021985904313623905,0.896065354347229,0.945164680480957,0.9368098378181458,0.002078407211229205
0,0.9150046706199646,0.9709511995315552,0.9468823075294495,0.0006564314244315028,0.9466372728347778,0.9659417867660522,0.9566540718078613,8.446617721347138e-05,0.9245491027832031,0.9626982808113098,0.9566305875778198,0.0006142453057691455,0.9194388389587402,0.9643958210945129,0.9501591920852661,0.0006005731411278248
1,0.8772681355476379,0.9665201902389526,0.9232935309410095,0.0017506997101008892,0.9398458003997803,0.9602454900741577,0.9545109272003174,0.00014598420239053667,0.8802263140678406,0.958023190498352,0.9220985770225525,0.0010911502176895738,0.8923064470291138,0.9571840167045593,0.9316545128822327,0.0009398909751325846
0,0.9002066850662231,0.9362515211105347,0.931658148765564,0.0005260213511064649,0.9434489011764526,0.9568237066268921,0.955731987953186,5.439785309135914e-05,0.9224846959114075,0.9506153464317322,0.9426159858703613,0.0002858686784747988,0.9079811573028564,0.9381910562515259,0.9354737997055054,0.0004283393209334463
0,0.9203723669052124,0.9601750373840332,0.9469244480133057,0.0009477910352870822,0.9534748792648315,0.9618211984634399,0.9610781669616699,4.367148721939884e-05,0.9299628138542175,0.9633806943893433,0.9575034976005554,0.0008238147129304707,0.9207782745361328,0.9583156108856201,0.9479260444641113,0.0007789600640535355
0,0.7732183933258057,0.9760150909423828,0.9334859848022461,0.010996619239449501,0.9082274436950684,0.9895209670066833,0.9692137241363525,0.0013447417877614498,0.8720414042472839,0.9959341883659363,0.9857680797576904,0.0043007987551391125,0.8614065051078796,0.9952806234359741,0.9830321073532104,0.004539568442851305
0,0.88593590259552,0.9383218288421631,0.9269386529922485,0.0016331878723576665,0.9414029121398926,0.9623394012451172,0.9546457529067993,0.00012893452367279679,0.920354425907135,0.9626333117485046,0.9464704990386963,0.0005343480734154582,0.9076434373855591,0.9464219212532043,0.9346221685409546,0.0006508711958304048
0,0.8748680949211121,0.9256588816642761,0.9170782566070557,0.001981147797778249,0.9283339381217957,0.9514796733856201,0.9462032318115234,0.00038524839328601956,0.9006222486495972,0.9486059546470642,0.9292542934417725,0.0009151126141659915,0.8861469626426697,0.9355788826942444,0.9211428165435791,0.0012379337567836046
0,0.9242159724235535,0.9507785439491272,0.9425589442253113,0.00026147442986257374,0.9492643475532532,0.960376501083374,0.9569185972213745,4.170946340309456e-05,0.9323009252548218,0.9631372094154358,0.9519564509391785,0.00039909646147862077,0.9208924174308777,0.959804892539978,0.9373072385787964,0.00036213346174918115
0,0.8768844604492188,0.9412832260131836,0.9200225472450256,0.0011295159347355366,0.9377331137657166,0.9670804738998413,0.9529972672462463,0.0002005354908760637,0.9161536693572998,0.9612219929695129,0.9447183609008789,0.0004906990216113627,0.898277759552002,0.9486834406852722,0.9302491545677185,0.0005612538079731166
1,0.8817979693412781,0.9299130439758301,0.9101192951202393,0.0008058693492785096,0.9363201856613159,0.94950270652771,0.9480845928192139,8.776732283877209e-05,0.9055735468864441,0.9399651885032654,0.9289763569831848,0.0004760765586979687,0.9035037755966187,0.9301396608352661,0.9259648323059082,0.000454282941063866
1,0.8222230076789856,0.9121685028076172,0.9021815061569214,0.004009140655398369,0.9239476323127747,0.9534808993339539,0.9428033828735352,0.00031173464958555996,0.8598750829696655,0.9460448622703552,0.9285163879394531,0.002843694994226098,0.8479644656181335,0.9449626207351685,0.9153470993041992,0.003118381602689624
0,0.8969813585281372,0.9525094628334045,0.9406019449234009,0.0012317206710577011,0.9409831166267395,0.9638477563858032,0.9584820866584778,0.00020320793555583805,0.9066712856292725,0.9537733793258667,0.9416764974594116,0.000991174136288464,0.8941047787666321,0.9511919021606445,0.9440824389457703,0.0018655239837244153
1,0.8980902433395386,0.941769003868103,0.9200789928436279,0.0004037337494082749,0.944318413734436,0.9561787843704224,0.9511827230453491,4.463117147679441e-05,0.9057920575141907,0.9428796768188477,0.9313573241233826,0.0005930314655415714,0.8960670232772827,0.9396098852157593,0.9223331809043884,0.0005258019082248211
0,0.9502852559089661,0.952206015586853,0.9518893361091614,2.9678010378120234e-06,0.9535743594169617,0.9581320285797119,0.9570035338401794,1.1336550414853264e-05,0.9530523419380188,0.9568696022033691,0.9562827944755554,1.2482028978411108e-05,0.9482643008232117,0.9495393633842468,0.9493861794471741,1.6894464351935312e-06
1,0.8750087022781372,0.9404993057250977,0.9163956642150879,0.001131432130932808,0.9388867020606995,0.9613483548164368,0.9528775811195374,0.00013084802776575089,0.9139254689216614,0.9546170234680176,0.9435840249061584,0.000574758043512702,0.8957077264785767,0.9403030872344971,0.9244202375411987,0.0006136663141660392
1,0.9265955686569214,0.959108829498291,0.9504037499427795,0.0004251115024089813,0.9492081999778748,0.9639321565628052,0.958724856376648,7.260107668116689e-05,0.9449199438095093,0.9793283939361572,0.9670212864875793,0.00026181055000051856,0.934962809085846,0.9704669713973999,0.9582396745681763,0.0003109891840722412
1,0.9097719788551331,0.9555840492248535,0.9453983306884766,0.001024506171233952,0.9437925219535828,0.9663012027740479,0.9621385931968689,0.00021296899649314582,0.9095748662948608,0.9516888856887817,0.9509170055389404,0.0011365240206941962,0.9176154136657715,0.9558902382850647,0.9476386308670044,0.0006228868733160198
1,0.8404595255851746,0.9413673281669617,0.9142797589302063,0.00399073027074337,0.9283231496810913,0.959625780582428,0.9515620470046997,0.00041409124969504774,0.8816537857055664,0.9523137807846069,0.9295883178710938,0.0018959660083055496,0.879192054271698,0.9501523375511169,0.9252021312713623,0.001334846019744873
0,0.8906567692756653,0.9557685852050781,0.9422764182090759,0.0034342657309025526,0.9333755970001221,0.9614769220352173,0.9604073762893677,0.0006528867525048554,0.9051699042320251,0.9639408588409424,0.9460349082946777,0.0018837902462109923,0.8935052156448364,0.9566365480422974,0.9395576119422913,0.002515131374821067
0,0.852514386177063,0.9434541463851929,0.932261049747467,0.004811619408428669,0.9173536896705627,0.9591681957244873,0.9568290710449219,0.0011765246745198965,0.8868969678878784,0.9605612754821777,0.9460283517837524,0.0033076624386012554,0.876427173614502,0.95628422498703,0.9311602115631104,0.0027722115628421307
1,0.8644610643386841,0.955478847026825,0.9435290694236755,0.0053246947936713696,0.9155684113502502,0.9583886861801147,0.9532800912857056,0.0013100564246997237,0.8558394312858582,0.9501272439956665,0.9375482797622681,0.004942577797919512,0.8705967664718628,0.9556514620780945,0.9488115310668945,0.003985168877989054
1,0.8167272210121155,0.8910608887672424,0.8746585845947266,0.0019011830445379019,0.926944375038147,0.9503346681594849,0.9434980154037476,0.00016202765982598066,0.8667114973068237,0.9236862659454346,0.908906877040863,0.0013359045842662454,0.8640968799591064,0.9101678133010864,0.9030011892318726,0.0008786893449723721
1,0.888432502746582,0.9341221451759338,0.9250844717025757,0.0006658894126303494,0.9375341534614563,0.955706000328064,0.946830153465271,7.620592077728361e-05,0.916614830493927,0.9490832090377808,0.9340499043464661,0.00019874470308423042,0.8968508243560791,0.9369743466377258,0.9193868637084961,0.0003092694969382137
1,0.8890321850776672,0.9277340769767761,0.9219968318939209,0.0005069432663731277,0.9399027824401855,0.9579555988311768,0.9527402520179749,0.00011052437912439927,0.904708981513977,0.9516314268112183,0.9368353486061096,0.0006461667944677174,0.8953418731689453,0.9434685111045837,0.9274366497993469,0.0006115126307122409
1,0.9192715287208557,0.9508209228515625,0.9333416819572449,0.00018540272139944136,0.9483031630516052,0.9658801555633545,0.9533863067626953,4.586064460454509e-05,0.931833803653717,0.9618430137634277,0.94646155834198,0.00021543484763242304,0.9235979318618774,0.9492610692977905,0.9424025416374207,0.00018429824558552355
1,0.8977165818214417,0.9535016417503357,0.9308163523674011,0.001208616653457284,0.9438992142677307,0.9557431936264038,0.954492449760437,7.170356548158452e-05,0.9181670546531677,0.9548227190971375,0.9462300539016724,0.0005332219880074263,0.9021642804145813,0.9526156187057495,0.9316344857215881,0.0008991514914669096
0,0.8916546702384949,0.9471075534820557,0.9274111986160278,0.0008124765008687973,0.9444272518157959,0.9646615386009216,0.9533140659332275,6.958640733500943e-05,0.9206213355064392,0.9623913168907166,0.9538183212280273,0.0007790322415530682,0.9059354066848755,0.9486936926841736,0.9394352436065674,0.0010529576102271676
1,0.8902359008789062,0.9441691637039185,0.9240041971206665,0.0007397820008918643,0.9403231143951416,0.9630525708198547,0.9529508352279663,8.276207518065348e-05,0.9138686060905457,0.9641814231872559,0.9385186433792114,0.0005100076668895781,0.9084050059318542,0.9572786688804626,0.931294322013855,0.00041256207623519003
1,0.8803237676620483,0.955233633518219,0.9303334355354309,0.0029092561453580856,0.9372521638870239,0.970899224281311,0.9553995728492737,0.0004815003485418856,0.9159408807754517,0.9680247902870178,0.9499683380126953,0.002128306310623884,0.8977397084236145,0.962797999382019,0.9376752376556396,0.0018043037271127105
1,0.9362896680831909,0.9587438106536865,0.9529588222503662,0.000253038015216589,0.9571145176887512,0.9676692485809326,0.9649172425270081,4.067526970175095e-05,0.948291540145874,0.9709054827690125,0.9635973572731018,0.00016026421508286148,0.9421448707580566,0.9619302749633789,0.9560887813568115,0.0001357671426376328
1,0.892982006072998,0.9647257328033447,0.9274471998214722,0.000920445891097188,0.9442480802536011,0.96845543384552,0.9531298875808716,0.00012504540791269392,0.902664840221405,0.9588358402252197,0.9405117034912109,0.0008408243884332478,0.9002162218093872,0.9630521535873413,0.9373857975006104,0.0008553889347240329
0,0.7727762460708618,0.9760150909423828,0.9223322868347168,0.009875121526420116,0.9102195501327515,0.9895209670066833,0.964949905872345,0.00104877061676234,0.87410968542099,0.9959341883659363,0.9787499904632568,0.0035117033403366804,0.8630539774894714,0.9952806234359741,0.9754601716995239,0.0038283374160528183
1,0.8853162527084351,0.9490886926651001,0.9250833988189697,0.001222872408106923,0.9426963925361633,0.9625006914138794,0.9544793963432312,0.00011262187035754323,0.9185523390769958,0.9640451073646545,0.9478680491447449,0.0005130735808052123,0.8992627859115601,0.9518742561340332,0.9325428605079651,0.0008615255355834961
0,0.8880711793899536,0.9522650837898254,0.9324129223823547,0.001098810345865786,0.9418087601661682,0.9615731835365295,0.9585859775543213,0.00016281535499729216,0.9149305820465088,0.9615117907524109,0.942961573600769,0.0008474367787130177,0.91037517786026,0.9564971327781677,0.9417489171028137,0.0006872063386254013
1,0.915067732334137,0.954369306564331,0.9475071430206299,0.0008167712367139757,0.9448951482772827,0.9670169353485107,0.9584077596664429,0.00019324009190313518,0.9219731688499451,0.9567965269088745,0.9502349495887756,0.0007246013847179711,0.9196183085441589,0.9504753351211548,0.9448357820510864,0.0005867694271728396
0,0.9198996424674988,0.9358119964599609,0.934878408908844,0.00031373233650811017,0.9472250938415527,0.9591917991638184,0.9587933421134949,6.351024785544723e-05,0.9225389361381531,0.9433077573776245,0.9432467818260193,0.0005933099309913814,0.9097725749015808,0.9335633516311646,0.9315304756164551,0.0006704833940602839
0,0.9140926003456116,0.9524998664855957,0.9367929100990295,0.0003959819732699543,0.949940025806427,0.9630646705627441,0.9612529277801514,6.592988211195916e-05,0.9310253262519836,0.9542883634567261,0.9505881071090698,0.00027691904688254,0.9236798286437988,0.9497745037078857,0.9421662092208862,0.00023073986812960356
1,0.9271525740623474,0.9521375894546509,0.9440014362335205,0.000227433250984177,0.9532200694084167,0.9675328731536865,0.9637336134910583,9.123344352701679e-05,0.9341791868209839,0.9561176300048828,0.9512112736701965,0.0001804241182981059,0.9229410290718079,0.9499514698982239,0.944108784198761,0.00028953319997526705
0,0.8760920763015747,0.9310503005981445,0.9031800031661987,0.0005165620823390782,0.9408410787582397,0.9646425843238831,0.9503678679466248,4.9774091166909784e-05,0.9240024089813232,0.9687967896461487,0.9440349340438843,0.0003143072535749525,0.9053958654403687,0.9459541440010071,0.928384006023407,0.00039223008207045496
0,0.896388053894043,0.9335577487945557,0.922517716884613,0.0003846358449663967,0.9430459141731262,0.9608708024024963,0.9536873698234558,5.6488475820515305e-05,0.9238107800483704,0.9549551010131836,0.9389802813529968,0.00019660821999423206,0.9069405794143677,0.9364262223243713,0.9280505180358887,0.00023437109484802932
0,0.9113755822181702,0.9466879963874817,0.938197135925293,0.0005817175260744989,0.9473363161087036,0.9642572402954102,0.9551584720611572,4.929339775117114e-05,0.9287793040275574,0.9519398808479309,0.9456003904342651,0.00029530940810218453,0.9215618371963501,0.9496890306472778,0.9395941495895386,0.00033153590629808605
1,0.8659572601318359,0.9361868500709534,0.907334566116333,0.0009988746605813503,0.9341662526130676,0.9659194946289062,0.9478804469108582,0.00013787203351967037,0.9122437834739685,0.9660232663154602,0.9359762072563171,0.0004208024183753878,0.9015675783157349,0.9508501887321472,0.9273806810379028,0.00040543079376220703
1,0.8518137335777283,0.9588268399238586,0.9052509069442749,0.003633739659562707,0.9237557053565979,0.9602082371711731,0.9488117098808289,0.0005706369411200285,0.8718040585517883,0.9585710167884827,0.9163522720336914,0.002338576130568981,0.8634585738182068,0.9672873020172119,0.9129616618156433,0.0023170351050794125
0,0.9207496643066406,0.9539872407913208,0.9383666515350342,0.0002388432330917567,0.9489869475364685,0.962185263633728,0.9601465463638306,0.0001018409020616673,0.9280266761779785,0.9577978849411011,0.9468966126441956,0.00027530090301297605,0.9225313067436218,0.9485383629798889,0.9405820369720459,0.00020688929362222552
0,0.8888749480247498,0.9442481994628906,0.9205048084259033,0.0007266917382366955,0.9397230744361877,0.9581989049911499,0.9540942907333374,9.274265175918117e-05,0.9187412261962891,0.9537386894226074,0.9466471076011658,0.00039709825068712234,0.9019691348075867,0.9385340809822083,0.9296332597732544,0.00035437059705145657
0,0.8819068670272827,0.9262909889221191,0.9140166640281677,0.0007226496236398816,0.9410444498062134,0.9665334820747375,0.9581340551376343,0.0001594875502632931,0.9239193201065063,0.950640082359314,0.9415883421897888,0.0002446977887302637,0.9091156721115112,0.946082592010498,0.9329972267150879,0.00027712591690942645
1,0.8324258923530579,1.000000238418579,0.9299744963645935,0.00975037645548582,0.9230765700340271,1.000000238418579,0.957194447517395,0.0010365861235186458,0.8700640797615051,1.000000238418579,0.9492061734199524,0.006559309083968401,0.8737822771072388,1.0,0.9473156929016113,0.004842841532081366
0,0.9001589417457581,0.9456747770309448,0.925141453742981,0.00038549903547391295,0.9451839327812195,0.9581813216209412,0.9537274241447449,6.891329394420609e-05,0.9194042682647705,0.9545772075653076,0.9400929808616638,0.0004061953804921359,0.9116209149360657,0.9444483518600464,0.9344608187675476,0.0003266503044869751
1,0.8802527189254761,0.9518261551856995,0.922033429145813,0.001191185787320137,0.9388238787651062,0.9599801301956177,0.9517865777015686,0.00011074816575273871,0.9127920269966125,0.9614132642745972,0.9449926614761353,0.0006495483103208244,0.9044174551963806,0.9577184319496155,0.9357442259788513,0.0006695614429190755
1,0.892642617225647,0.9558942317962646,0.9313929677009583,0.0012202516663819551,0.9450548887252808,0.9622259736061096,0.9546005725860596,9.467987547395751e-05,0.9293498396873474,0.9646156430244446,0.9533787965774536,0.0005404502153396606,0.9149541854858398,0.9601765871047974,0.9403235912322998,0.0005922657437622547
1,0.922587513923645,0.961765468120575,0.948433518409729,0.0005323606892488897,0.9491939544677734,0.9674785137176514,0.9616394639015198,9.218375635100529e-05,0.923611044883728,0.9611819982528687,0.9501795768737793,0.0006106736836954951,0.9236210584640503,0.9620150327682495,0.9509403109550476,0.0004928372800350189
0,0.9238680005073547,0.9371022582054138,0.9356817603111267,0.00019592624448705465,0.9489643573760986,0.9547698497772217,0.9533247947692871,1.8317992726224475e-05,0.9429633617401123,0.9538864493370056,0.9517095685005188,7.982482202351093e-05,0.9234668612480164,0.9428083896636963,0.9391003847122192,0.00026015876210294664
1,0.8470123410224915,0.9286773800849915,0.9072449803352356,0.001775391399860382,0.9265039563179016,0.9590163230895996,0.9438683390617371,0.0001925928663695231,0.9055700302124023,0.9444209337234497,0.9366081953048706,0.0005405772826634347,0.8819690942764282,0.930347740650177,0.9169831275939941,0.0006503207259811461
1,0.9147780537605286,0.9381257891654968,0.9351158738136292,0.00018113057012669742,0.9435094594955444,0.9604583978652954,0.9563770294189453,7.737631676718593e-05,0.9387643933296204,0.9603371024131775,0.9526101350784302,0.00020429815049283206,0.9206962585449219,0.9402848482131958,0.936759889125824,0.00023529326426796615
0,0.8852637410163879,0.9250783920288086,0.9179947972297668,0.0008367703412659466,0.9430176615715027,0.9585992693901062,0.9539695978164673,0.00014488851593341678,0.9159659743309021,0.9435436725616455,0.9418601393699646,0.0004542517999652773,0.8989928364753723,0.9346998929977417,0.9274513721466064,0.0005991254583932459
1,0.8471095561981201,0.9455595016479492,0.9086196422576904,0.0033130033407360315,0.9232878684997559,0.9558141231536865,0.9477981925010681,0.0005982815637253225,0.8945962190628052,0.9550697803497314,0.9290214776992798,0.0009599569602869451,0.8812689185142517,0.9400433301925659,0.919348955154419,0.000845469709020108
0,0.8926190137863159,0.9398970603942871,0.9221590757369995,0.0004404962819535285,0.9473671317100525,0.9683878421783447,0.9565919637680054,5.327866165316664e-05,0.9314614534378052,0.9638579487800598,0.9532024264335632,0.000320822698995471,0.9177474975585938,0.9557692408561707,0.939012348651886,0.00027160532772541046
1,0.8994427919387817,0.9483155012130737,0.9286982417106628,0.000907575769815594,0.9433408379554749,0.9680713415145874,0.9552883505821228,0.00016952904115896672,0.9233289957046509,0.9669572114944458,0.9492461085319519,0.0005041159456595778,0.9091053605079651,0.9553467035293579,0.9311311841011047,0.0005335457972250879
0,0.9038271903991699,0.9367254376411438,0.9239183664321899,0.00041009034612216055,0.9450732469558716,0.9562221169471741,0.952643632888794,3.720181484823115e-05,0.9184159636497498,0.9602643847465515,0.9451255798339844,0.0004986577550880611,0.9106349945068359,0.9438906908035278,0.9303714632987976,0.0003957886656280607
0,0.8391068577766418,0.9259628057479858,0.8889052867889404,0.0016695602098479867,0.9275239706039429,0.9568312168121338,0.9448269009590149,0.00020222921739332378,0.8998797535896301,0.9526245594024658,0.9333205223083496,0.0007000697078183293,0.8857257962226868,0.9410483241081238,0.9204917550086975,0.0007828357047401369
0,0.9017664790153503,0.951857328414917,0.9285391569137573,0.0003743850684259087,0.9427255988121033,0.9622796773910522,0.9551012516021729,9.90053522400558e-05,0.9287649393081665,0.9617912173271179,0.9489050507545471,0.0002981883881147951,0.9164609313011169,0.9529978036880493,0.9394406676292419,0.00029480273951776326
1,0.8671202659606934,0.9319195747375488,0.9005811810493469,0.0009911101078614593,0.9328914284706116,0.9655627012252808,0.9447091221809387,9.645160753279924e-05,0.9164960980415344,0.9559888243675232,0.9431594610214233,0.0003976549196522683,0.8999679088592529,0.9476485252380371,0.928892970085144,0.0004755205300170928
0,0.8808631300926208,0.943191647529602,0.9241885542869568,0.0011443218681961298,0.9390354156494141,0.9578717350959778,0.953770637512207,0.0001459075283491984,0.926670491695404,0.960582435131073,0.9463333487510681,0.0002964892191812396,0.9091104865074158,0.9533708691596985,0.9346648454666138,0.0005368199199438095
0,0.9323673248291016,0.9522237181663513,0.9447389841079712,0.0001861598138930276,0.9517083168029785,0.9656845331192017,0.9640727639198303,7.016529707470909e-05,0.9315489530563354,0.9539257287979126,0.9486784934997559,0.00023214546672534198,0.922690212726593,0.946498453617096,0.941222071647644,0.0003839722485281527
1,0.9202032089233398,0.9568390846252441,0.9527820944786072,0.0006518751615658402,0.9523436427116394,0.9658644199371338,0.959434986114502,4.764437471749261e-05,0.9327459335327148,0.9670963883399963,0.9543494582176208,0.00039834491326473653,0.9213360548019409,0.9582166075706482,0.9482543468475342,0.0005072095082141459
0,0.8689624071121216,0.9330728650093079,0.9143203496932983,0.0012872623046860099,0.9309267997741699,0.9525304436683655,0.9512962102890015,0.00023092074843589216,0.9045075178146362,0.9422509670257568,0.927785336971283,0.0004993338952772319,0.8959602117538452,0.9375802278518677,0.9298292398452759,0.0007019640761427581
0,0.9030580520629883,0.9536421298980713,0.9306297302246094,0.0005452862824313343,0.9467991590499878,0.9621526002883911,0.9586848616600037,6.669613503618166e-05,0.9205179214477539,0.9668708443641663,0.9498893618583679,0.000551026314496994,0.9077447652816772,0.9627134799957275,0.9395714402198792,0.0005778242484666407
1,0.8493616580963135,0.954392671585083,0.9291403293609619,0.006005079485476017,0.9237268567085266,0.9643061757087708,0.9556967616081238,0.0008766121463850141,0.8829985857009888,0.9607930183410645,0.9396231770515442,0.0023166839964687824,0.876539945602417,0.9544135332107544,0.9382782578468323,0.0026176651008427143
1,0.8244050145149231,0.9102740287780762,0.8808982968330383,0.0017964965663850307,0.9173620939254761,0.9578312635421753,0.9408596158027649,0.00031887664226815104,0.8880147933959961,0.9520235061645508,0.9343094825744629,0.0015718317590653896,0.8760976791381836,0.9397404193878174,0.9191418886184692,0.0013310839422047138
1,0.8698164224624634,0.958520770072937,0.935542106628418,0.0037118978798389435,0.932842493057251,0.9631713628768921,0.9569263458251953,0.0005698714521713555,0.9011421203613281,0.9603193998336792,0.943156898021698,0.001626904821023345,0.8893035650253296,0.9568464756011963,0.9329269528388977,0.001718457555398345
1,0.8864041566848755,0.9595838189125061,0.9063327312469482,0.000734572357032448,0.9395893216133118,0.9626238942146301,0.9528766870498657,0.0001434037258150056,0.8974907398223877,0.9610520601272583,0.9222446084022522,0.0008112533250823617,0.8943507075309753,0.9604150652885437,0.9156455993652344,0.0006847397889941931
1,0.8961540460586548,0.9410022497177124,0.9339326024055481,0.000588537659496069,0.9459750056266785,0.9668517112731934,0.9573606252670288,7.214480137918144e-05,0.910584568977356,0.9452637434005737,0.934093713760376,0.00031736650271341205,0.9025700688362122,0.9419816732406616,0.9340405464172363,0.00043832743540406227
0,0.7803421020507812,0.9760150909423828,0.91893070936203,0.01048609334975481,0.9153645634651184,0.9895209670066833,0.9594953656196594,0.000942206708714366,0.8817057013511658,0.9959347248077393,0.9701100587844849,0.0029866397380828857,0.8715006709098816,0.9952806234359741,0.9601482152938843,0.0032839456107467413
0,0.9322595000267029,0.9584517478942871,0.9513055086135864,0.00023154978407546878,0.9497154355049133,0.964561402797699,0.9622430205345154,0.00011039167293347418,0.9454513192176819,0.9640228748321533,0.9608975648880005,0.0001563421537866816,0.9331920742988586,0.9545027017593384,0.9510576128959656,0.00021297443890944123
1,0.8594176173210144,0.935472846031189,0.9119638800621033,0.0018765772692859173,0.9335670471191406,0.9587295055389404,0.9518869519233704,0.000327356334310025,0.907149076461792,0.9540282487869263,0.9360380172729492,0.000732283340767026,0.8877657651901245,0.9515825510025024,0.9242607355117798,0.0009324437705799937
1,0.939272403717041,0.9515087604522705,0.9490455389022827,0.00010114976612385362,0.9555503726005554,0.9614956378936768,0.9599325060844421,1.9397022697376087e-05,0.9417943954467773,0.9578065872192383,0.953822135925293,0.00018624131917022169,0.9410842657089233,0.9531226754188538,0.9525554180145264,0.00012077059363946319
1,0.8867586851119995,0.9324643015861511,0.9281676411628723,0.0009503913461230695,0.9433074593544006,0.9611479640007019,0.9518373608589172,6.42906452412717e-05,0.9144296646118164,0.9534420967102051,0.9485850930213928,0.0009354896028526127,0.9047690033912659,0.9406802654266357,0.9357672929763794,0.000857147213537246
1,0.9063156247138977,0.9479255676269531,0.9279683232307434,0.00033919711131602526,0.9412395358085632,0.9580200910568237,0.9530500769615173,8.542270370526239e-05,0.9340735673904419,0.9544740915298462,0.9522011876106262,0.00020330857660155743,0.9180619120597839,0.9451796412467957,0.934334933757782,0.00020918769587296993
1,0.877546489238739,0.9120787978172302,0.9119592905044556,0.0011022227117791772,0.9367032647132874,0.9424880743026733,0.9422642588615417,3.5169035982107744e-05,0.9010700583457947,0.9404205083847046,0.9298760890960693,0.0006729361484758556,0.8808534145355225,0.9245942831039429,0.9173411130905151,0.0012153121642768383
1,0.9345239400863647,0.9502750635147095,0.9475356936454773,0.00017517793457955122,0.9554742574691772,0.9655166864395142,0.9620270133018494,4.374629497760907e-05,0.9397145509719849,0.9533073902130127,0.9531713724136353,0.00014177622506394982,0.9287933111190796,0.9488997459411621,0.9472017288208008,0.00031503260834142566
1,0.9268010854721069,0.9654017090797424,0.9510372281074524,0.0008188032661564648,0.9540618658065796,0.9645121693611145,0.9639288783073425,9.300204692408442e-05,0.9474284052848816,0.9778602123260498,0.9645309448242188,0.0002772022853605449,0.9319246411323547,0.9705628752708435,0.9551430940628052,0.0006934351986274123
0,0.9062244892120361,0.9434556365013123,0.9381407499313354,0.00047445649397559464,0.9492110013961792,0.9628862738609314,0.9572756290435791,5.915133806411177e-05,0.9285113215446472,0.9593826532363892,0.9514031410217285,0.0003974858846049756,0.9171404242515564,0.9508394002914429,0.9434513449668884,0.0004010625125374645
0,0.8663389682769775,0.9263668060302734,0.8955788016319275,0.0005521849961951375,0.932966947555542,0.9601323008537292,0.9462511539459229,0.00013279335689730942,0.9040240049362183,0.9381340742111206,0.9340873956680298,0.0006030294462107122,0.8916468620300293,0.9246698021888733,0.9186292290687561,0.0005525615415535867
1,0.9207901954650879,0.9738458395004272,0.9599707126617432,0.0010202289558947086,0.9554235339164734,0.9725283980369568,0.9674972295761108,0.00012696954945567995,0.9364166259765625,0.9768413305282593,0.9686793684959412,0.0008985985768958926,0.9238486886024475,0.9739744663238525,0.9638499617576599,0.0011177380802109838
0,0.8571082949638367,0.9404676556587219,0.9204373359680176,0.0016983365640044212,0.9288700819015503,0.9651980400085449,0.9542229771614075,0.00028417425346560776,0.9112255573272705,0.9702038764953613,0.9440178871154785,0.0007251987117342651,0.8932771682739258,0.9600458145141602,0.9333521127700806,0.0008113559451885521
1,0.915067732334137,0.954369306564331,0.9475071430206299,0.0008167712367139757,0.9448951482772827,0.9670169353485107,0.9584077596664429,0.00019324009190313518,0.9219731688499451,0.9567965269088745,0.9502349495887756,0.0007246013847179711,0.9196183085441589,0.9504753351211548,0.9448357820510864,0.0005867694271728396
1,0.8536913990974426,0.9487903118133545,0.9208323955535889,0.004527348559349775,0.9267213940620422,0.9550213813781738,0.9469974637031555,0.00040406512562185526,0.9154453277587891,0.9516198635101318,0.9438180327415466,0.0008093952783383429,0.8863235116004944,0.9405325651168823,0.9270328879356384,0.0015965477796271443
0,0.8925867080688477,0.9149153232574463,0.9145762920379639,0.0002573340607341379,0.9482545256614685,0.9560697674751282,0.9538758397102356,2.6074005290865898e-05,0.9406554102897644,0.962478518486023,0.9616020321846008,0.00027861492708325386,0.9190201759338379,0.943471372127533,0.9403069019317627,0.000262671266682446
0,0.9521082639694214,0.9521082639694214,0.9521082639694214,0.0,0.9580027461051941,0.9580027461051941,0.9580027461051941,0.0,0.9613635540008545,0.9613635540008545,0.9613635540008545,0.0,0.9501485824584961,0.9501485824584961,0.9501485824584961,0.0
1,0.920494019985199,0.9496939778327942,0.9429880380630493,0.0002476487134117633,0.9492203593254089,0.9616765975952148,0.9607608318328857,8.39778731460683e-05,0.9206123352050781,0.9488126039505005,0.939608097076416,0.00023622794833499938,0.9174221158027649,0.9440104961395264,0.9368383288383484,0.00022910723055247217
0,0.9340394735336304,0.9479696750640869,0.9442521333694458,0.00011410989100113511,0.9580948948860168,0.965424656867981,0.9648938179016113,1.9323673768667504e-05,0.9410281181335449,0.9579030871391296,0.955771267414093,0.00013775879051536322,0.9322934150695801,0.9506829380989075,0.9454970955848694,0.0001310699590248987
0,0.8869580626487732,0.9092991352081299,0.9046139717102051,0.0004132712783757597,0.9406887888908386,0.9486550092697144,0.9480253458023071,4.168931991443969e-05,0.9336995482444763,0.9519349336624146,0.9483140707015991,0.00017445672710891813,0.9101139903068542,0.930745542049408,0.9260004162788391,0.00025505974190309644
0,0.8910620808601379,0.9230010509490967,0.9185386300086975,0.0009468279895372689,0.9446455836296082,0.9531004428863525,0.9523172974586487,8.697772864252329e-05,0.8995428085327148,0.9486137628555298,0.9388883113861084,0.0016199598321691155,0.8969120383262634,0.9381375908851624,0.9302133917808533,0.0011788445990532637
1,0.944308340549469,0.9740886688232422,0.9614502787590027,0.0002466154983267188,0.9614587426185608,0.9715560674667358,0.9705394506454468,5.336006870493293e-05,0.952052116394043,0.9818634986877441,0.9666099548339844,0.00019458848692011088,0.9423718452453613,0.9775048494338989,0.9641351699829102,0.0003160412597935647
0,0.9141398668289185,0.9141398668289185,0.9141398668289185,0.0,0.9504913091659546,0.9504913091659546,0.9504913091659546,0.0,0.9132342338562012,0.9132342338562012,0.9132342338562012,0.0,0.9152752161026001,0.9152752161026001,0.9152752161026001,0.0
0,0.9000676870346069,0.9000676870346069,0.9000676870346069,0.0,0.9419811964035034,0.9419811964035034,0.9419811964035034,0.0,0.9053476452827454,0.9053476452827454,0.9053476452827454,0.0,0.9004130363464355,0.9004130363464355,0.9004130363464355,0.0
1,0.8765695095062256,0.9109466075897217,0.9007264375686646,0.000591036572586745,0.9377250671386719,0.9514538049697876,0.9475064873695374,9.472843521507457e-05,0.9138069152832031,0.9196205735206604,0.9188521504402161,3.276490679127164e-05,0.8955696225166321,0.9154263138771057,0.9102497100830078,0.0002072930074064061
0,0.9600738883018494,0.9600738883018494,0.9600738883018494,0.0,0.9629752039909363,0.9629752039909363,0.9629752039909363,0.0,0.9591174125671387,0.9591174125671387,0.9591174125671387,0.0,0.9608981609344482,0.9608981609344482,0.9608981609344482,0.0
0,0.9379029870033264,0.9379029870033264,0.9379029870033264,0.0,0.9544233083724976,0.9544233083724976,0.9544233083724976,0.0,0.9268876910209656,0.9268876910209656,0.9268876910209656,0.0,0.933800995349884,0.933800995349884,0.933800995349884,0.0
1,0.9046316146850586,0.9135270118713379,0.9118928909301758,4.520041329669766e-05,0.9452423453330994,0.94813072681427,0.9480245113372803,6.10063761996571e-06,0.935265839099884,0.9436399936676025,0.9429469108581543,5.028744271839969e-05,0.9268276691436768,0.9328261613845825,0.9321565628051758,2.186197707487736e-05
0,0.0,0.0,0.0,0.0,0.0,0.0,0.0,0.0,0.0,0.0,0.0,0.0,0.0,0.0,0.0,0.0
0,0.8809682726860046,0.9127434492111206,0.9005995988845825,0.00032229258795268834,0.9370952248573303,0.9557448029518127,0.9489455223083496,0.00011393699242034927,0.9295976161956787,0.9487311840057373,0.9480408430099487,0.00020387127005960792,0.9126880764961243,0.9304661154747009,0.9229382872581482,8.634202094981447e-05
0,0.0,0.0,0.0,0.0,0.0,0.0,0.0,0.0,0.0,0.0,0.0,0.0,0.0,0.0,0.0,0.0
1,0.9242185950279236,0.9242185950279236,0.9242185950279236,0.0,0.9515350461006165,0.9515350461006165,0.9515350461006165,0.0,0.943936288356781,0.943936288356781,0.943936288356781,0.0,0.9217079281806946,0.9217079281806946,0.9217079281806946,0.0
1,0.9371665120124817,0.9371665120124817,0.9371665120124817,0.0,0.9552438855171204,0.9552438855171204,0.9552438855171204,0.0,0.9553004503250122,0.9553004503250122,0.9553004503250122,0.0,0.9426554441452026,0.9426554441452026,0.9426554441452026,0.0
1,0.946561872959137,0.9506968259811401,0.9502056837081909,1.7908112567965873e-05,0.9629505276679993,0.965165376663208,0.964775800704956,3.712203351824428e-06,0.9567638039588928,0.9624523520469666,0.9611911177635193,1.948545832419768e-05,0.9565039277076721,0.9590767621994019,0.9588391780853271,8.067346243478823e-06
0,0.9071442484855652,0.9285595417022705,0.9242984056472778,0.0003073152620345354,0.9420235753059387,0.951119065284729,0.949744462966919,7.19214222044684e-05,0.9345600008964539,0.9362441301345825,0.935935914516449,2.0649636098823976e-06,0.9287316799163818,0.9385566711425781,0.9366666674613953,6.690347072435543e-05
0,0.9059886932373047,0.9105633497238159,0.9099876284599304,2.104251143464353e-05,0.9464170932769775,0.9536893367767334,0.9521615505218506,3.356968954904005e-05,0.9340116381645203,0.9363099932670593,0.9358885884284973,3.839383680315223e-06,0.9211718440055847,0.9230188131332397,0.9226577877998352,2.3268864879355533e-06
0,0.8967077136039734,0.9278267025947571,0.9213474988937378,0.000550987315364182,0.9469094276428223,0.9587942957878113,0.954210638999939,5.675837746821344e-05,0.9360945820808411,0.9534441232681274,0.9476631879806519,0.0001461096981074661,0.9184699058532715,0.9404159784317017,0.9374231696128845,0.0003323842247482389
0,0.8569000363349915,0.9231670498847961,0.905534029006958,0.0022798096761107445,0.91520756483078,0.9486393928527832,0.9406440258026123,0.0006278116488829255,0.8875382542610168,0.9155901670455933,0.9129208922386169,0.000943788094446063,0.8561844825744629,0.9050913453102112,0.8971860408782959,0.001959095010533929
0,0.9554662704467773,0.9554662704467773,0.9554662704467773,0.0,0.9597072601318359,0.9597072601318359,0.9597072601318359,0.0,0.9664878249168396,0.9664878249168396,0.9664878249168396,0.0,0.9558255672454834,0.9558255672454834,0.9558255672454834,0.0
1,0.8551602959632874,0.940952479839325,0.9317106008529663,0.004013421013951302,0.9268460869789124,0.9575737714767456,0.955260694026947,0.000613877025898546,0.9152312874794006,0.9613505601882935,0.9512426257133484,0.0009112988482229412,0.8923102021217346,0.9518423676490784,0.9424819946289062,0.0014755764277651906
1,0.9168440699577332,0.9168440699577332,0.9168440699577332,0.0,0.9453721642494202,0.9453721642494202,0.9453721642494202,0.0,0.9227412939071655,0.9227412939071655,0.9227412939071655,0.0,0.9136788845062256,0.9136788845062256,0.9136788845062256,0.0
1,0.0,0.0,0.0,0.0,0.0,0.0,0.0,0.0,0.0,0.0,0.0,0.0,0.0,0.0,0.0,0.0
1,0.0,0.0,0.0,0.0,0.0,0.0,0.0,0.0,0.0,0.0,0.0,0.0,0.0,0.0,0.0,0.0
0,0.9000980854034424,0.9364058971405029,0.9266247749328613,0.0006797079113312066,0.9505534768104553,0.9577320218086243,0.9562065601348877,3.2340420148102567e-05,0.9047605395317078,0.9418244361877441,0.9347639679908752,0.000961420068051666,0.9084751605987549,0.9401299953460693,0.932549774646759,0.000562216795515269
0,0.9190873503684998,0.9190873503684998,0.9190873503684998,0.0,0.9460605382919312,0.9460605382919312,0.9460605382919312,0.0,0.9240341186523438,0.9240341186523438,0.9240341186523438,0.0,0.9174424409866333,0.9174424409866333,0.9174424409866333,0.0
0,0.88593590259552,0.9383218288421631,0.9269386529922485,0.0016331878723576665,0.9414029121398926,0.9623394012451172,0.9546457529067993,0.00012893452367279679,0.920354425907135,0.9626333117485046,0.9464704990386963,0.0005343480734154582,0.9076434373855591,0.9464219212532043,0.9346221685409546,0.0006508711958304048
0,0.8777856230735779,0.9116743803024292,0.9024054408073425,0.0005876562208868563,0.9311354160308838,0.9504267573356628,0.945996105670929,0.00021675704920198768,0.9123422503471375,0.9237726330757141,0.9213992357254028,8.390333823626861e-05,0.8976483941078186,0.9134283661842346,0.912075400352478,0.00031502768979407847
0,0.9059911370277405,0.9396350383758545,0.9310188293457031,0.0006683066603727639,0.9409608840942383,0.9515702724456787,0.9501853585243225,9.413828956894577e-05,0.9449283480644226,0.9625829458236694,0.9591579437255859,0.00023305852664634585,0.931525468826294,0.9566470980644226,0.9483233094215393,0.00028620698140002787
0,0.9613547325134277,0.9613547325134277,0.9613547325134277,0.0,0.9597457051277161,0.9597457051277161,0.9597457051277161,0.0,0.9676174521446228,0.9676174521446228,0.9676174521446228,0.0,0.9645514488220215,0.9645514488220215,0.9645514488220215,0.0
0,0.9448524117469788,0.9448524117469788,0.9448524117469788,0.0,0.9601991772651672,0.9601991772651672,0.9601991772651672,0.0,0.9565210938453674,0.9565210938453674,0.9565210938453674,0.0,0.9425460696220398,0.9425460696220398,0.9425460696220398,0.0
0,0.8906567692756653,0.9557685852050781,0.9422764182090759,0.0034342657309025526,0.9333755970001221,0.9614769220352173,0.9604073762893677,0.0006528867525048554,0.9051699042320251,0.9639408588409424,0.9460349082946777,0.0018837902462109923,0.8935052156448364,0.9566365480422974,0.9395576119422913,0.002515131374821067
1,0.0,0.0,0.0,0.0,0.0,0.0,0.0,0.0,0.0,0.0,0.0,0.0,0.0,0.0,0.0,0.0
0,0.9020177125930786,0.9395962357521057,0.9333602786064148,0.000591551826801151,0.9409209489822388,0.952785074710846,0.9502582550048828,7.832453411538154e-05,0.9252021908760071,0.953235387802124,0.9481049180030823,0.00048211339162662625,0.9155141711235046,0.9472656846046448,0.9389434456825256,0.000508595781866461
0,0.8807969093322754,0.9352803826332092,0.9207982420921326,0.0015420623822137713,0.9380444884300232,0.9462313055992126,0.9444876909255981,4.197068847133778e-05,0.9241203665733337,0.9612305164337158,0.952366292476654,0.0007743744063191116,0.9126110076904297,0.9507759809494019,0.9403970241546631,0.0007473833975382149
1,0.9397035837173462,0.9397035837173462,0.9397035837173462,0.0,0.9623402953147888,0.9623402953147888,0.9623402953147888,0.0,0.9430365562438965,0.9430365562438965,0.9430365562438965,0.0,0.9508047699928284,0.9508047699928284,0.9508047699928284,0.0
0,0.8734728693962097,0.9162328243255615,0.9023070931434631,0.0007069085841067135,0.9392205476760864,0.948989987373352,0.9480500221252441,4.4042786612408236e-05,0.9096076488494873,0.9464256167411804,0.9381104111671448,0.0007378446753136814,0.8921330571174622,0.9293073415756226,0.9184659719467163,0.000593856442719698
1,0.8778392672538757,0.9516943693161011,0.9333212971687317,0.001986726652830839,0.930574357509613,0.9590081572532654,0.9553531408309937,0.0003668121062219143,0.9077435731887817,0.965421199798584,0.9550391435623169,0.001239011064171791,0.8958045244216919,0.9489271640777588,0.9429457783699036,0.0012150969123467803
1,0.9210002422332764,0.9460493326187134,0.9392540454864502,0.0003223556268494576,0.9504782557487488,0.952783465385437,0.9526113867759705,7.154819741117535e-06,0.9421759247779846,0.9562738537788391,0.9530078768730164,0.00011484437709441409,0.9328961372375488,0.9415572881698608,0.9391587376594543,3.817298784269951e-05
0,0.9271592497825623,0.935870349407196,0.9332834482192993,3.795379234361462e-05,0.9517696499824524,0.953869104385376,0.9535104632377625,3.429239995966782e-06,0.9369341731071472,0.9458394050598145,0.9439082145690918,4.878856998402625e-05,0.9293891787528992,0.9399531483650208,0.9374232888221741,6.261088128667325e-05
1,0.8829965591430664,0.894117534160614,0.8917003870010376,7.591814210172743e-05,0.9222368597984314,0.9372901320457458,0.9328427314758301,0.00011337851901771501,0.9009027481079102,0.91546630859375,0.9114716649055481,0.00010838623711606488,0.8866390585899353,0.8953588604927063,0.8946523666381836,9.878523269435391e-05
0,0.9085649251937866,0.9085649251937866,0.9085649251937866,0.0,0.9477369785308838,0.9477369785308838,0.9477369785308838,0.0,0.9244517087936401,0.9244517087936401,0.9244517087936401,0.0,0.9132140278816223,0.9132140278816223,0.9132140278816223,0.0
1,0.875959038734436,0.9449015855789185,0.8996155261993408,0.0006889550131745636,0.9386992454528809,0.9571020603179932,0.9517323970794678,0.00011737367458408698,0.9339617490768433,0.9697763323783875,0.9575504064559937,0.00031309894984588027,0.9134778380393982,0.957613468170166,0.9385061860084534,0.00040232465835288167
0,0.8887112736701965,0.9172328114509583,0.9103537201881409,0.0004536294436547905,0.9330986142158508,0.9437285661697388,0.9415148496627808,7.234999065985903e-05,0.9216124415397644,0.9350428581237793,0.9325850009918213,0.00013133666652720422,0.8985285758972168,0.9223710298538208,0.9178459048271179,0.0003993057180196047
0,0.9258074164390564,0.9258074164390564,0.9258074164390564,0.0,0.9567866325378418,0.9567866325378418,0.9567866325378418,0.0,0.9125008583068848,0.9125008583068848,0.9125008583068848,0.0,0.9250572919845581,0.9250572919845581,0.9250572919845581,0.0
0,0.8978797793388367,0.9109829664230347,0.9108356237411499,0.0003244427789468318,0.9462123513221741,0.950206995010376,0.949864387512207,2.0185170797049068e-05,0.9227948784828186,0.9328672289848328,0.9323728680610657,0.00015718293434474617,0.9148386120796204,0.9255682826042175,0.9247039556503296,0.00014996119716670364
1,0.9017665982246399,0.9017665982246399,0.9017665982246399,0.0,0.9458826780319214,0.9458826780319214,0.9458826780319214,0.0,0.9132925868034363,0.9132925868034363,0.9132925868034363,0.0,0.9065970778465271,0.9065970778465271,0.9065970778465271,0.0
0,0.9277291297912598,0.9277291297912598,0.9277291297912598,0.0,0.9542783498764038,0.9542783498764038,0.9542783498764038,0.0,0.927962064743042,0.927962064743042,0.927962064743042,0.0,0.9275656342506409,0.9275656342506409,0.9275656342506409,0.0
0,0.9031996726989746,0.9031996726989746,0.9031996726989746,0.0,0.9511158466339111,0.9511158466339111,0.9511158466339111,0.0,0.9084304571151733,0.9084304571151733,0.9084304571151733,0.0,0.907062828540802,0.907062828540802,0.907062828540802,0.0
0,0.0,0.0,0.0,0.0,0.0,0.0,0.0,0.0,0.0,0.0,0.0,0.0,0.0,0.0,0.0,0.0
0,0.906303882598877,0.906303882598877,0.906303882598877,0.0,0.9538348913192749,0.9538348913192749,0.9538348913192749,0.0,0.9451901912689209,0.9451901912689209,0.9451901912689209,0.0,0.9116935133934021,0.9116935133934021,0.9116935133934021,0.0
0,0.8987870216369629,0.9088534712791443,0.906183660030365,5.271048939903267e-05,0.9421208500862122,0.9464496970176697,0.9456897974014282,1.4206678315531462e-05,0.928002119064331,0.9413001537322998,0.9382287263870239,0.00010246446618111804,0.9198368191719055,0.927141010761261,0.9253737330436707,2.9671879019588232e-05
0,0.9169976115226746,0.9169976115226746,0.9169976115226746,0.0,0.9474624395370483,0.9474624395370483,0.9474624395370483,0.0,0.9320595860481262,0.9320595860481262,0.9320595860481262,0.0,0.9099515676498413,0.9099515676498413,0.9099515676498413,0.0
1,0.9175479412078857,0.9175479412078857,0.9175479412078857,0.0,0.9582864046096802,0.9582864046096802,0.9582864046096802,0.0,0.9040576219558716,0.9040576219558716,0.9040576219558716,0.0,0.9157239198684692,0.9157239198684692,0.9157239198684692,0.0
0,0.9202386140823364,0.9202386140823364,0.9202386140823364,0.0,0.9322823286056519,0.9322823286056519,0.9322823286056519,0.0,0.9078368544578552,0.9078368544578552,0.9078368544578552,0.0,0.9064407348632812,0.9064407348632812,0.9064407348632812,0.0
0,0.9108253717422485,0.9108253717422485,0.9108253717422485,0.0,0.9412375688552856,0.9412375688552856,0.9412375688552856,0.0,0.9055832028388977,0.9055832028388977,0.9055832028388977,0.0,0.9140223860740662,0.9140223860740662,0.9140223860740662,0.0
1,0.0,0.0,0.0,0.0,0.0,0.0,0.0,0.0,0.0,0.0,0.0,0.0,0.0,0.0,0.0,0.0
0,0.9038034081459045,0.9332888722419739,0.9246861338615417,0.00043567956890910864,0.9408332705497742,0.9583355784416199,0.9534096121788025,0.000154921886860393,0.9358120560646057,0.9525694847106934,0.9482799768447876,0.00014947605086490512,0.9134145379066467,0.9331090450286865,0.9272378087043762,0.00019395934941712767
1,0.9094023704528809,0.9094023704528809,0.9094023704528809,0.0,0.9510049819946289,0.9510049819946289,0.9510049819946289,0.0,0.9061120748519897,0.9061120748519897,0.9061120748519897,0.0,0.9121134877204895,0.9121134877204895,0.9121134877204895,0.0
0,0.8944774270057678,0.9412935972213745,0.9236741065979004,0.0007520320941694081,0.9387813210487366,0.9583467841148376,0.9530135989189148,0.00019941077334806323,0.9197913408279419,0.9498493671417236,0.9416933059692383,0.0003727294388227165,0.9047803282737732,0.944776713848114,0.9323877692222595,0.0006612304132431746
0,0.9109358787536621,0.9109358787536621,0.9109358787536621,0.0,0.9401184320449829,0.9401184320449829,0.9401184320449829,0.0,0.9140900373458862,0.9140900373458862,0.9140900373458862,0.0,0.9026339054107666,0.9026339054107666,0.9026339054107666,0.0
0,0.9272324442863464,0.9381347894668579,0.936781108379364,0.00012068254727637395,0.9553235173225403,0.9586042165756226,0.9578586220741272,6.330145424726652e-06,0.9472661018371582,0.9500411748886108,0.949461817741394,4.918712420476368e-06,0.9336256384849548,0.9408342838287354,0.9403656721115112,7.380967872450128e-05
1,0.8751503825187683,0.9147526025772095,0.9029466509819031,0.0007842633058317006,0.9337723255157471,0.9486374855041504,0.944856584072113,0.00011816219193860888,0.9111053943634033,0.9320316314697266,0.9299501180648804,0.0005124456947669387,0.8954028487205505,0.9223801493644714,0.9163544178009033,0.0004351271491032094
1,0.827008068561554,0.9298804998397827,0.8927429914474487,0.003103607567027211,0.9260920286178589,0.9601473212242126,0.9468649625778198,0.00037952151615172625,0.8813459873199463,0.9363791942596436,0.9215918779373169,0.001452248077839613,0.8855985999107361,0.9471343755722046,0.9228215217590332,0.0012127738445997238
0,0.8427221775054932,0.9217233061790466,0.9147001504898071,0.00217117159627378,0.9308083057403564,0.9571285247802734,0.9515198469161987,0.0002572343510109931,0.9159791469573975,0.9553592205047607,0.9410139322280884,0.0003913514083251357,0.8906735181808472,0.9385979175567627,0.9285244345664978,0.0006726245628669858
0,0.8679116368293762,0.9291532039642334,0.9206414818763733,0.0023032587487250566,0.9344695210456848,0.957891583442688,0.9538604617118835,0.0003204231907147914,0.928994357585907,0.9591757655143738,0.9526599049568176,0.0004092962190043181,0.9068793654441833,0.941373348236084,0.9339908361434937,0.0006036465056240559
1,0.9154248237609863,0.9154248237609863,0.9154248237609863,0.0,0.9506772756576538,0.9506772756576538,0.9506772756576538,0.0,0.9125709533691406,0.9125709533691406,0.9125709533691406,0.0,0.9061511754989624,0.9061511754989624,0.9061511754989624,0.0
0,0.9371011853218079,0.9371011853218079,0.9371011853218079,0.0,0.9566486477851868,0.9566486477851868,0.9566486477851868,0.0,0.9382095336914062,0.9382095336914062,0.9382095336914062,0.0,0.9358047246932983,0.9358047246932983,0.9358047246932983,0.0
0,0.0,0.0,0.0,0.0,0.0,0.0,0.0,0.0,0.0,0.0,0.0,0.0,0.0,0.0,0.0,0.0
0,0.8975989818572998,0.9199921488761902,0.9153743982315063,0.00023068611335474998,0.9464265704154968,0.9503281712532043,0.949565052986145,1.260717908735387e-05,0.9131783843040466,0.9244953393936157,0.9224289655685425,8.714909927221015e-05,0.9091394543647766,0.9305137395858765,0.9223546981811523,0.000173427804838866
1,0.9068107008934021,0.9068107008934021,0.9068107008934021,0.0,0.9539830684661865,0.9539830684661865,0.9539830684661865,0.0,0.9337185621261597,0.9337185621261597,0.9337185621261597,0.0,0.9194287061691284,0.9194287061691284,0.9194287061691284,0.0
0,0.9114359021186829,0.9265465140342712,0.9239176511764526,0.0001746060879668221,0.948796808719635,0.9523823261260986,0.9516371488571167,8.248360245488584e-06,0.9387200474739075,0.9484941959381104,0.9457748532295227,4.8522288125241175e-05,0.9212546348571777,0.9405948519706726,0.9368929266929626,0.000260530156083405
0,0.9251795411109924,0.9251795411109924,0.9251795411109924,0.0,0.9535117149353027,0.9535117149353027,0.9535117149353027,0.0,0.9227880835533142,0.9227880835533142,0.9227880835533142,0.0,0.9153567552566528,0.9153567552566528,0.9153567552566528,0.0
0,0.9173682332038879,0.9266629219055176,0.9257797002792358,0.00010368960647610947,0.9397866129875183,0.9469326138496399,0.9448485374450684,2.5592422389308922e-05,0.9402377009391785,0.943518877029419,0.9428600668907166,7.149358225433389e-06,0.9290263056755066,0.929399847984314,0.929328441619873,9.731719075034562e-08
1,0.8751395344734192,0.8954715728759766,0.8953603506088257,0.00043153142905794084,0.935798168182373,0.9496455788612366,0.944821298122406,4.6621520596090704e-05,0.9066147804260254,0.9366977214813232,0.9263350367546082,0.00036706647370010614,0.8979513049125671,0.9251813888549805,0.9120323657989502,0.0003109342360403389
1,0.8516290783882141,0.9391259551048279,0.9076464772224426,0.0016793350223451853,0.9291719198226929,0.9509407877922058,0.9441684484481812,0.00015676672046538442,0.916723906993866,0.9559571146965027,0.9433795213699341,0.0004345834022387862,0.8949072957038879,0.9433521628379822,0.9258120656013489,0.0006676450720988214
0,0.887167751789093,0.887167751789093,0.887167751789093,0.0,0.934112548828125,0.934112548828125,0.934112548828125,0.0,0.8874267339706421,0.8874267339706421,0.8874267339706421,0.0,0.8820507526397705,0.8820507526397705,0.8820507526397705,0.0
0,0.9183287620544434,0.9183287620544434,0.9183287620544434,0.0,0.9457023739814758,0.9457023739814758,0.9457023739814758,0.0,0.934901237487793,0.934901237487793,0.934901237487793,0.0,0.9240664839744568,0.9240664839744568,0.9240664839744568,0.0
0,0.9204017519950867,0.9255526065826416,0.9254599809646606,4.843613351113163e-05,0.9439595341682434,0.9507447481155396,0.9490920305252075,2.5462539269938134e-05,0.9344680309295654,0.9567393660545349,0.951754629611969,0.00029598420951515436,0.9228700995445251,0.9370110630989075,0.9342439770698547,0.0001362538168905303
0,0.9017135500907898,0.9235956072807312,0.9201861023902893,0.0004053267475683242,0.9425279498100281,0.9572079181671143,0.9537659883499146,0.0001231764763360843,0.9295139312744141,0.9425015449523926,0.9395542144775391,9.934836270986125e-05,0.9209871292114258,0.9376071691513062,0.9346519708633423,0.00020684966875705868
1,0.8493616580963135,0.954392671585083,0.9291403293609619,0.006005079485476017,0.9237268567085266,0.9643061757087708,0.9556967616081238,0.0008766121463850141,0.8829985857009888,0.9607930183410645,0.9396231770515442,0.0023166839964687824,0.876539945602417,0.9544135332107544,0.9382782578468323,0.0026176651008427143
1,0.8753914833068848,0.8997889757156372,0.8954006433486938,0.0004407922679092735,0.941657543182373,0.9434846639633179,0.9429483413696289,1.671404675107624e-06,0.9075922966003418,0.9304031729698181,0.9239588975906372,0.00026282144244760275,0.8925788998603821,0.9082884788513184,0.9053852558135986,0.0001779759768396616
0,0.8955050110816956,0.8955050110816956,0.8955050110816956,0.0,0.9494679570198059,0.9494679570198059,0.9494679570198059,0.0,0.9098342657089233,0.9098342657089233,0.9098342657089233,0.0,0.8934435248374939,0.8934435248374939,0.8934435248374939,0.0
0,0.8996162414550781,0.9189550876617432,0.9122130870819092,0.0001338332222076133,0.9440156817436218,0.9515411853790283,0.9500796794891357,3.051564453926403e-05,0.9300606846809387,0.9437923431396484,0.9416649341583252,8.998843259178102e-05,0.9034215807914734,0.9284194707870483,0.921916127204895,0.00023423034872394055
1,0.840410053730011,0.9374369382858276,0.9283840656280518,0.0029986118897795677,0.9256150722503662,0.9598612189292908,0.9557069540023804,0.0003678273060359061,0.8894369602203369,0.9573996663093567,0.948260486125946,0.0018130438402295113,0.8769469261169434,0.9534503221511841,0.9400930404663086,0.0018200228223577142
1,0.911564290523529,0.9273618459701538,0.9241070747375488,0.00016151015006471425,0.9446473717689514,0.9529448747634888,0.9507505297660828,3.5873439628630877e-05,0.9421956539154053,0.9487675428390503,0.9468864798545837,2.1731490051024593e-05,0.9306082725524902,0.9448465704917908,0.9414867758750916,0.00011521676788106561
1,0.8779439926147461,0.88973468542099,0.8868020176887512,7.560147787444293e-05,0.9369768500328064,0.9403557777404785,0.9397656917572021,8.6992358774296e-06,0.9166896939277649,0.9229457974433899,0.921363115310669,2.1010744603700005e-05,0.8914666175842285,0.8952822685241699,0.8946349024772644,1.1402194104448427e-05
1,0.8362973928451538,0.9122388958930969,0.865814208984375,0.0011831976007670164,0.9211943745613098,0.9406300783157349,0.9330809712409973,0.00010715897951740772,0.8958939909934998,0.9357876777648926,0.924958348274231,0.0008650749223306775,0.876639723777771,0.9157671928405762,0.9102675914764404,0.0009834558004513383
0,0.7732183933258057,0.9760150909423828,0.9334859848022461,0.010996619239449501,0.9082274436950684,0.9895209670066833,0.9692137241363525,0.0013447417877614498,0.8720414042472839,0.9959341883659363,0.9857680797576904,0.0043007987551391125,0.8614065051078796,0.9952806234359741,0.9830321073532104,0.004539568442851305
1,0.9232053756713867,0.9232053756713867,0.9232053756713867,0.0,0.9484797716140747,0.9484797716140747,0.9484797716140747,0.0,0.9323379397392273,0.9323379397392273,0.9323379397392273,0.0,0.9200587272644043,0.9200587272644043,0.9200587272644043,0.0
1,0.8648462891578674,0.9029220938682556,0.8950961232185364,0.0007835724391043186,0.9327394366264343,0.9518957138061523,0.9518619775772095,0.00035428316914476454,0.8795612454414368,0.9055725932121277,0.8955557942390442,0.0003043681790586561,0.8727958798408508,0.9023462533950806,0.8950545787811279,0.0005882791010662913
1,0.8299578428268433,0.9093937873840332,0.9041757583618164,0.006049381103366613,0.9253705739974976,0.9540829658508301,0.946681022644043,0.0006048351060599089,0.9016962051391602,0.9309408664703369,0.9294987916946411,0.0005824302788823843,0.8883625268936157,0.926464855670929,0.9205690026283264,0.0008226935751736164
0,0.9214169383049011,0.946184515953064,0.9427546262741089,0.00030237145256251097,0.9549084305763245,0.9623889327049255,0.9606034159660339,3.480105078779161e-05,0.9517551064491272,0.9653950333595276,0.9633641242980957,0.00012042477465001866,0.9427642822265625,0.9600820541381836,0.9577274322509766,0.00013598041550721973
0,0.9260361790657043,0.9260361790657043,0.9260361790657043,0.0,0.9559844732284546,0.9559844732284546,0.9559844732284546,0.0,0.9448536038398743,0.9448536038398743,0.9448536038398743,0.0,0.9336230754852295,0.9336230754852295,0.9336230754852295,0.0
1,0.8436009287834167,0.9491152763366699,0.9069828987121582,0.004454765468835831,0.9272929430007935,0.9625571370124817,0.948948323726654,0.00040194502798840404,0.8808320164680481,0.9480113387107849,0.9353085160255432,0.0027215753216296434,0.8717920184135437,0.9494519829750061,0.9256598949432373,0.0028444670606404543
1,0.9362365007400513,0.9362365007400513,0.9362365007400513,0.0,0.9606508016586304,0.9606508016586304,0.9606508016586304,0.0,0.9464762210845947,0.9464762210845947,0.9464762210845947,0.0,0.9401917457580566,0.9401917457580566,0.9401917457580566,0.0
1,0.9059754610061646,0.9059754610061646,0.9059754610061646,0.0,0.9429985284805298,0.9429985284805298,0.9429985284805298,0.0,0.9322888851165771,0.9322888851165771,0.9322888851165771,0.0,0.9079182744026184,0.9079182744026184,0.9079182744026184,0.0
1,0.8752903342247009,0.8752903342247009,0.8752903342247009,0.0,0.9485623836517334,0.9485623836517334,0.9485623836517334,0.0,0.9002329111099243,0.9002329111099243,0.9002329111099243,0.0,0.8721427321434021,0.8721427321434021,0.8721427321434021,0.0
0,0.9111924171447754,0.9392257332801819,0.9257103800773621,0.00020922653493471444,0.9444913864135742,0.9579485654830933,0.9554160237312317,7.442921923939139e-05,0.9475976824760437,0.9608629941940308,0.9590405821800232,6.698926881654188e-05,0.9308050274848938,0.9467377662658691,0.9439855813980103,9.551842958899215e-05
1,0.9360941052436829,0.9360941052436829,0.9360941052436829,0.0,0.9497907161712646,0.9497907161712646,0.9497907161712646,0.0,0.9523892998695374,0.9523892998695374,0.9523892998695374,0.0,0.938555121421814,0.938555121421814,0.938555121421814,0.0
0,0.9187597632408142,0.9187597632408142,0.9187597632408142,0.0,0.9465925693511963,0.9465925693511963,0.9465925693511963,0.0,0.9363823533058167,0.9363823533058167,0.9363823533058167,0.0,0.9209349155426025,0.9209349155426025,0.9209349155426025,0.0
0,0.8859478235244751,0.9457947015762329,0.9256737232208252,0.0010977116180583835,0.9438996315002441,0.9593136310577393,0.9560768008232117,9.123131167143583e-05,0.9164382219314575,0.9466688632965088,0.9429603219032288,0.0006618777406401932,0.9088774919509888,0.9465090036392212,0.9413867592811584,0.0006317525985650718
0,0.9401881098747253,0.9401881098747253,0.9401881098747253,0.0,0.960808277130127,0.960808277130127,0.960808277130127,0.0,0.9413238167762756,0.9413238167762756,0.9413238167762756,0.0,0.9402506351470947,0.9402506351470947,0.9402506351470947,0.0
0,0.8818618655204773,0.9154521822929382,0.9121811389923096,0.0006878441199660301,0.9468476176261902,0.9565416574478149,0.9532530903816223,4.836509469896555e-05,0.9329127669334412,0.9484225511550903,0.9435698986053467,9.08224392333068e-05,0.9095204472541809,0.933650553226471,0.9330075979232788,0.0003518245357554406
0,0.856636106967926,0.9061264991760254,0.8990266919136047,0.0012111053802073002,0.9289947152137756,0.9456912279129028,0.941925585269928,0.00019012436678167433,0.9049534797668457,0.9356969594955444,0.9255419373512268,0.0004190558975096792,0.8920116424560547,0.9149897694587708,0.9103918075561523,0.000430321175372228
0,0.9355759024620056,0.9355759024620056,0.9355759024620056,0.0,0.9574873447418213,0.9574873447418213,0.9574873447418213,0.0,0.9322205781936646,0.9322205781936646,0.9322205781936646,0.0,0.9422897100448608,0.9422897100448608,0.9422897100448608,0.0
1,0.9214361906051636,0.9214361906051636,0.9214361906051636,0.0,0.9625343084335327,0.9625343084335327,0.9625343084335327,0.0,0.9351387023925781,0.9351387023925781,0.9351387023925781,0.0,0.9230912923812866,0.9230912923812866,0.9230912923812866,0.0
0,0.919333279132843,0.9368951916694641,0.9324830174446106,0.00016643438721075654,0.9499030709266663,0.9582996368408203,0.95586758852005,3.537686279742047e-05,0.9383902549743652,0.9607537984848022,0.9549024701118469,0.0002623259206302464,0.932835042476654,0.9498631358146667,0.945427417755127,0.00015252023877110332
1,0.8803943395614624,0.918197751045227,0.9074636101722717,0.0005154659156687558,0.9364041686058044,0.9482804536819458,0.9460367560386658,7.118770008673891e-05,0.9304525256156921,0.9436182379722595,0.9412021636962891,8.86575726326555e-05,0.9151338934898376,0.9358488917350769,0.9251905083656311,0.00012777485244441777
1,0.8548775315284729,0.882560670375824,0.8764946460723877,0.00046672471216879785,0.9270999431610107,0.9335812330245972,0.932529091835022,3.42709208780434e-05,0.8860134482383728,0.9192230701446533,0.9098227024078369,0.0005567145999521017,0.8750410676002502,0.8904907703399658,0.8876140713691711,0.0001708671188680455
0,0.8631998300552368,0.9105252027511597,0.9077305793762207,0.0008616445702500641,0.9355947375297546,0.9532999992370605,0.9494072794914246,0.0001378410088364035,0.9041447639465332,0.9223871827125549,0.9219458699226379,0.00023913530458230525,0.892590343952179,0.9208594560623169,0.9101845026016235,0.0003344214928802103
0,0.9125620722770691,0.9286110401153564,0.9241651296615601,0.00013105288962833583,0.9500650763511658,0.9544694423675537,0.9536283612251282,1.3542871784011368e-05,0.9282471537590027,0.9391925930976868,0.9371781945228577,8.675107528688386e-05,0.9250340461730957,0.9437853097915649,0.939104437828064,0.00019067506946157664
1,0.8817997574806213,0.944156289100647,0.9310797452926636,0.003404020331799984,0.9391050934791565,0.9634526371955872,0.9571889638900757,0.00033072452060878277,0.9229450821876526,0.9641649723052979,0.9503414034843445,0.0010103185195475817,0.9127081036567688,0.9568060636520386,0.9433842301368713,0.001213839277625084
1,0.9341087937355042,0.9341087937355042,0.9341087937355042,0.0,0.9486657977104187,0.9486657977104187,0.9486657977104187,0.0,0.9491308927536011,0.9491308927536011,0.9491308927536011,0.0,0.9411361217498779,0.9411361217498779,0.9411361217498779,0.0
0,0.941443145275116,0.941443145275116,0.941443145275116,0.0,0.9536641836166382,0.9536641836166382,0.9536641836166382,0.0,0.9243219494819641,0.9243219494819641,0.9243219494819641,0.0,0.9300245642662048,0.9300245642662048,0.9300245642662048,0.0
1,0.0,0.0,0.0,0.0,0.0,0.0,0.0,0.0,0.0,0.0,0.0,0.0,0.0,0.0,0.0,0.0
1,0.9337034225463867,0.9337034225463867,0.9337034225463867,0.0,0.9615967273712158,0.9615967273712158,0.9615967273712158,0.0,0.9407760500907898,0.9407760500907898,0.9407760500907898,0.0,0.9356448650360107,0.9356448650360107,0.9356448650360107,0.0
1,0.8864908814430237,0.9063330888748169,0.9037748575210571,0.0003888915234711021,0.9394797682762146,0.9413845539093018,0.9413161873817444,6.032280452927807e-06,0.9089919924736023,0.9252481460571289,0.9251484870910645,0.000512489175889641,0.9067928791046143,0.9276584982872009,0.9246970415115356,0.000398990698158741
1,0.9119433164596558,0.9496684074401855,0.9485584497451782,0.0006935175624676049,0.947321891784668,0.9608026742935181,0.960600733757019,7.06602368154563e-05,0.9391752481460571,0.9625760912895203,0.9618929624557495,0.0003287179279141128,0.9267261624336243,0.9484029412269592,0.9473930597305298,0.000327692978316918
0,0.9257432818412781,0.934293270111084,0.933513879776001,8.969131158664823e-05,0.9449893832206726,0.9541577100753784,0.9523738622665405,5.7603403547545895e-05,0.9292117953300476,0.9539369344711304,0.9478340744972229,0.0003344762371852994,0.9211437106132507,0.9425854086875916,0.9382510185241699,0.00030324413091875613
0,0.8794398307800293,0.8935832381248474,0.889119029045105,7.356526475632563e-05,0.9325740933418274,0.9449637532234192,0.9444761872291565,7.95161395217292e-05,0.9238054752349854,0.9386781454086304,0.935003936290741,0.0001363716000923887,0.9103193879127502,0.9333292245864868,0.9212484955787659,0.00012577828601934016
1,0.9029285311698914,0.912919282913208,0.9109705090522766,6.822964496677741e-05,0.9517476558685303,0.9542828798294067,0.9537169933319092,3.84552276955219e-06,0.9482570290565491,0.9563009738922119,0.9545938968658447,4.066201290697791e-05,0.9240467548370361,0.9275580644607544,0.9271171689033508,1.2416953723004553e-05
1,0.9288521409034729,0.9288521409034729,0.9288521409034729,0.0,0.959282398223877,0.959282398223877,0.959282398223877,0.0,0.9495325684547424,0.9495325684547424,0.9495325684547424,0.0,0.9390814304351807,0.9390814304351807,0.9390814304351807,0.0
1,0.8889893889427185,0.9017372727394104,0.8983014225959778,8.376935875276104e-05,0.9503567814826965,0.9585187435150146,0.9573941826820374,6.252555613173172e-05,0.919825553894043,0.9320919513702393,0.930422306060791,0.0001425840164301917,0.9071294665336609,0.9140808582305908,0.9131660461425781,4.6998979087220505e-05
0,0.0,0.0,0.0,0.0,0.0,0.0,0.0,0.0,0.0,0.0,0.0,0.0,0.0,0.0,0.0,0.0
1,0.9186689853668213,0.9536595344543457,0.9382472038269043,0.0002469938772264868,0.9532477855682373,0.9689162373542786,0.9591572880744934,3.6251414712751284e-05,0.9217822551727295,0.9651716351509094,0.9440593719482422,0.0004417705931700766,0.9202055335044861,0.9593465924263,0.9374165534973145,0.00024702426162548363
1,0.8706367611885071,0.8934283256530762,0.8841108083724976,0.00014798431948293,0.9201371073722839,0.932316780090332,0.925694465637207,3.2092182664200664e-05,0.9107778072357178,0.9256435632705688,0.923918604850769,0.0001740709412842989,0.9027828574180603,0.9214223623275757,0.9127131700515747,9.053920075530186e-05
1,0.8949999213218689,0.8997325897216797,0.8983719348907471,1.1257296137046069e-05,0.9431303143501282,0.9499738812446594,0.9481976628303528,2.4693998057045974e-05,0.9384951591491699,0.9422041773796082,0.9419867992401123,2.0239554942236282e-05,0.919945240020752,0.9223814606666565,0.9219768047332764,4.741250904771732e-06
1,0.8927785754203796,0.9031615257263184,0.9001027941703796,5.3955576731823385e-05,0.9416412711143494,0.9507656097412109,0.9492568373680115,6.678199861198664e-05,0.9191115498542786,0.9339559078216553,0.931250810623169,0.00016111212607938796,0.9043232798576355,0.9095665812492371,0.9081162214279175,1.3996694178786129e-05
0,0.9038271903991699,0.9367254376411438,0.9239183664321899,0.00041009034612216055,0.9450732469558716,0.9562221169471741,0.952643632888794,3.720181484823115e-05,0.9184159636497498,0.9602643847465515,0.9451255798339844,0.0004986577550880611,0.9106349945068359,0.9438906908035278,0.9303714632987976,0.0003957886656280607
1,0.9390923976898193,0.9390923976898193,0.9390923976898193,0.0,0.9490504264831543,0.9490504264831543,0.9490504264831543,0.0,0.9423862099647522,0.9423862099647522,0.9423862099647522,0.0,0.9394672513008118,0.9394672513008118,0.9394672513008118,0.0
0,0.865149974822998,0.9147014617919922,0.8896788358688354,0.0006127525703050196,0.9371111989021301,0.9562757611274719,0.947235107421875,9.949463128577918e-05,0.9057018756866455,0.947780966758728,0.9275863170623779,0.0003352218773216009,0.8895090222358704,0.926712691783905,0.9138318300247192,0.0003614933229982853
0,0.9452863335609436,0.9452863335609436,0.9452863335609436,0.0,0.9622455835342407,0.9622455835342407,0.9622455835342407,0.0,0.96343994140625,0.96343994140625,0.96343994140625,0.0,0.9568197727203369,0.9568197727203369,0.9568197727203369,0.0
0,0.0,0.0,0.0,0.0,0.0,0.0,0.0,0.0,0.0,0.0,0.0,0.0,0.0,0.0,0.0,0.0
1,0.9573623538017273,0.9573623538017273,0.9573623538017273,0.0,0.9606913328170776,0.9606913328170776,0.9606913328170776,0.0,0.961310088634491,0.961310088634491,0.961310088634491,0.0,0.9564122557640076,0.9564122557640076,0.9564122557640076,0.0
1,0.9211401343345642,0.9287388324737549,0.9285041689872742,9.856821270659566e-05,0.9535551071166992,0.9567809104919434,0.9561794996261597,7.43938790037646e-06,0.943490743637085,0.9487228393554688,0.9485476613044739,4.609634925145656e-05,0.9337363839149475,0.9433411955833435,0.9419023394584656,8.081117266556248e-05
0,0.9351966977119446,0.9351966977119446,0.9351966977119446,0.0,0.9579852819442749,0.9579852819442749,0.9579852819442749,0.0,0.9379035830497742,0.9379035830497742,0.9379035830497742,0.0,0.9384945631027222,0.9384945631027222,0.9384945631027222,0.0
0,0.8952628374099731,0.8952628374099731,0.8952628374099731,0.0,0.9402017593383789,0.9402017593383789,0.9402017593383789,0.0,0.8950372934341431,0.8950372934341431,0.8950372934341431,0.0,0.8782943487167358,0.8782943487167358,0.8782943487167358,0.0
0,0.8543116450309753,0.8703530430793762,0.8659007549285889,0.00013082573423162103,0.9340344071388245,0.940850555896759,0.9401164054870605,5.186113776289858e-05,0.9077934622764587,0.9287962317466736,0.9241213798522949,0.00026462163077667356,0.8703417778015137,0.8950998783111572,0.8881964683532715,0.00031105897505767643
0,0.87654048204422,0.9337074160575867,0.9259102940559387,0.00193178525660187,0.9386531710624695,0.9608842134475708,0.9534048438072205,0.00019827154756058007,0.923151969909668,0.9560422897338867,0.9551423788070679,0.0008101740968413651,0.9167572855949402,0.9521372318267822,0.9461613297462463,0.0008600977016612887
1,0.9262861609458923,0.9262861609458923,0.9262861609458923,0.0,0.9533205032348633,0.9533205032348633,0.9533205032348633,0.0,0.9223771095275879,0.9223771095275879,0.9223771095275879,0.0,0.9235239028930664,0.9235239028930664,0.9235239028930664,0.0
0,0.8317906260490417,0.8440206050872803,0.8419314622879028,0.00011638555588433519,0.9283810257911682,0.9332761168479919,0.9329665303230286,3.436668703216128e-05,0.8553102016448975,0.8691412210464478,0.8685881495475769,0.0003111983241979033,0.8403227925300598,0.8540284633636475,0.8505190014839172,9.996670996770263e-05
0,0.9102262854576111,0.9372242093086243,0.932105302810669,0.0005125008756294847,0.953824520111084,0.9621657133102417,0.9602257013320923,4.005841037724167e-05,0.9337241053581238,0.9476232528686523,0.9467273950576782,0.00027523739845491946,0.9271678924560547,0.9436639547348022,0.9428176879882812,0.0004165811405982822
0,0.9173701405525208,0.9294130802154541,0.9289332628250122,0.00023611984215676785,0.9443864226341248,0.9508509635925293,0.9491963982582092,2.224703894171398e-05,0.9513165950775146,0.9591654539108276,0.9588140249252319,9.768462041392922e-05,0.9362033009529114,0.9454888701438904,0.945212185382843,0.00014802873192820698
1,0.9080369472503662,0.9160026907920837,0.9146095514297485,4.827872908208519e-05,0.9499641060829163,0.9521044492721558,0.951812207698822,4.33061131843715e-06,0.9169842600822449,0.9375139474868774,0.9317756295204163,0.00021368129819165915,0.9254598021507263,0.9289630055427551,0.9284714460372925,1.1351454304531217e-05
0,0.9147217273712158,0.9147217273712158,0.9147217273712158,0.0,0.9435888528823853,0.9435888528823853,0.9435888528823853,0.0,0.8926481604576111,0.8926481604576111,0.8926481604576111,0.0,0.9021337032318115,0.9021337032318115,0.9021337032318115,0.0
0,0.8784561157226562,0.8879127502441406,0.8854116797447205,4.659468322643079e-05,0.934967577457428,0.9407511353492737,0.9403762817382812,4.755888949148357e-05,0.9207966327667236,0.9288978576660156,0.9268289804458618,3.4992233850061893e-05,0.9037933349609375,0.9091830253601074,0.9087152481079102,3.653145904536359e-05
0,0.8744066953659058,0.9287070035934448,0.9096311926841736,0.0011667723301798105,0.9360844492912292,0.9530445337295532,0.9490870833396912,0.0001321959134656936,0.9169594645500183,0.9398448467254639,0.9392685890197754,0.00047788405208848417,0.8966339826583862,0.9253793358802795,0.9187585115432739,0.0005592125817202032
0,0.9361789226531982,0.9361789226531982,0.9361789226531982,0.0,0.9535399675369263,0.9535399675369263,0.9535399675369263,0.0,0.9250943064689636,0.9250943064689636,0.9250943064689636,0.0,0.9253929853439331,0.9253929853439331,0.9253929853439331,0.0
1,0.9046649932861328,0.9369353652000427,0.9289949536323547,0.0005711896228604019,0.9424569010734558,0.9574791193008423,0.9530321955680847,0.00011289396206848323,0.9374516606330872,0.9480958580970764,0.9473600387573242,0.00015730019367765635,0.9169999957084656,0.9501187205314636,0.9410731196403503,0.0005616283160634339
1,0.8842284679412842,0.9308807253837585,0.925946831703186,0.001066814991645515,0.9390568137168884,0.961219072341919,0.9529844522476196,0.00014548750186804682,0.9075540900230408,0.9447039365768433,0.9393606185913086,0.0008081906707957387,0.8949607014656067,0.9357031583786011,0.9296972751617432,0.0007503919769078493
1,0.8703479766845703,0.9514663815498352,0.9206411242485046,0.002524628536775708,0.9370542764663696,0.9687966108322144,0.9566701650619507,0.0003467833739705384,0.9105160236358643,0.9714952111244202,0.9459389448165894,0.0008928285678848624,0.8923615217208862,0.9582998752593994,0.9301086068153381,0.0012069703079760075
1,0.8523249626159668,0.9438804388046265,0.9199634790420532,0.0032981231343001127,0.9252767562866211,0.9651833176612854,0.949146568775177,0.0005000692326575518,0.8833801746368408,0.9444578886032104,0.9373300671577454,0.0017830502474680543,0.873677134513855,0.9431336522102356,0.9242588877677917,0.0018099701264873147
1,0.8592082858085632,0.9134611487388611,0.8983712792396545,0.0014951307093724608,0.9289094805717468,0.9582673907279968,0.9503438472747803,0.00044396574958227575,0.8898453116416931,0.9403425455093384,0.9279223084449768,0.0013991063460707664,0.8854463696479797,0.9227719306945801,0.9134181141853333,0.000753263768274337
0,0.9041385650634766,0.9041385650634766,0.9041385650634766,0.0,0.9450404644012451,0.9450404644012451,0.9450404644012451,0.0,0.9172326326370239,0.9172326326370239,0.9172326326370239,0.0,0.9023141264915466,0.9023141264915466,0.9023141264915466,0.0
1,0.9053437113761902,0.9234219789505005,0.9198886156082153,0.00022295421513263136,0.9477205872535706,0.9587150812149048,0.956718921661377,8.869951852830127e-05,0.9415456652641296,0.950270414352417,0.9502220153808594,0.00014805985847488046,0.9230766296386719,0.9325663447380066,0.9322895407676697,0.00015511536912526935
1,0.9431344866752625,0.9431344866752625,0.9431344866752625,0.0,0.9604653120040894,0.9604653120040894,0.9604653120040894,0.0,0.9496436715126038,0.9496436715126038,0.9496436715126038,0.0,0.9411108493804932,0.9411108493804932,0.9411108493804932,0.0
1,0.935584545135498,0.935584545135498,0.935584545135498,0.0,0.9579284191131592,0.9579284191131592,0.9579284191131592,0.0,0.9403060674667358,0.9403060674667358,0.9403060674667358,0.0,0.9387322664260864,0.9387322664260864,0.9387322664260864,0.0
1,0.9271717667579651,0.9271717667579651,0.9271717667579651,0.0,0.9437563419342041,0.9437563419342041,0.9437563419342041,0.0,0.9031561613082886,0.9031561613082886,0.9031561613082886,0.0,0.9146957993507385,0.9146957993507385,0.9146957993507385,0.0
0,0.893456757068634,0.893456757068634,0.893456757068634,0.0,0.9320032596588135,0.9320032596588135,0.9320032596588135,0.0,0.8708882927894592,0.8708882927894592,0.8708882927894592,0.0,0.8788497447967529,0.8788497447967529,0.8788497447967529,0.0
0,0.9054934978485107,0.9054934978485107,0.9054934978485107,0.0,0.9340659976005554,0.9340659976005554,0.9340659976005554,0.0,0.9000356793403625,0.9000356793403625,0.9000356793403625,0.0,0.9112186431884766,0.9112186431884766,0.9112186431884766,0.0
1,0.9046182632446289,0.9301227331161499,0.9237942695617676,0.0003544065111782402,0.9326820373535156,0.9550313949584961,0.9487139582633972,0.00025224851560778916,0.895893394947052,0.9409399628639221,0.9285421371459961,0.0010353585239499807,0.8973860740661621,0.9251940250396729,0.9189541339874268,0.0004603185225278139
1,0.8304290175437927,0.9382960200309753,0.9171322584152222,0.010309332050383091,0.9186487197875977,0.9665395021438599,0.9540894031524658,0.0018131581600755453,0.8913015723228455,0.9464507699012756,0.9350185394287109,0.001852871268056333,0.882108747959137,0.9404641389846802,0.9313548803329468,0.0020595926325768232
0,0.8906572461128235,0.9147830009460449,0.9117040634155273,0.0005792842130176723,0.9408161044120789,0.9471789598464966,0.946178138256073,3.398637272766791e-05,0.9351736903190613,0.9535279273986816,0.949528694152832,0.00020629227219615132,0.9002020955085754,0.9177291393280029,0.9147853851318359,0.00024287145060952753
0,0.8948811888694763,0.9373630881309509,0.9266319274902344,0.0007467535324394703,0.9436119794845581,0.9572747349739075,0.9547525644302368,9.250795119442046e-05,0.9221503734588623,0.9601634740829468,0.9494890570640564,0.0008317928877659142,0.905944287776947,0.9455578923225403,0.9307433366775513,0.0007351688109338284
1,0.9299789071083069,0.9299789071083069,0.9299789071083069,0.0,0.9546711444854736,0.9546711444854736,0.9546711444854736,0.0,0.948701024055481,0.948701024055481,0.948701024055481,0.0,0.9378454089164734,0.9378454089164734,0.9378454089164734,0.0
0,0.8990117907524109,0.9368168115615845,0.9265627861022949,0.0007343234028667212,0.9414086937904358,0.9563944935798645,0.9525598287582397,0.00011957043170696124,0.9271249771118164,0.9474061727523804,0.9434456825256348,0.00028084288351237774,0.9110460877418518,0.9361123442649841,0.9316165447235107,0.0004665783199016005
1,0.8785207867622375,0.9161763787269592,0.9051294326782227,0.0007100111688487232,0.9384000897407532,0.9440633654594421,0.9430670738220215,2.426536775601562e-05,0.9238362312316895,0.951894998550415,0.9436056613922119,0.00039392089820466936,0.9042962193489075,0.9350327253341675,0.9270239472389221,0.0004968554130755365
0,0.9066750407218933,0.9190833568572998,0.917717695236206,9.352318738820031e-05,0.9430813789367676,0.9501351118087769,0.9496777653694153,3.9656541048316285e-05,0.9268384575843811,0.9537292122840881,0.9470250606536865,0.00023042666725814342,0.9203823208808899,0.9446790218353271,0.9378575086593628,0.00020022084936499596
1,0.8479463458061218,0.917905330657959,0.8998774290084839,0.002593138488009572,0.92911696434021,0.9507476091384888,0.9456572532653809,0.00026655287365429103,0.8548930287361145,0.924578070640564,0.9080109000205994,0.002741687698289752,0.8633221983909607,0.9171028733253479,0.9046577215194702,0.0016730042407289147
1,0.8854538798332214,0.9393945932388306,0.9321228265762329,0.0012885126052424312,0.9392818212509155,0.9529784917831421,0.9505701065063477,8.569697092752904e-05,0.891191303730011,0.9325426816940308,0.9272638559341431,0.0008171999943442643,0.8837783932685852,0.9399484992027283,0.9276142120361328,0.0011332806898280978
0,0.940528392791748,0.940528392791748,0.940528392791748,0.0,0.9550092220306396,0.9550092220306396,0.9550092220306396,0.0,0.9389102458953857,0.9389102458953857,0.9389102458953857,0.0,0.9390857815742493,0.9390857815742493,0.9390857815742493,0.0
1,0.9061770439147949,0.9443312883377075,0.9380950927734375,0.00046289502643048763,0.9452464580535889,0.9582757949829102,0.9546032547950745,5.371876250137575e-05,0.9224026799201965,0.9492169618606567,0.947234034538269,0.0005790002178400755,0.9148890376091003,0.9507534503936768,0.9425697922706604,0.0005255865398794413
0,0.7727762460708618,0.9760150909423828,0.9223322868347168,0.009875121526420116,0.9102195501327515,0.9895209670066833,0.964949905872345,0.00104877061676234,0.87410968542099,0.9959341883659363,0.9787499904632568,0.0035117033403366804,0.8630539774894714,0.9952806234359741,0.9754601716995239,0.0038283374160528183
0,0.9090908169746399,0.9187628030776978,0.9176971316337585,0.00010294972889823839,0.9462723135948181,0.9527220726013184,0.9508371949195862,2.0841544028371572e-05,0.9211017489433289,0.9411656260490417,0.9354873299598694,0.00020321582269389182,0.9155678749084473,0.9266935586929321,0.9233639240264893,6.189105624798685e-05
1,0.8911216259002686,0.9119674563407898,0.9091230034828186,0.0002233150735264644,0.943873405456543,0.9541574716567993,0.9525455236434937,0.00010266187018714845,0.9336125254631042,0.9465389847755432,0.945555567741394,0.00010001289774663746,0.9184278845787048,0.9356950521469116,0.9319391250610352,0.00013321176811587065
0,0.8611050844192505,0.8611050844192505,0.8611050844192505,0.0,0.9196041822433472,0.9196041822433472,0.9196041822433472,0.0,0.8749037981033325,0.8749037981033325,0.8749037981033325,0.0,0.8506826162338257,0.8506826162338257,0.8506826162338257,0.0
1,0.8730003237724304,0.9283016920089722,0.9202299118041992,0.0017953630303964019,0.9426813721656799,0.9609349370002747,0.9589779376983643,0.00015112996334210038,0.9157313704490662,0.9470462799072266,0.9431566596031189,0.0005711629637517035,0.9072370529174805,0.9416353702545166,0.9354562163352966,0.0006238080677576363
1,0.9201939702033997,0.9268790483474731,0.9260695576667786,4.618427556124516e-05,0.9484259486198425,0.952284574508667,0.9516986608505249,1.2891615369881038e-05,0.9333067536354065,0.94965660572052,0.945194661617279,0.0001369292294839397,0.9266698956489563,0.9357894062995911,0.9338615536689758,5.246279761195183e-05
1,0.8831751942634583,0.9086414575576782,0.9069787859916687,0.0004373871779534966,0.939530074596405,0.9537940621376038,0.9490978717803955,9.341894474346191e-05,0.9260931611061096,0.958224892616272,0.9436197280883789,0.00026734467246569693,0.9098940491676331,0.9363077878952026,0.9305155873298645,0.00023633611272089183
1,0.892642617225647,0.9558942317962646,0.9313929677009583,0.0012202516663819551,0.9450548887252808,0.9622259736061096,0.9546005725860596,9.467987547395751e-05,0.9293498396873474,0.9646156430244446,0.9533787965774536,0.0005404502153396606,0.9149541854858398,0.9601765871047974,0.9403235912322998,0.0005922657437622547
0,0.8754864931106567,0.9265033602714539,0.9197322130203247,0.0011181592708453536,0.9346351623535156,0.9545633792877197,0.9508116841316223,0.0001447033864678815,0.9304170608520508,0.9622284173965454,0.9530335068702698,0.0003416170075070113,0.9097952842712402,0.9487845301628113,0.94166100025177,0.0005156924016773701
0,0.9081529974937439,0.9407700300216675,0.9337081909179688,0.0004881008935626596,0.9495916366577148,0.962350606918335,0.9604552984237671,7.631670450791717e-05,0.9263784885406494,0.9503412246704102,0.9459165334701538,0.00030792434699833393,0.9176251292228699,0.9337767362594604,0.9311637878417969,0.00013844248314853758
0,0.9466884136199951,0.9466884136199951,0.9466884136199951,0.0,0.9599921107292175,0.9599921107292175,0.9599921107292175,0.0,0.9470627307891846,0.9470627307891846,0.9470627307891846,0.0,0.9448699951171875,0.9448699951171875,0.9448699951171875,0.0
1,0.939272403717041,0.9515087604522705,0.9490455389022827,0.00010114976612385362,0.9555503726005554,0.9614956378936768,0.9599325060844421,1.9397022697376087e-05,0.9417943954467773,0.9578065872192383,0.953822135925293,0.00018624131917022169,0.9410842657089233,0.9531226754188538,0.9525554180145264,0.00012077059363946319
0,0.914081871509552,0.914081871509552,0.914081871509552,0.0,0.9512401819229126,0.9512401819229126,0.9512401819229126,0.0,0.9094722270965576,0.9094722270965576,0.9094722270965576,0.0,0.9027048349380493,0.9027048349380493,0.9027048349380493,0.0
1,0.912826657295227,0.9468176960945129,0.9395958185195923,0.000567016308195889,0.952063262462616,0.9606882333755493,0.9596079587936401,4.3932406697422266e-05,0.9207565188407898,0.952671229839325,0.9487779140472412,0.0005434195045381784,0.9210853576660156,0.9464150667190552,0.9430426955223083,0.00030707812402397394
1,0.9469518065452576,0.9469518065452576,0.9469518065452576,0.0,0.9592325091362,0.9592325091362,0.9592325091362,0.0,0.9521052241325378,0.9521052241325378,0.9521052241325378,0.0,0.94768887758255,0.94768887758255,0.94768887758255,0.0
0,0.8941133618354797,0.9149171113967896,0.9054000377655029,0.00011481575347715989,0.9412434697151184,0.9525572061538696,0.9489139318466187,6.730484892614186e-05,0.932969868183136,0.9466223120689392,0.9414345026016235,5.140196662978269e-05,0.913371741771698,0.9320104122161865,0.9272037744522095,0.00012467261694837362
0,0.9011290073394775,0.9011290073394775,0.9011290073394775,0.0,0.927366316318512,0.927366316318512,0.927366316318512,0.0,0.876484215259552,0.876484215259552,0.876484215259552,0.0,0.8873280882835388,0.8873280882835388,0.8873280882835388,0.0
1,0.908166766166687,0.908166766166687,0.908166766166687,0.0,0.9414173364639282,0.9414173364639282,0.9414173364639282,0.0,0.9067946672439575,0.9067946672439575,0.9067946672439575,0.0,0.9107990264892578,0.9107990264892578,0.9107990264892578,0.0
1,0.0,0.0,0.0,0.0,0.0,0.0,0.0,0.0,0.0,0.0,0.0,0.0,0.0,0.0,0.0,0.0
1,0.877546489238739,0.9120787978172302,0.9119592905044556,0.0011022227117791772,0.9367032647132874,0.9424880743026733,0.9422642588615417,3.5169035982107744e-05,0.9010700583457947,0.9404205083847046,0.9298760890960693,0.0006729361484758556,0.8808534145355225,0.9245942831039429,0.9173411130905151,0.0012153121642768383
0,0.9104640483856201,0.9405046105384827,0.9298199415206909,0.00024212243442889303,0.9449952244758606,0.9562138319015503,0.9550043344497681,0.00014029414160177112,0.9426460862159729,0.9580821990966797,0.9578618407249451,0.00016080534260254353,0.9322090744972229,0.9536231756210327,0.9477496147155762,0.00016308925114572048
1,0.8604192733764648,0.8604192733764648,0.8604192733764648,0.0,0.9185202717781067,0.9185202717781067,0.9185202717781067,0.0,0.8643072843551636,0.8643072843551636,0.8643072843551636,0.0,0.853762149810791,0.853762149810791,0.853762149810791,0.0
1,0.0,0.0,0.0,0.0,0.0,0.0,0.0,0.0,0.0,0.0,0.0,0.0,0.0,0.0,0.0,0.0
1,0.932572066783905,0.9428321719169617,0.9404500722885132,7.927111437311396e-05,0.9523014426231384,0.9582233428955078,0.9571596384048462,2.1628255126415752e-05,0.9151100516319275,0.9270991086959839,0.9243413209915161,0.00011134368105558679,0.9284365773200989,0.9418412446975708,0.9389594793319702,7.679752889089286e-05
0,0.9109585881233215,0.9319382905960083,0.9273462295532227,0.00017657876014709473,0.9375081062316895,0.9546191692352295,0.9492213726043701,0.00013730402861256152,0.9238216280937195,0.9426456689834595,0.9400262236595154,0.0003260082157794386,0.9150104522705078,0.936482310295105,0.9296258091926575,0.00025896518491208553
1,0.9155866503715515,0.9238374829292297,0.9235268831253052,0.00011213677498744801,0.9482582211494446,0.9509925246238708,0.9506219625473022,7.108964837243548e-06,0.922691822052002,0.9332705140113831,0.9308972954750061,6.663245585514233e-05,0.9271513819694519,0.9320355653762817,0.9316847920417786,3.2629293855279684e-05
0,0.9363442063331604,0.9363442063331604,0.9363442063331604,0.0,0.9545904994010925,0.9545904994010925,0.9545904994010925,0.0,0.9271938800811768,0.9271938800811768,0.9271938800811768,0.0,0.9342544078826904,0.9342544078826904,0.9342544078826904,0.0
0,0.953403651714325,0.953403651714325,0.953403651714325,0.0,0.9498388767242432,0.9498388767242432,0.9498388767242432,0.0,0.9611345529556274,0.9611345529556274,0.9611345529556274,0.0,0.9541707038879395,0.9541707038879395,0.9541707038879395,0.0
0,0.8602570295333862,0.9202703833580017,0.896920382976532,0.0007572888280265033,0.9337157011032104,0.9557991027832031,0.9451760649681091,7.963131065480411e-05,0.9159263372421265,0.9584417939186096,0.9363077878952026,0.0003351315972395241,0.9013538360595703,0.9425058960914612,0.9226624369621277,0.00026492291362956166
0,0.880587100982666,0.9211291074752808,0.9096179604530334,0.0008288989192806184,0.9411445260047913,0.951040506362915,0.9484037160873413,5.080232222098857e-05,0.9150077700614929,0.9436523914337158,0.9352647662162781,0.00041096346103586257,0.894446074962616,0.9283761978149414,0.9189976453781128,0.0005863060359843075
1,0.9185175895690918,0.9248707294464111,0.9237024784088135,2.9250448278617114e-05,0.944654643535614,0.9489306211471558,0.9487488865852356,2.9347631425480358e-05,0.9388680458068848,0.9492471218109131,0.9475713968276978,8.832642197376117e-05,0.9238452315330505,0.9321721196174622,0.9307887554168701,5.537783363251947e-05
1,0.0,0.0,0.0,0.0,0.0,0.0,0.0,0.0,0.0,0.0,0.0,0.0,0.0,0.0,0.0,0.0
1,0.8895561099052429,0.918996274471283,0.9162905812263489,0.0005413905018940568,0.9453948736190796,0.957485020160675,0.955197811126709,5.327078906702809e-05,0.9130610227584839,0.9529643654823303,0.9337214231491089,0.0006358470418490469,0.9085265398025513,0.9349943399429321,0.92998206615448,0.00033441587584093213
0,0.9438760280609131,0.9438760280609131,0.9438760280609131,0.0,0.955673098564148,0.955673098564148,0.955673098564148,0.0,0.9578852653503418,0.9578852653503418,0.9578852653503418,0.0,0.9408451914787292,0.9408451914787292,0.9408451914787292,0.0
1,0.8962613940238953,0.9284894466400146,0.9277432560920715,0.0007110047736205161,0.9399344325065613,0.9572152495384216,0.9533513784408569,0.00016858380695339292,0.9260997176170349,0.9440348148345947,0.938864529132843,0.00020423323439899832,0.9138651490211487,0.9358229637145996,0.9320119619369507,0.0002770411956589669
0,0.8352013230323792,0.9112764596939087,0.8900243043899536,0.0029348137322813272,0.9158861637115479,0.9409855604171753,0.9343735575675964,0.0003290299791842699,0.8823952674865723,0.9146519899368286,0.9091935157775879,0.0008168467902578413,0.8629791140556335,0.8979138135910034,0.8924264907836914,0.0010257406393066049
1,0.9077560901641846,0.9235904216766357,0.9208211898803711,0.00011589310452109203,0.9398100972175598,0.9495676159858704,0.9484097361564636,6.656689220108092e-05,0.9304006099700928,0.9528459310531616,0.9513863325119019,0.00022864517814014107,0.921583890914917,0.9476218819618225,0.9400596618652344,0.00021448168263304979
1,0.888432502746582,0.9341221451759338,0.9250844717025757,0.0006658894126303494,0.9375341534614563,0.955706000328064,0.946830153465271,7.620592077728361e-05,0.916614830493927,0.9490832090377808,0.9340499043464661,0.00019874470308423042,0.8968508243560791,0.9369743466377258,0.9193868637084961,0.0003092694969382137
1,0.899865448474884,0.9206302165985107,0.91341233253479,0.00014661908790003508,0.9448016285896301,0.9515411853790283,0.950344443321228,2.273111567774322e-05,0.92884761095047,0.942034125328064,0.9408036470413208,9.365652658743784e-05,0.90291827917099,0.9320673942565918,0.9247583746910095,0.0003133477584924549
0,0.8509355783462524,0.9368472099304199,0.9283828139305115,0.0038897942285984755,0.9267088174819946,0.962355375289917,0.9546613097190857,0.0006677322671748698,0.9116092324256897,0.9565538763999939,0.9482541084289551,0.0008938120445236564,0.8879415392875671,0.9488294720649719,0.9341558218002319,0.0014697860460728407
1,0.9021482467651367,0.9021482467651367,0.9021482467651367,0.0,0.9463455677032471,0.9463455677032471,0.9463455677032471,0.0,0.9289748072624207,0.9289748072624207,0.9289748072624207,0.0,0.9081661105155945,0.9081661105155945,0.9081661105155945,0.0
0,0.8987135291099548,0.8987135291099548,0.8987135291099548,0.0,0.9455949068069458,0.9455949068069458,0.9455949068069458,0.0,0.9122107625007629,0.9122107625007629,0.9122107625007629,0.0,0.9067953824996948,0.9067953824996948,0.9067953824996948,0.0
1,0.9091031551361084,0.9508990049362183,0.9397369027137756,0.0009050305816344917,0.9452123045921326,0.9589550495147705,0.9551774859428406,9.641874203225598e-05,0.9141319394111633,0.9462699890136719,0.9396500587463379,0.000668578315526247,0.9030447006225586,0.9511215686798096,0.9393499493598938,0.0012728626606985927
0,0.8657848834991455,0.9334315061569214,0.9153662323951721,0.0017732593696564436,0.9342007040977478,0.9618673920631409,0.9540387988090515,0.000313864613417536,0.9102013111114502,0.9549931287765503,0.948482096195221,0.0014640848385170102,0.8925290107727051,0.9412356019020081,0.9292407631874084,0.0013974581379443407
1,0.9420375823974609,0.9420375823974609,0.9420375823974609,0.0,0.956511378288269,0.956511378288269,0.956511378288269,0.0,0.9581600427627563,0.9581600427627563,0.9581600427627563,0.0,0.9468966722488403,0.9468966722488403,0.9468966722488403,0.0
1,0.902929425239563,0.902929425239563,0.902929425239563,0.0,0.9453364610671997,0.9453364610671997,0.9453364610671997,0.0,0.9255855679512024,0.9255855679512024,0.9255855679512024,0.0,0.9036340713500977,0.9036340713500977,0.9036340713500977,0.0
1,0.9053458571434021,0.9317777156829834,0.9238573312759399,0.0003493229451123625,0.9418261051177979,0.9478567838668823,0.9466952681541443,2.5176219423883595e-05,0.9296927452087402,0.949453592300415,0.944580078125,0.00021378476230893284,0.9281823039054871,0.946966290473938,0.9418705105781555,0.00018126930808648467
1,0.8955861926078796,0.9045138955116272,0.9024506211280823,4.615684520103969e-05,0.9372313618659973,0.9425166249275208,0.9413362145423889,1.670355959504377e-05,0.9201104044914246,0.9296416640281677,0.9277155995368958,5.9941474319202825e-05,0.9100310802459717,0.9166285395622253,0.9150922894477844,2.503329778846819e-05
1,0.84039306640625,0.8716044425964355,0.8631218671798706,0.0007312932866625488,0.9230475425720215,0.9368873834609985,0.9350957274436951,0.00011560678103705868,0.9070765376091003,0.9412065744400024,0.9305262565612793,0.0005171055090613663,0.8936511278152466,0.9149361848831177,0.9112378358840942,0.000302729633403942
1,0.8987728953361511,0.9198911190032959,0.9144461750984192,0.00023620843421667814,0.9502652287483215,0.9527502655982971,0.9521332383155823,3.3624880870775087e-06,0.9189241528511047,0.9402204751968384,0.935890793800354,0.00029743867344222963,0.9154019951820374,0.9334192276000977,0.9301446080207825,0.0002379611396463588
0,0.913241446018219,0.9366099834442139,0.9296368360519409,0.000273066689260304,0.9521178603172302,0.9628695249557495,0.9603992700576782,6.730607856297866e-05,0.9385428428649902,0.955290675163269,0.9526289701461792,0.00023327789676841348,0.9304394125938416,0.9471529722213745,0.9432722330093384,0.00016108022828120738
1,0.0,0.0,0.0,0.0,0.0,0.0,0.0,0.0,0.0,0.0,0.0,0.0,0.0,0.0,0.0,0.0
1,0.9071413278579712,0.9505160450935364,0.9367411136627197,0.0005724439979530871,0.9465316534042358,0.9609792232513428,0.9547631740570068,5.7695931900525466e-05,0.9298450350761414,0.9646798968315125,0.9529638290405273,0.0005170896183699369,0.9176731705665588,0.9554474949836731,0.9434711933135986,0.0004302193410694599
1,0.8628184199333191,0.9016361236572266,0.8953949213027954,0.00124015670735389,0.9316461682319641,0.9387830495834351,0.9387115240097046,9.684905671747401e-05,0.8898868560791016,0.8950915932655334,0.8944579362869263,2.7889967896044254e-05,0.8807553648948669,0.8890228867530823,0.8870003819465637,3.766831287066452e-05
0,0.8949097990989685,0.9126561880111694,0.9079848527908325,0.00013581197708845139,0.9442679286003113,0.947652280330658,0.9476463794708252,4.266062387614511e-05,0.9291257858276367,0.9364583492279053,0.9357465505599976,0.00010182589176110923,0.9194109439849854,0.9259984493255615,0.9258546829223633,4.906706089968793e-05
0,0.9365816116333008,0.9365816116333008,0.9365816116333008,0.0,0.9472129940986633,0.9472129940986633,0.9472129940986633,0.0,0.9368504285812378,0.9368504285812378,0.9368504285812378,0.0,0.937879204750061,0.937879204750061,0.937879204750061,0.0
0,0.8101649880409241,0.9217275977134705,0.8855201005935669,0.003973563201725483,0.9130083322525024,0.944025993347168,0.9320294857025146,0.00032652466325089335,0.8921958804130554,0.9383198022842407,0.9326756596565247,0.0008611821103841066,0.8841891884803772,0.9251908659934998,0.9215384125709534,0.0008349499548785388
1,0.9436050057411194,0.9505429267883301,0.9487746357917786,2.5700557671370916e-05,0.9552157521247864,0.9580044746398926,0.9572098851203918,3.91794173992821e-06,0.9598268866539001,0.9650855660438538,0.9637939929962158,1.5190414160315413e-05,0.9508967399597168,0.9542851448059082,0.9534857273101807,6.526347078761319e-06
1,0.9070203304290771,0.9434945583343506,0.9341821670532227,0.00042596147977747023,0.9420607089996338,0.9485665559768677,0.9482069611549377,3.793368159676902e-05,0.9396333694458008,0.9503157138824463,0.949169397354126,0.00014249555533751845,0.9247262477874756,0.9420515298843384,0.9390639066696167,0.00019198075460735708
0,0.8768646121025085,0.9306245446205139,0.9291788935661316,0.0019152290187776089,0.9418126344680786,0.9609642028808594,0.9554736614227295,0.00013858020247425884,0.8824238181114197,0.9407393932342529,0.9360172748565674,0.00182526302523911,0.8795871138572693,0.9301531314849854,0.9264349341392517,0.001565937651321292
0,0.874254047870636,0.916287899017334,0.9115445613861084,0.000988877029158175,0.9312596321105957,0.9450980424880981,0.9450870752334595,0.00017412622401025146,0.9081160426139832,0.9371463060379028,0.9319576025009155,0.0004891378921456635,0.8977299332618713,0.9276013374328613,0.9249890446662903,0.0005830367445014417
1,0.8902275562286377,0.9056872725486755,0.903895914554596,0.0002545488823670894,0.9396703839302063,0.950307309627533,0.9476426839828491,6.119034514995292e-05,0.9343862533569336,0.9462165236473083,0.9451168179512024,0.0001699685672065243,0.9133057594299316,0.9272011518478394,0.925355851650238,0.0001865027006715536
0,0.8929421901702881,0.9491564035415649,0.9260982871055603,0.000983944395557046,0.9427313208580017,0.9617293477058411,0.9543696045875549,9.458939166506752e-05,0.9192516803741455,0.9604140520095825,0.9466005563735962,0.0005451144534163177,0.9094322323799133,0.9518895149230957,0.9339076280593872,0.0005422238609753549
1,0.8904825448989868,0.9379286766052246,0.9211769104003906,0.0007506658439524472,0.9400954842567444,0.9620193839073181,0.954252302646637,0.00014043512055650353,0.9289289116859436,0.9568029642105103,0.9486427903175354,0.0003031317319255322,0.9151566624641418,0.9442826509475708,0.9330804944038391,0.0002432462206343189
0,0.9133722186088562,0.9133722186088562,0.9133722186088562,0.0,0.9435961246490479,0.9435961246490479,0.9435961246490479,0.0,0.92152339220047,0.92152339220047,0.92152339220047,0.0,0.9094563722610474,0.9094563722610474,0.9094563722610474,0.0
0,0.9129001498222351,0.9356967210769653,0.9304839968681335,0.00030391980544663966,0.9467589259147644,0.9587052464485168,0.9555460810661316,7.436406303895637e-05,0.9395745396614075,0.9520073533058167,0.9485518932342529,7.854179420974106e-05,0.918510377407074,0.9380301237106323,0.9330102801322937,0.00020216242410242558
0,0.9438380002975464,0.9438380002975464,0.9438380002975464,0.0,0.9571985006332397,0.9571985006332397,0.9571985006332397,0.0,0.9513672590255737,0.9513672590255737,0.9513672590255737,0.0,0.9426352381706238,0.9426352381706238,0.9426352381706238,0.0
1,0.9404074549674988,0.9460517168045044,0.945663571357727,4.431846537045203e-05,0.9536006450653076,0.9576694369316101,0.9574329853057861,2.442095683363732e-05,0.947924792766571,0.9597679376602173,0.9584522247314453,0.00015355365758296102,0.9421312212944031,0.9506383538246155,0.9504954814910889,0.00013293039228301495
0,0.9188833236694336,0.9280284643173218,0.9263448119163513,6.0538393881870434e-05,0.9516199231147766,0.9568682909011841,0.95613032579422,2.5436085707042366e-05,0.9351004958152771,0.9433696269989014,0.9431027770042419,0.00011587682092795148,0.9278966784477234,0.9362251162528992,0.9352535009384155,7.354039553320035e-05
0,0.9035260081291199,0.9242261052131653,0.918912410736084,0.00022763916058465838,0.9440729022026062,0.9501437544822693,0.9498907923698425,5.942065399722196e-05,0.9265995621681213,0.9414362907409668,0.9392417073249817,0.00019492093997541815,0.9097349047660828,0.9227516651153564,0.9222429990768433,0.00027697032783180475
0,0.9055259823799133,0.9287968873977661,0.9231453537940979,0.00030023662839084864,0.9446611404418945,0.9537937045097351,0.9514963626861572,4.49641484010499e-05,0.9377925992012024,0.9494442939758301,0.9469227194786072,8.368763519683853e-05,0.9199597239494324,0.9339194297790527,0.9300804138183594,9.94645306491293e-05
0,0.9287513494491577,0.9287513494491577,0.9287513494491577,0.0,0.9593666195869446,0.9593666195869446,0.9593666195869446,0.0,0.9308960437774658,0.9308960437774658,0.9308960437774658,0.0,0.9295480251312256,0.9295480251312256,0.9295480251312256,0.0
0,0.9035747051239014,0.9035747051239014,0.9035747051239014,0.0,0.9335518479347229,0.9335518479347229,0.9335518479347229,0.0,0.9200707674026489,0.9200707674026489,0.9200707674026489,0.0,0.9052762389183044,0.9052762389183044,0.9052762389183044,0.0
1,0.9068530797958374,0.9570198059082031,0.927460789680481,0.0006679131765849888,0.9479969143867493,0.9550540447235107,0.9520276188850403,1.1578348676266614e-05,0.9356670379638672,0.9668341279029846,0.9482797980308533,0.00019733195949811488,0.9229530096054077,0.9618121385574341,0.9370425939559937,0.00025949746486730874
1,0.9261943697929382,0.9332738518714905,0.9332208633422852,9.653581219026819e-05,0.9543970227241516,0.9560303688049316,0.955551266670227,1.3358559272091952e-06,0.9502573013305664,0.9563862085342407,0.9547839164733887,1.971286110347137e-05,0.9386706948280334,0.9489020705223083,0.9474422335624695,9.552019037073478e-05
0,0.8809103965759277,0.9230759143829346,0.9117188453674316,0.0009168139658868313,0.9375494122505188,0.9513577222824097,0.9472801089286804,9.540489554638043e-05,0.9134839177131653,0.9367244839668274,0.9309592247009277,0.00029433966847136617,0.8999302387237549,0.930694043636322,0.9217582941055298,0.00047464025556109846
1,0.927006185054779,0.9412372708320618,0.9402258396148682,0.0002781642833724618,0.950594961643219,0.9568135738372803,0.9553907513618469,2.260321161884349e-05,0.9412015080451965,0.9513593316078186,0.9511560201644897,0.00018640002235770226,0.9330418705940247,0.9454383850097656,0.9445676207542419,0.00021203844517003745
1,0.9095504879951477,0.9209094047546387,0.9184167385101318,7.846659718779847e-05,0.9513195157051086,0.9563155770301819,0.9549627304077148,1.2835303095926065e-05,0.9449934959411621,0.9515810608863831,0.9500538110733032,2.5058538085431792e-05,0.9286085963249207,0.9338374137878418,0.9324585795402527,1.4271085092332214e-05
0,0.9192456007003784,0.9192456007003784,0.9192456007003784,0.0,0.9410226345062256,0.9410226345062256,0.9410226345062256,0.0,0.9348127245903015,0.9348127245903015,0.9348127245903015,0.0,0.9257498979568481,0.9257498979568481,0.9257498979568481,0.0
1,0.8843358159065247,0.942543089389801,0.9264190196990967,0.0017238821601495147,0.9413220286369324,0.9581272602081299,0.9539783000946045,0.0001544883125461638,0.9063167572021484,0.9380272626876831,0.9322372078895569,0.0007338034920394421,0.8925893306732178,0.9371821284294128,0.9277029633522034,0.001247584936209023
0,0.0,0.0,0.0,0.0,0.0,0.0,0.0,0.0,0.0,0.0,0.0,0.0,0.0,0.0,0.0,0.0
0,0.9037051200866699,0.937375545501709,0.9230097532272339,0.00037831722875125706,0.9494614601135254,0.9639190435409546,0.9562281966209412,5.107808829052374e-05,0.9262380003929138,0.9617494344711304,0.9456459283828735,0.000263889116467908,0.9136195182800293,0.9470660090446472,0.9346832036972046,0.00037189017166383564
0,0.8230088949203491,0.9200788736343384,0.9021292924880981,0.006216812878847122,0.9214901924133301,0.9538789987564087,0.9489616751670837,0.0006887131603434682,0.8948931694030762,0.934662938117981,0.9178645610809326,0.0006361810956150293,0.8820587396621704,0.9300928115844727,0.9208399653434753,0.0009995538275688887
0,0.9258951544761658,0.9562487602233887,0.9467737674713135,0.00046783548896200955,0.9521739482879639,0.9596316814422607,0.9585062265396118,2.6582752980175428e-05,0.9361644387245178,0.9645506143569946,0.9480655193328857,0.00017027489957399666,0.9275712966918945,0.9582152962684631,0.947478175163269,0.0004216820525471121
1,0.0,0.0,0.0,0.0,0.0,0.0,0.0,0.0,0.0,0.0,0.0,0.0,0.0,0.0,0.0,0.0
0,0.8716979026794434,0.8954269289970398,0.8905672430992126,0.0003665899857878685,0.9435968399047852,0.9447336196899414,0.9444838166236877,7.848068435123423e-07,0.9030011296272278,0.9237902164459229,0.9178705811500549,0.00021776776702608913,0.8891191482543945,0.9034150838851929,0.9003853797912598,0.00012860758579336107
1,0.9362896680831909,0.9587438106536865,0.9529588222503662,0.000253038015216589,0.9571145176887512,0.9676692485809326,0.9649172425270081,4.067526970175095e-05,0.948291540145874,0.9709054827690125,0.9635973572731018,0.00016026421508286148,0.9421448707580566,0.9619302749633789,0.9560887813568115,0.0001357671426376328
0,0.9161030650138855,0.9349979758262634,0.9314413070678711,0.00025283751892857254,0.9453203082084656,0.9491126537322998,0.9483568668365479,9.621796380088199e-06,0.951305091381073,0.9624853134155273,0.9613726139068604,0.00014622678281739354,0.9361068606376648,0.9497557878494263,0.9483717083930969,0.0002156021073460579
0,0.9085767269134521,0.9426382780075073,0.9338203072547913,0.0006127843516878784,0.9397435188293457,0.9524561166763306,0.9493700861930847,8.963153959484771e-05,0.9299330711364746,0.9586663842201233,0.9524700045585632,0.0005107022006995976,0.919494092464447,0.9506202936172485,0.9428156614303589,0.0005235984572209418
0,0.8891569972038269,0.9203758239746094,0.9187344908714294,0.0006453722598962486,0.9437888860702515,0.9561114311218262,0.9528263807296753,4.555929990601726e-05,0.916720986366272,0.9520795941352844,0.9408383965492249,0.0005657142610289156,0.907434344291687,0.935233473777771,0.9298803210258484,0.00041921777301467955
1,0.9055942893028259,0.9388100504875183,0.9334143996238708,0.0010744129540398717,0.9446538090705872,0.9586750864982605,0.9561646580696106,0.00010365789785282686,0.9256754517555237,0.9635817408561707,0.9527841210365295,0.0006608994444832206,0.9163209795951843,0.9493113160133362,0.9429312944412231,0.0007879081531427801
1,0.8887360095977783,0.9350062012672424,0.9216456413269043,0.001074979198165238,0.9513813853263855,0.9702346920967102,0.9648376107215881,0.0001788418012438342,0.9137475490570068,0.9497739672660828,0.9406102299690247,0.0006940094172023237,0.8934819102287292,0.9496806859970093,0.9332947134971619,0.0015828920295462012
1,0.9177860617637634,0.927962601184845,0.9264591932296753,9.180072083836421e-05,0.944253146648407,0.9500951766967773,0.9486396908760071,1.8536671632318757e-05,0.9399129748344421,0.9451016187667847,0.9449544548988342,4.6568457037210464e-05,0.931340754032135,0.9425966739654541,0.9406381249427795,9.686909470474347e-05
0,0.8890873193740845,0.9188642501831055,0.9112561941146851,0.00040354998782277107,0.9376915693283081,0.9535974264144897,0.9504379034042358,0.00010980341176036745,0.9209834337234497,0.9483804106712341,0.9398949146270752,0.0005412956234067678,0.9086170196533203,0.934404730796814,0.9342215061187744,0.0005650678649544716
0,0.0,0.0,0.0,0.0,0.0,0.0,0.0,0.0,0.0,0.0,0.0,0.0,0.0,0.0,0.0,0.0
1,0.9013485908508301,0.9013485908508301,0.9013485908508301,0.0,0.9382416605949402,0.9382416605949402,0.9382416605949402,0.0,0.8853740692138672,0.8853740692138672,0.8853740692138672,0.0,0.8851606249809265,0.8851606249809265,0.8851606249809265,0.0
0,0.9118035435676575,0.9147032499313354,0.9140878319740295,5.283594418870052e-06,0.9470407366752625,0.9535326957702637,0.9518915414810181,2.2637599613517523e-05,0.9339339137077332,0.9415868520736694,0.9397869110107422,3.3384159905835986e-05,0.9212647080421448,0.9284967184066772,0.9279125332832336,6.80438315612264e-05
1,0.8648479580879211,0.8648479580879211,0.8648479580879211,0.0,0.9485131502151489,0.9485131502151489,0.9485131502151489,0.0,0.8867536187171936,0.8867536187171936,0.8867536187171936,0.0,0.8629758358001709,0.8629758358001709,0.8629758358001709,0.0
1,0.8837299346923828,0.8959600925445557,0.8944563269615173,0.00015292999160010368,0.936603844165802,0.943126916885376,0.9421591758728027,3.7582958611892536e-05,0.9204822182655334,0.924893319606781,0.9243945479393005,2.1060352082713507e-05,0.9062272906303406,0.9143692851066589,0.9120832085609436,3.355467924848199e-05
1,0.9345239400863647,0.9502750635147095,0.9475356936454773,0.00017517793457955122,0.9554742574691772,0.9655166864395142,0.9620270133018494,4.374629497760907e-05,0.9397145509719849,0.9533073902130127,0.9531713724136353,0.00014177622506394982,0.9287933111190796,0.9488997459411621,0.9472017288208008,0.00031503260834142566
0,0.8769501447677612,0.9036537408828735,0.8969842195510864,0.00026315677678212523,0.9350823163986206,0.9441385269165039,0.9415268301963806,5.7702563935890794e-05,0.9366105794906616,0.9602658152580261,0.9602038264274597,0.00026134587824344635,0.9144678115844727,0.9360451698303223,0.9333226680755615,0.000299575156532228
0,0.0,0.0,0.0,0.0,0.0,0.0,0.0,0.0,0.0,0.0,0.0,0.0,0.0,0.0,0.0,0.0
0,0.8540706634521484,0.9424650073051453,0.9214609861373901,0.002308502094820142,0.9303346872329712,0.9618394374847412,0.9506257176399231,0.000225618394324556,0.9034090638160706,0.9661168456077576,0.9477671980857849,0.0012294144835323095,0.8920902609825134,0.9561370611190796,0.9434757828712463,0.001196051831357181
1,0.9451531767845154,0.9451531767845154,0.9451531767845154,0.0,0.953755259513855,0.953755259513855,0.953755259513855,0.0,0.946984052658081,0.946984052658081,0.946984052658081,0.0,0.9408033490180969,0.9408033490180969,0.9408033490180969,0.0
1,0.8665114641189575,0.9297184944152832,0.9145520925521851,0.0014730887487530708,0.9336099624633789,0.9656674861907959,0.9441431760787964,0.00011775009625125676,0.9069617390632629,0.9462636709213257,0.9415074586868286,0.0008214393747039139,0.8990942239761353,0.940008282661438,0.931245744228363,0.0006523436750285327
1,0.9210125803947449,0.9490476250648499,0.9360787272453308,0.00016862367920111865,0.951971173286438,0.9647146463394165,0.9586882591247559,2.5709545298013836e-05,0.9193570017814636,0.9545307159423828,0.9371323585510254,0.00023325499205384403,0.919160008430481,0.9473165273666382,0.9413354992866516,0.00022048046230338514
1,0.8883681893348694,0.9062151908874512,0.901089072227478,0.0001601234107511118,0.9492704272270203,0.951686680316925,0.9512196779251099,4.027955128549365e-06,0.8976590037345886,0.9180477857589722,0.9146489500999451,0.000330962153384462,0.9057559967041016,0.9224452972412109,0.9185606837272644,0.00016025426157284528
1,0.85628342628479,0.9055358171463013,0.8978118896484375,0.0011770371347665787,0.9290752410888672,0.9456912279129028,0.941925585269928,0.0001732471864670515,0.9031620025634766,0.9356969594955444,0.9225841760635376,0.0004434057918842882,0.8906526565551758,0.9149897694587708,0.909263014793396,0.0004438393225427717
1,0.9266875386238098,0.9266875386238098,0.9266875386238098,0.0,0.9606552124023438,0.9606552124023438,0.9606552124023438,0.0,0.924415647983551,0.924415647983551,0.924415647983551,0.0,0.9145624041557312,0.9145624041557312,0.9145624041557312,0.0
0,0.9050315022468567,0.932956337928772,0.9249619245529175,0.0003064983757212758,0.9488565921783447,0.9551087617874146,0.9530283808708191,1.4129817827779334e-05,0.9378304481506348,0.9648799896240234,0.9638784527778625,0.0005152089288458228,0.9239204525947571,0.9556365013122559,0.9490997791290283,0.00047752531827427447
0,0.9364001750946045,0.9364001750946045,0.9364001750946045,0.0,0.9597619771957397,0.9597619771957397,0.9597619771957397,0.0,0.9340753555297852,0.9340753555297852,0.9340753555297852,0.0,0.9307699203491211,0.9307699203491211,0.9307699203491211,0.0
0,0.8857375979423523,0.9327685236930847,0.9190205931663513,0.0011081293923780322,0.9357650876045227,0.9482436776161194,0.9455037713050842,9.46456057135947e-05,0.9159854054450989,0.9412691593170166,0.9354061484336853,0.00036905892193317413,0.9046516418457031,0.9452725648880005,0.9335005283355713,0.000827888201456517
1,0.8648837804794312,0.9119405150413513,0.9095566272735596,0.0008615105180069804,0.9349842071533203,0.9525683522224426,0.9496912956237793,0.00014658427971880883,0.9053902626037598,0.9251686334609985,0.9226653575897217,0.00021815765649080276,0.8943473696708679,0.923301100730896,0.9134447574615479,0.00032540797838009894
0,0.8942897319793701,0.9201533794403076,0.9158043265342712,0.0005282717174850404,0.9517733454704285,0.9589831829071045,0.9583334922790527,6.415981624741107e-05,0.899738609790802,0.930526614189148,0.9267805814743042,0.0009763557463884354,0.8988129496574402,0.9145322442054749,0.9144570827484131,0.00048247422091662884
0,0.9289196133613586,0.9289196133613586,0.9289196133613586,0.0,0.9542105197906494,0.9542105197906494,0.9542105197906494,0.0,0.9259268045425415,0.9259268045425415,0.9259268045425415,0.0,0.9250516891479492,0.9250516891479492,0.9250516891479492,0.0
0,0.9181385040283203,0.9298010468482971,0.9281705021858215,0.00012617796892300248,0.9453974366188049,0.9480674266815186,0.9475276470184326,4.701558736996958e-06,0.9419390559196472,0.9529727697372437,0.9501664042472839,6.510091770906001e-05,0.933809757232666,0.9485337734222412,0.9443317651748657,0.00010916990140685812
0,0.8878129124641418,0.8938225507736206,0.8922885656356812,1.9263439753558487e-05,0.94107586145401,0.9430162310600281,0.942969799041748,6.664970442216145e-06,0.9247868657112122,0.9285999536514282,0.9284771084785461,2.4647284590173513e-05,0.9044098854064941,0.913249135017395,0.9117968678474426,6.30446957075037e-05
1,0.9410495758056641,0.9410495758056641,0.9410495758056641,0.0,0.9577023983001709,0.9577023983001709,0.9577023983001709,0.0,0.9478673934936523,0.9478673934936523,0.9478673934936523,0.0,0.9448683261871338,0.9448683261871338,0.9448683261871338,0.0
0,0.8994529843330383,0.9388846755027771,0.9358355402946472,0.0010993079049512744,0.9420778155326843,0.9591968059539795,0.9590197205543518,0.00033610835089348257,0.9255304336547852,0.9515886902809143,0.9473785161972046,0.00046948817907832563,0.9102197289466858,0.9381357431411743,0.936726450920105,0.0007011620909906924
1,0.822730302810669,0.9665459990501404,0.9453164339065552,0.011814837343990803,0.9212653636932373,0.9646984934806824,0.952945351600647,0.0008468321757391095,0.874107301235199,0.9707431197166443,0.9623647332191467,0.006128104869276285,0.8665359020233154,0.9673525094985962,0.9532896876335144,0.00522264139726758
0,0.8455333709716797,0.894789457321167,0.881537914276123,0.0008326360839419067,0.9325156807899475,0.9511971473693848,0.948670506477356,0.0001647262688493356,0.8919496536254883,0.9184065461158752,0.9159793853759766,0.00043889842345379293,0.8802118301391602,0.907006025314331,0.9006229639053345,0.0002524150477256626
1,0.892982006072998,0.9647257328033447,0.9274471998214722,0.000920445891097188,0.9442480802536011,0.96845543384552,0.9531298875808716,0.00012504540791269392,0.902664840221405,0.9588358402252197,0.9405117034912109,0.0008408243884332478,0.9002162218093872,0.9630521535873413,0.9373857975006104,0.0008553889347240329
0,0.9591608047485352,0.9591608047485352,0.9591608047485352,0.0,0.9577217698097229,0.9577217698097229,0.9577217698097229,0.0,0.9575738310813904,0.9575738310813904,0.9575738310813904,0.0,0.9543287754058838,0.9543287754058838,0.9543287754058838,0.0
1,0.0,0.0,0.0,0.0,0.0,0.0,0.0,0.0,0.0,0.0,0.0,0.0,0.0,0.0,0.0,0.0
0,0.9427700042724609,0.9427700042724609,0.9427700042724609,0.0,0.9600979089736938,0.9600979089736938,0.9600979089736938,0.0,0.9552388191223145,0.9552388191223145,0.9552388191223145,0.0,0.9478762149810791,0.9478762149810791,0.9478762149810791,0.0
0,0.8578620553016663,0.9041084051132202,0.888739287853241,0.0006591423298232257,0.9340121746063232,0.9453383684158325,0.9410783052444458,4.097256169188768e-05,0.9252488017082214,0.9439716339111328,0.9391807317733765,0.00015827716561034322,0.8939933776855469,0.9291411638259888,0.913581371307373,0.00029366774833761156
0,0.9085541367530823,0.9292476773262024,0.9242309927940369,0.0002377665223320946,0.9501708149909973,0.9532430171966553,0.9531762003898621,1.6898620742722414e-05,0.9293736815452576,0.9485691785812378,0.9434969425201416,0.00019208704179618508,0.9170346260070801,0.9342365264892578,0.9313799738883972,0.00023642671294510365
0,0.9275408983230591,0.9275408983230591,0.9275408983230591,0.0,0.9360779523849487,0.9360779523849487,0.9360779523849487,0.0,0.9337868690490723,0.9337868690490723,0.9337868690490723,0.0,0.9262707233428955,0.9262707233428955,0.9262707233428955,0.0
1,0.9137926697731018,0.9137926697731018,0.9137926697731018,0.0,0.9337974786758423,0.9337974786758423,0.9337974786758423,0.0,0.913286566734314,0.913286566734314,0.913286566734314,0.0,0.9058027267456055,0.9058027267456055,0.9058027267456055,0.0
0,0.9072200059890747,0.9072200059890747,0.9072200059890747,0.0,0.9426419734954834,0.9426419734954834,0.9426419734954834,0.0,0.9007148742675781,0.9007148742675781,0.9007148742675781,0.0,0.883833646774292,0.883833646774292,0.883833646774292,0.0
0,0.9082930684089661,0.9436022639274597,0.942538321018219,0.001267386949621141,0.94889897108078,0.9641355276107788,0.9626816511154175,0.00015616952441632748,0.9370602369308472,0.9567950963973999,0.9544418454170227,0.00019070308189839125,0.9253019094467163,0.9560151696205139,0.9490879774093628,0.0006456293049268425
0,0.9024162292480469,0.9169267416000366,0.9127560257911682,0.00010583228868199512,0.9432339072227478,0.9531443119049072,0.9503092765808105,4.942636223859154e-05,0.9343258738517761,0.94399493932724,0.9419638514518738,5.934971341048367e-05,0.922145664691925,0.9315574765205383,0.9288323521614075,4.4452332076616585e-05
0,0.9230475425720215,0.934411346912384,0.9313632845878601,6.674130418105051e-05,0.9569969773292542,0.9606095552444458,0.9595649242401123,6.550847047037678e-06,0.9477670192718506,0.9512896537780762,0.950630247592926,8.836231245368253e-06,0.9317927360534668,0.9357126355171204,0.93535315990448,1.8794262359733693e-05
1,0.910385012626648,0.910385012626648,0.910385012626648,0.0,0.9468804597854614,0.9468804597854614,0.9468804597854614,0.0,0.9215026497840881,0.9215026497840881,0.9215026497840881,0.0,0.9091657400131226,0.9091657400131226,0.9091657400131226,0.0
0,0.9285831451416016,0.9490295648574829,0.943474292755127,0.00021460930292960256,0.9512022137641907,0.9537738561630249,0.9531443119049072,3.6426872611627914e-06,0.9508817791938782,0.9658517837524414,0.9614249467849731,0.00011211910168640316,0.9477791786193848,0.9641579985618591,0.959644079208374,0.0001367963122902438
0,0.8797581195831299,0.8968469500541687,0.8938411474227905,0.00022098293993622065,0.935375988483429,0.9417964220046997,0.9400385022163391,2.1082856619614176e-05,0.915275514125824,0.9306333661079407,0.9273391962051392,0.00014667492359876633,0.9050262570381165,0.9103090763092041,0.9101690053939819,4.8744448577053845e-05
0,0.8780016899108887,0.9173511862754822,0.9086027145385742,0.0005213742260821164,0.9449117183685303,0.9595133066177368,0.9555624127388,7.38830422051251e-05,0.9193170070648193,0.9475746154785156,0.9436562657356262,0.00041295820847153664,0.913693904876709,0.9391694664955139,0.9338253736495972,0.00022918144532013685
1,0.926973283290863,0.9360921382904053,0.9352043271064758,9.848709305515513e-05,0.951979398727417,0.9552516937255859,0.9544119834899902,5.69012763662613e-06,0.9443411827087402,0.946304202079773,0.9460726380348206,4.054799774166895e-06,0.9347910284996033,0.9423836469650269,0.9404274225234985,3.0547755159204826e-05
1,0.939296305179596,0.939296305179596,0.939296305179596,0.0,0.9587615728378296,0.9587615728378296,0.9587615728378296,0.0,0.9360200762748718,0.9360200762748718,0.9360200762748718,0.0,0.9364168643951416,0.9364168643951416,0.9364168643951416,0.0
0,0.9076445698738098,0.9161379337310791,0.915400505065918,9.070563828572631e-05,0.9451337456703186,0.949887752532959,0.9489468932151794,1.5226442883431446e-05,0.9354842305183411,0.93890380859375,0.9386169910430908,1.4948917851143051e-05,0.9316685795783997,0.9376256465911865,0.9363031387329102,2.1341038518585265e-05
1,0.9313836693763733,0.9313836693763733,0.9313836693763733,0.0,0.943318247795105,0.943318247795105,0.943318247795105,0.0,0.935619592666626,0.935619592666626,0.935619592666626,0.0,0.9229304790496826,0.9229304790496826,0.9229304790496826,0.0
1,0.9545736312866211,0.9545736312866211,0.9545736312866211,0.0,0.9606394171714783,0.9606394171714783,0.9606394171714783,0.0,0.9660847783088684,0.9660847783088684,0.9660847783088684,0.0,0.9553331136703491,0.9553331136703491,0.9553331136703491,0.0
0,0.9284490346908569,0.9284490346908569,0.9284490346908569,0.0,0.9406130313873291,0.9406130313873291,0.9406130313873291,0.0,0.933836817741394,0.933836817741394,0.933836817741394,0.0,0.9318540692329407,0.9318540692329407,0.9318540692329407,0.0
0,0.9275985360145569,0.9363733530044556,0.9340510368347168,4.010158227174543e-05,0.9529628157615662,0.9591212272644043,0.9585703611373901,4.6984507207525894e-05,0.9458028674125671,0.9490710496902466,0.9488894939422607,1.59788214659784e-05,0.9364637732505798,0.9406626224517822,0.9401594400405884,1.8352306142332964e-05
1,0.884147584438324,0.884147584438324,0.884147584438324,0.0,0.9338933229446411,0.9338933229446411,0.9338933229446411,0.0,0.9026087522506714,0.9026087522506714,0.9026087522506714,0.0,0.879341721534729,0.879341721534729,0.879341721534729,0.0
1,0.9449624419212341,0.9449624419212341,0.9449624419212341,0.0,0.9514752626419067,0.9514752626419067,0.9514752626419067,0.0,0.9519518613815308,0.9519518613815308,0.9519518613815308,0.0,0.9494820237159729,0.9494820237159729,0.9494820237159729,0.0
0,0.9185339212417603,0.9185339212417603,0.9185339212417603,0.0,0.9495909810066223,0.9495909810066223,0.9495909810066223,0.0,0.9254969954490662,0.9254969954490662,0.9254969954490662,0.0,0.9176650643348694,0.9176650643348694,0.9176650643348694,0.0
0,0.8444117307662964,0.9110973477363586,0.8873318433761597,0.0014270214596763253,0.9293355345726013,0.9551416635513306,0.9439204931259155,0.00014595393440686166,0.9013444185256958,0.9453867077827454,0.9322611689567566,0.000511019432451576,0.8889541625976562,0.9319284558296204,0.9176187515258789,0.0005812631570734084
0,0.9039211273193359,0.9267798662185669,0.9207047820091248,0.00027146798674948514,0.941796600818634,0.9482797384262085,0.9479125738143921,6.250511069083586e-05,0.9108709692955017,0.936018705368042,0.9319798350334167,0.0005210033850744367,0.9079947471618652,0.9183493256568909,0.9163086414337158,7.253728108480573e-05
0,0.8806597590446472,0.9329128861427307,0.9268091320991516,0.0011262191692367196,0.9399886131286621,0.9576594829559326,0.9528212547302246,0.00012248200073372573,0.9181105494499207,0.9456509947776794,0.9406230449676514,0.00035121533437632024,0.9055666923522949,0.9380229711532593,0.9357640743255615,0.0005338718183338642
0,0.8811550140380859,0.8811550140380859,0.8811550140380859,0.0,0.9340367317199707,0.9340367317199707,0.9340367317199707,0.0,0.909857988357544,0.909857988357544,0.909857988357544,0.0,0.8847033381462097,0.8847033381462097,0.8847033381462097,0.0
0,0.0,0.0,0.0,0.0,0.0,0.0,0.0,0.0,0.0,0.0,0.0,0.0,0.0,0.0,0.0,0.0
1,0.8942648768424988,0.9032016396522522,0.9030378460884094,0.00014553840446751565,0.9395613670349121,0.9423394203186035,0.9418538212776184,5.874956968909828e-06,0.9265044331550598,0.9349853992462158,0.9340208768844604,7.755892147542909e-05,0.9147600531578064,0.923334002494812,0.9232234358787537,0.0001377523149130866
1,0.9089283347129822,0.9152411222457886,0.9141117930412292,2.966713327623438e-05,0.9485641121864319,0.9554257392883301,0.9554047584533691,9.273047908209264e-05,0.9236324429512024,0.937140703201294,0.9350118041038513,0.00015290298324543983,0.9174887537956238,0.9261415004730225,0.9245798587799072,5.526138920686208e-05
1,0.0,0.0,0.0,0.0,0.0,0.0,0.0,0.0,0.0,0.0,0.0,0.0,0.0,0.0,0.0,0.0
1,0.880915641784668,0.938068151473999,0.9199764728546143,0.0009954724228009582,0.9370324611663818,0.957198977470398,0.9494720697402954,0.00013276335084810853,0.8954906463623047,0.9568440914154053,0.9328519105911255,0.001475880155339837,0.8893620371818542,0.9426974058151245,0.9241798520088196,0.0012674476020038128
1,0.8736438751220703,0.9277360439300537,0.9113194942474365,0.0009380987612530589,0.9361349940299988,0.9568943381309509,0.9538941383361816,0.00015417530084960163,0.921664834022522,0.9510196447372437,0.941658079624176,0.00023286657233256847,0.9020670056343079,0.9443796873092651,0.9324727058410645,0.00046880083391442895
1,0.9078371524810791,0.9450296759605408,0.9350900053977966,0.0007163702975958586,0.9406644701957703,0.9544716477394104,0.9507035613059998,9.765032882569358e-05,0.9261712431907654,0.961340069770813,0.9529846906661987,0.0006987452507019043,0.9181444048881531,0.9533283114433289,0.9437201023101807,0.0006338967359624803
0,0.9171723127365112,0.9171723127365112,0.9171723127365112,0.0,0.9448413848876953,0.9448413848876953,0.9448413848876953,0.0,0.9115437269210815,0.9115437269210815,0.9115437269210815,0.0,0.9058640599250793,0.9058640599250793,0.9058640599250793,0.0
1,0.8877851366996765,0.9268021583557129,0.910834014415741,0.0004834257997572422,0.9377013444900513,0.9517418146133423,0.95025235414505,0.00010421988554298878,0.9176405668258667,0.9439268112182617,0.9401952624320984,0.0006585979135707021,0.9050436019897461,0.934404730796814,0.9288474321365356,0.0006944801425561309
0,0.8869985938072205,0.8998358845710754,0.8987973928451538,0.00010157289216294885,0.949497401714325,0.9568706750869751,0.9547973871231079,2.6658823117031716e-05,0.9388816952705383,0.949596107006073,0.946833610534668,5.972547296551056e-05,0.9094410538673401,0.9220332503318787,0.9192643165588379,6.626107642659917e-05
1,0.905927300453186,0.905927300453186,0.905927300453186,0.0,0.9387206435203552,0.9387206435203552,0.9387206435203552,0.0,0.9057638645172119,0.9057638645172119,0.9057638645172119,0.0,0.9028548002243042,0.9028548002243042,0.9028548002243042,0.0
0,0.9385786652565002,0.9385786652565002,0.9385786652565002,0.0,0.9599246978759766,0.9599246978759766,0.9599246978759766,0.0,0.9543361067771912,0.9543361067771912,0.9543361067771912,0.0,0.9422734379768372,0.9422734379768372,0.9422734379768372,0.0
1,0.933037281036377,0.933037281036377,0.933037281036377,0.0,0.9531517028808594,0.9531517028808594,0.9531517028808594,0.0,0.9406119585037231,0.9406119585037231,0.9406119585037231,0.0,0.9329308271408081,0.9329308271408081,0.9329308271408081,0.0
1,0.931271493434906,0.931271493434906,0.931271493434906,0.0,0.9609962105751038,0.9609962105751038,0.9609962105751038,0.0,0.92855304479599,0.92855304479599,0.92855304479599,0.0,0.9273160696029663,0.9273160696029663,0.9273160696029663,0.0
0,0.8834189772605896,0.9181726574897766,0.9090834856033325,0.000633699877653271,0.9315070509910583,0.9522090554237366,0.9468249082565308,0.00022566960251424462,0.9095662236213684,0.9354021549224854,0.9317560791969299,0.0006145543302409351,0.8951322436332703,0.9263660907745361,0.9207796454429626,0.0007263797451741993
1,0.8818430304527283,0.9198780059814453,0.9097367525100708,0.00047574503696523607,0.9426390528678894,0.9562058448791504,0.953835666179657,8.746170351514593e-05,0.9225550293922424,0.9601653814315796,0.9503878951072693,0.0005183611065149307,0.9155442714691162,0.9433205723762512,0.9381312131881714,0.0003583412617444992
0,0.9244999289512634,0.9305360317230225,0.9296899437904358,3.3728960261214525e-05,0.9435284733772278,0.9457976818084717,0.9455775022506714,6.1099913182260934e-06,0.9600794911384583,0.9633755087852478,0.9629439115524292,1.0606767318677157e-05,0.940657913684845,0.9425675272941589,0.942343533039093,3.851662768283859e-06
1,0.923333466053009,0.923333466053009,0.923333466053009,0.0,0.94187992811203,0.94187992811203,0.94187992811203,0.0,0.9166767597198486,0.9166767597198486,0.9166767597198486,0.0,0.9049856662750244,0.9049856662750244,0.9049856662750244,0.0
1,0.9015622138977051,0.9097874164581299,0.9088022112846375,7.045086385915056e-05,0.9477407336235046,0.9490612149238586,0.9488384127616882,1.3726800034419284e-06,0.9261749386787415,0.943764328956604,0.9396878480911255,0.00017870712326839566,0.9171766638755798,0.9222897291183472,0.9220772385597229,4.21764088969212e-05
1,0.9144164323806763,0.9144164323806763,0.9144164323806763,0.0,0.9502977728843689,0.9502977728843689,0.9502977728843689,0.0,0.8933006525039673,0.8933006525039673,0.8933006525039673,0.0,0.9096629619598389,0.9096629619598389,0.9096629619598389,0.0
1,0.8518137335777283,0.9588268399238586,0.9052509069442749,0.003633739659562707,0.9237557053565979,0.9602082371711731,0.9488117098808289,0.0005706369411200285,0.8718040585517883,0.9585710167884827,0.9163522720336914,0.002338576130568981,0.8634585738182068,0.9672873020172119,0.9129616618156433,0.0023170351050794125
0,0.0,0.0,0.0,0.0,0.0,0.0,0.0,0.0,0.0,0.0,0.0,0.0,0.0,0.0,0.0,0.0
1,0.8928942680358887,0.8928942680358887,0.8928942680358887,0.0,0.9550428986549377,0.9550428986549377,0.9550428986549377,0.0,0.9099891185760498,0.9099891185760498,0.9099891185760498,0.0,0.9037331342697144,0.9037331342697144,0.9037331342697144,0.0
1,0.9082889556884766,0.9305731654167175,0.9247968792915344,0.0002620633749756962,0.9450510144233704,0.947394609451294,0.9469211101531982,3.6242033729649847e-06,0.9259379506111145,0.9333694577217102,0.9320961833000183,4.285128670744598e-05,0.91475909948349,0.9217910170555115,0.9209304451942444,5.072409112472087e-05
1,0.8823339939117432,0.9377689361572266,0.92592453956604,0.0020014436449855566,0.9372099041938782,0.962009072303772,0.9566044807434082,0.0003499426820781082,0.920238733291626,0.9561009407043457,0.9501780867576599,0.0007982641691341996,0.9059561491012573,0.9466252326965332,0.9369826316833496,0.0009995411382988095
1,0.8786013722419739,0.9183976650238037,0.9075264930725098,0.0008108715410344303,0.9379692673683167,0.9517974853515625,0.9477959275245667,9.596883319318295e-05,0.910259485244751,0.9312012791633606,0.9257106184959412,0.00022973174054641277,0.8978009223937988,0.9261361956596375,0.9181119799613953,0.00040522744529880583
1,0.939272403717041,0.9515087604522705,0.9490455389022827,0.00010114976612385362,0.9555503726005554,0.9614956378936768,0.9599325060844421,1.9397022697376087e-05,0.9417943954467773,0.9578065872192383,0.953822135925293,0.00018624131917022169,0.9410842657089233,0.9531226754188538,0.9525554180145264,0.00012077059363946319
0,0.930213212966919,0.930213212966919,0.930213212966919,0.0,0.9529328346252441,0.9529328346252441,0.9529328346252441,0.0,0.9293655157089233,0.9293655157089233,0.9293655157089233,0.0,0.936424970626831,0.936424970626831,0.936424970626831,0.0
1,0.9031939506530762,0.9407888650894165,0.9249184131622314,0.00036610462120734155,0.951330840587616,0.9579488039016724,0.9557830691337585,2.3321257685893215e-05,0.9345004558563232,0.9492769241333008,0.9472932815551758,0.00013444472278933972,0.9225541949272156,0.9470531940460205,0.9383517503738403,0.00017675898561719805
1,0.86283940076828,0.8829746246337891,0.8819791674613953,0.0006269256700761616,0.9311790466308594,0.9386563301086426,0.936734139919281,2.967128784803208e-05,0.8913299441337585,0.906086802482605,0.9043158292770386,0.00022646509751211852,0.8872823715209961,0.8912997841835022,0.8901764154434204,8.181536941265222e-06
0,0.918248176574707,0.9298745393753052,0.9286307692527771,0.00015152124979067594,0.9411409497261047,0.9454044103622437,0.9442839026451111,9.507234608463477e-06,0.9043533205986023,0.9364886283874512,0.9318021535873413,0.0009253993048332632,0.9081089496612549,0.9315295219421387,0.9282236695289612,0.0005049394094385207
1,0.9420664310455322,0.9420664310455322,0.9420664310455322,0.0,0.9590238332748413,0.9590238332748413,0.9590238332748413,0.0,0.9516769647598267,0.9516769647598267,0.9516769647598267,0.0,0.9421405792236328,0.9421405792236328,0.9421405792236328,0.0
1,0.9180487990379333,0.9180487990379333,0.9180487990379333,0.0,0.9477105140686035,0.9477105140686035,0.9477105140686035,0.0,0.9261848330497742,0.9261848330497742,0.9261848330497742,0.0,0.9145007729530334,0.9145007729530334,0.9145007729530334,0.0
1,0.9150789380073547,0.9483819007873535,0.9415169954299927,0.0004370101378299296,0.954373300075531,0.9662494659423828,0.9609260559082031,4.165709833614528e-05,0.9391703009605408,0.9666672348976135,0.9564447402954102,0.0002610291703604162,0.9219772219657898,0.9549196362495422,0.9409275650978088,0.000265914190094918
1,0.8795793056488037,0.929843544960022,0.9179056882858276,0.001427719951607287,0.9364144802093506,0.954917311668396,0.9497110843658447,0.00017315706645604223,0.8794278502464294,0.9447935819625854,0.9274324178695679,0.0022206043358892202,0.8983728885650635,0.9409641623497009,0.9296807050704956,0.0009442039299756289
1,0.8859278559684753,0.9346959590911865,0.9203254580497742,0.0011902890400961041,0.9326028823852539,0.9465188980102539,0.942953884601593,0.00010302540613338351,0.9234688878059387,0.9441137313842773,0.9396252632141113,0.00026155225350521505,0.9081160426139832,0.9370476007461548,0.9288944602012634,0.00042313584708608687
0,0.9173852801322937,0.9537316560745239,0.9434776306152344,0.0006675687618553638,0.9532313346862793,0.9627181887626648,0.9599716067314148,4.516511762631126e-05,0.955035388469696,0.9704775810241699,0.9674861431121826,0.000164124634466134,0.9386147856712341,0.9676300287246704,0.9602684378623962,0.00045100305578671396
0,0.9464124441146851,0.9464124441146851,0.9464124441146851,0.0,0.9548439383506775,0.9548439383506775,0.9548439383506775,0.0,0.9571287631988525,0.9571287631988525,0.9571287631988525,0.0,0.9485452175140381,0.9485452175140381,0.9485452175140381,0.0
1,0.9102718830108643,0.9397127032279968,0.9314311146736145,0.000438434217358008,0.9503073692321777,0.9626445770263672,0.959175169467926,7.69984326325357e-05,0.9379498362541199,0.9578120708465576,0.9543050527572632,0.00029743366758339107,0.9296925663948059,0.946879506111145,0.9432657361030579,0.00018734279728960246
0,0.9193919897079468,0.9193919897079468,0.9193919897079468,0.0,0.9443016648292542,0.9443016648292542,0.9443016648292542,0.0,0.9220486283302307,0.9220486283302307,0.9220486283302307,0.0,0.905293345451355,0.905293345451355,0.905293345451355,0.0
1,0.923225462436676,0.923225462436676,0.923225462436676,0.0,0.9515318870544434,0.9515318870544434,0.9515318870544434,0.0,0.9012097120285034,0.9012097120285034,0.9012097120285034,0.0,0.8963525295257568,0.8963525295257568,0.8963525295257568,0.0
1,0.903050422668457,0.903050422668457,0.903050422668457,0.0,0.945649266242981,0.945649266242981,0.945649266242981,0.0,0.9068269729614258,0.9068269729614258,0.9068269729614258,0.0,0.895750880241394,0.895750880241394,0.895750880241394,0.0
0,0.9032783508300781,0.9304201006889343,0.9281193017959595,0.0005217624711804092,0.9428226351737976,0.9563920497894287,0.9518257975578308,8.78858263604343e-05,0.948063850402832,0.9617416858673096,0.9606778621673584,0.000175875800778158,0.9313356876373291,0.9502184391021729,0.9483463764190674,0.0002882259723264724
1,0.8902243971824646,0.9462447762489319,0.9193141460418701,0.0007855663425289094,0.9420299530029297,0.9590961933135986,0.9509161114692688,6.718315125908703e-05,0.9039257168769836,0.9412885308265686,0.934657096862793,0.0007726328331045806,0.9003313779830933,0.950869619846344,0.9276702404022217,0.0006350338808260858
1,0.0,0.0,0.0,0.0,0.0,0.0,0.0,0.0,0.0,0.0,0.0,0.0,0.0,0.0,0.0,0.0
0,0.8804931640625,0.8900830149650574,0.8872420787811279,4.600445390678942e-05,0.9429082870483398,0.9457638263702393,0.9451475739479065,5.040634732722538e-06,0.9077277779579163,0.9116606712341309,0.9105839729309082,7.911224201961886e-06,0.8975532650947571,0.9000611305236816,0.8994884490966797,3.6825804272666574e-06
1,0.8964592218399048,0.8964592218399048,0.8964592218399048,0.0,0.9407343864440918,0.9407343864440918,0.9407343864440918,0.0,0.9027901291847229,0.9027901291847229,0.9027901291847229,0.0,0.8797509670257568,0.8797509670257568,0.8797509670257568,0.0
1,0.9000759124755859,0.906205415725708,0.9054189324378967,3.7244779377942905e-05,0.947519063949585,0.9516373872756958,0.9507914185523987,1.1009014087903779e-05,0.9306783676147461,0.9445887804031372,0.9408410787582397,9.976563887903467e-05,0.9170325398445129,0.9251890182495117,0.9232487082481384,3.7542693462455645e-05
0,0.9045311808586121,0.9109480381011963,0.9108412265777588,4.1496754420222715e-05,0.9521278738975525,0.9596793055534363,0.9586063623428345,4.0244925912702456e-05,0.9454026222229004,0.9607517123222351,0.9576451778411865,0.00017858030332718045,0.9317116141319275,0.9473459720611572,0.9455555081367493,0.00015916886331979185
0,0.9030179977416992,0.9291895627975464,0.9194484353065491,0.00027900628629140556,0.9436821937561035,0.9508901238441467,0.9500745534896851,4.200730472803116e-05,0.9119572639465332,0.9371968507766724,0.9254080057144165,0.00018945266492664814,0.9142777919769287,0.9421290159225464,0.9336128234863281,0.00024266738910228014
0,0.8643102049827576,0.9541049599647522,0.9315694570541382,0.003557233838364482,0.933143138885498,0.9599980115890503,0.9551519751548767,0.0004699593991972506,0.9004654884338379,0.9747831225395203,0.9443802237510681,0.0013664336875081062,0.8846449851989746,0.9650916457176208,0.9334349632263184,0.001844392972998321
1,0.8641237616539001,0.9508019089698792,0.9124642610549927,0.0022653909400105476,0.9340049028396606,0.9606238603591919,0.9465759992599487,0.00014317317982204258,0.9132291078567505,0.9573511481285095,0.9494491815567017,0.0009311797330155969,0.8979863524436951,0.9545525312423706,0.9301832318305969,0.0009451321675442159
1,0.9096967577934265,0.9214239120483398,0.9202350378036499,0.00011469198943814263,0.94759202003479,0.953355610370636,0.9509055614471436,8.146066647896077e-06,0.9409005045890808,0.9507282972335815,0.9497429728507996,6.579904584214091e-05,0.9253928065299988,0.9343258142471313,0.9330682754516602,4.4612508645514026e-05
0,0.8853845000267029,0.9371674060821533,0.9216901063919067,0.0013407920487225056,0.9397384524345398,0.9637768864631653,0.956754207611084,0.00028951652348041534,0.9150555729866028,0.9381080865859985,0.9328704476356506,0.00031264120480045676,0.9042676091194153,0.9455194473266602,0.934959888458252,0.0009058159193955362
0,0.9150046706199646,0.9709511995315552,0.9468823075294495,0.0006564314244315028,0.9466372728347778,0.9659417867660522,0.9566540718078613,8.446617721347138e-05,0.9245491027832031,0.9626982808113098,0.9566305875778198,0.0006142453057691455,0.9194388389587402,0.9643958210945129,0.9501591920852661,0.0006005731411278248
1,0.91324383020401,0.9237486124038696,0.9219008684158325,8.350261487066746e-05,0.9462369084358215,0.958600640296936,0.9557307958602905,8.817039633868262e-05,0.9396653175354004,0.9420431852340698,0.9413576126098633,2.8399217626429163e-06,0.9280508160591125,0.9399152994155884,0.9377439022064209,0.00010249068873235956
1,0.9122641086578369,0.9415979385375977,0.9309890866279602,0.0003249821893405169,0.9454502463340759,0.9541488289833069,0.9532122611999512,9.354063513455912e-05,0.92987060546875,0.9427746534347534,0.9411123394966125,8.460881508653983e-05,0.924888551235199,0.9387645125389099,0.9355788230895996,8.487895684083924e-05
1,0.9113175272941589,0.9171234369277954,0.916972279548645,5.902275370317511e-05,0.9513862729072571,0.9558993577957153,0.9551812410354614,1.692111800366547e-05,0.9283025860786438,0.9332300424575806,0.9324565529823303,2.0417450286913663e-05,0.9228793978691101,0.9249507188796997,0.924568772315979,3.101149559370242e-06
0,0.9403445720672607,0.9403445720672607,0.9403445720672607,0.0,0.9462068676948547,0.9462068676948547,0.9462068676948547,0.0,0.9412776827812195,0.9412776827812195,0.9412776827812195,0.0,0.940577507019043,0.940577507019043,0.940577507019043,0.0
1,0.952480137348175,0.952480137348175,0.952480137348175,0.0,0.9568639993667603,0.9568639993667603,0.9568639993667603,0.0,0.9592090249061584,0.9592090249061584,0.9592090249061584,0.0,0.9577130079269409,0.9577130079269409,0.9577130079269409,0.0
0,0.9293416738510132,0.9662872552871704,0.9566803574562073,0.0007113600731827319,0.9533588290214539,0.9672631025314331,0.9647192358970642,8.568487828597426e-05,0.9277248382568359,0.9584753513336182,0.9564226269721985,0.0007496342295780778,0.9318931698799133,0.960769772529602,0.9563840627670288,0.0003832526272162795
1,0.8505874276161194,0.8505874276161194,0.8505874276161194,0.0,0.9323875904083252,0.9323875904083252,0.9323875904083252,0.0,0.8583794832229614,0.8583794832229614,0.8583794832229614,0.0,0.8449034690856934,0.8449034690856934,0.8449034690856934,0.0
0,0.9099271297454834,0.9126509428024292,0.9123474359512329,8.107038411253598e-06,0.9448013305664062,0.9511713981628418,0.9500117301940918,2.9698041544179432e-05,0.94035404920578,0.9432265758514404,0.9432175755500793,1.624518154130783e-05,0.929735004901886,0.9358702898025513,0.9340659379959106,1.8842756617232226e-05
0,0.9044495224952698,0.9425377249717712,0.9294298887252808,0.00034759132540784776,0.9518174529075623,0.9603365659713745,0.9591620564460754,2.7180189135833643e-05,0.9237672686576843,0.9467450380325317,0.9444063901901245,0.00022303240257315338,0.9128583073616028,0.9467612504959106,0.9354787468910217,0.00023471259919460863
1,0.9010753035545349,0.9010753035545349,0.9010753035545349,0.0,0.951312780380249,0.951312780380249,0.951312780380249,0.0,0.9150528907775879,0.9150528907775879,0.9150528907775879,0.0,0.9053200483322144,0.9053200483322144,0.9053200483322144,0.0
0,0.916475772857666,0.9479910135269165,0.9374314546585083,0.00043968367390334606,0.940986156463623,0.9558396339416504,0.9527626633644104,0.00015771195467095822,0.9274587035179138,0.9545850157737732,0.9458742141723633,0.00047336783609353006,0.9200658202171326,0.9438859820365906,0.9387174844741821,0.0005981139256618917
1,0.8793814778327942,0.8927109241485596,0.8924933671951294,0.00032713948166929185,0.9343488812446594,0.9415187835693359,0.9401565790176392,3.607235339586623e-05,0.9217877984046936,0.9328855276107788,0.9323158860206604,0.000188509002327919,0.8967437744140625,0.9118061065673828,0.9107633233070374,0.00031480725738219917
0,0.8988930583000183,0.9426413774490356,0.9226284027099609,0.0003445722395554185,0.944792628288269,0.9597540497779846,0.954210638999939,7.290978101082146e-05,0.919170081615448,0.9609560966491699,0.9428960084915161,0.00046025935444049537,0.912240743637085,0.9515315890312195,0.9310891628265381,0.00025778665440157056
1,0.9055043458938599,0.9055043458938599,0.9055043458938599,0.0,0.9397064447402954,0.9397064447402954,0.9397064447402954,0.0,0.9236623048782349,0.9236623048782349,0.9236623048782349,0.0,0.9042230248451233,0.9042230248451233,0.9042230248451233,0.0
0,0.9300127625465393,0.9300127625465393,0.9300127625465393,0.0,0.9530624151229858,0.9530624151229858,0.9530624151229858,0.0,0.9342685341835022,0.9342685341835022,0.9342685341835022,0.0,0.9238275289535522,0.9238275289535522,0.9238275289535522,0.0
1,0.9149147868156433,0.9207422137260437,0.9206456542015076,6.244802352739498e-05,0.9503207206726074,0.9515671730041504,0.9515558481216431,2.9681705200346187e-06,0.9318298697471619,0.9362154006958008,0.9355882406234741,1.7517508240416646e-05,0.9270148873329163,0.9336749911308289,0.9330741167068481,5.471108670462854e-05
1,0.9180169105529785,0.9180169105529785,0.9180169105529785,0.0,0.9520548582077026,0.9520548582077026,0.9520548582077026,0.0,0.9309341907501221,0.9309341907501221,0.9309341907501221,0.0,0.9250105023384094,0.9250105023384094,0.9250105023384094,0.0
1,0.8823532462120056,0.9192215800285339,0.909119725227356,0.0006949545932002366,0.9440891146659851,0.9576078057289124,0.954616367816925,0.00011025268031517044,0.9233739972114563,0.934249997138977,0.9310752749443054,5.9272319049341604e-05,0.8981911540031433,0.9230929017066956,0.9164915680885315,0.0003226386907044798
0,0.9638717174530029,0.9638717174530029,0.9638717174530029,0.0,0.9624707698822021,0.9624707698822021,0.9624707698822021,0.0,0.9615517854690552,0.9615517854690552,0.9615517854690552,0.0,0.963791012763977,0.963791012763977,0.963791012763977,0.0
1,0.9416029453277588,0.9416029453277588,0.9416029453277588,0.0,0.9572464823722839,0.9572464823722839,0.9572464823722839,0.0,0.9519855380058289,0.9519855380058289,0.9519855380058289,0.0,0.9432405829429626,0.9432405829429626,0.9432405829429626,0.0
0,0.9103520512580872,0.9103520512580872,0.9103520512580872,0.0,0.937654435634613,0.937654435634613,0.937654435634613,0.0,0.8965082168579102,0.8965082168579102,0.8965082168579102,0.0,0.8915833234786987,0.8915833234786987,0.8915833234786987,0.0
0,0.8991572260856628,0.95035719871521,0.9362508058547974,0.001336913206614554,0.9407455325126648,0.961280882358551,0.9552711248397827,0.00021123098849784583,0.9187001585960388,0.9533933401107788,0.9450790882110596,0.0006748721352778375,0.9074317812919617,0.951456606388092,0.9402322769165039,0.0010346369817852974
1,0.8830004930496216,0.921406090259552,0.9133262038230896,0.0011774807935580611,0.938804566860199,0.952739953994751,0.9508806467056274,0.00011827616981463507,0.9097900986671448,0.9417998194694519,0.9297571778297424,0.00042242088238708675,0.9010589718818665,0.9269005656242371,0.9217605590820312,0.0004708213091362268
1,0.9010801315307617,0.9010801315307617,0.9010801315307617,0.0,0.9538314342498779,0.9538314342498779,0.9538314342498779,0.0,0.9336561560630798,0.9336561560630798,0.9336561560630798,0.0,0.911589503288269,0.911589503288269,0.911589503288269,0.0
1,0.0,0.0,0.0,0.0,0.0,0.0,0.0,0.0,0.0,0.0,0.0,0.0,0.0,0.0,0.0,0.0
1,0.8986926674842834,0.9156322479248047,0.9133319854736328,0.0002724320802371949,0.9402665495872498,0.9445173740386963,0.9435274004936218,1.0391388059360906e-05,0.9260432720184326,0.9333068132400513,0.9314697980880737,2.832939389918465e-05,0.9135088324546814,0.9244757890701294,0.9226367473602295,9.523035259917378e-05
1,0.9172004461288452,0.9172004461288452,0.9172004461288452,0.0,0.9521448612213135,0.9521448612213135,0.9521448612213135,0.0,0.9362742900848389,0.9362742900848389,0.9362742900848389,0.0,0.9248443245887756,0.9248443245887756,0.9248443245887756,0.0
1,0.0,0.0,0.0,0.0,0.0,0.0,0.0,0.0,0.0,0.0,0.0,0.0,0.0,0.0,0.0,0.0
1,0.9425495862960815,0.9425495862960815,0.9425495862960815,0.0,0.9658546447753906,0.9658546447753906,0.9658546447753906,0.0,0.9458255767822266,0.9458255767822266,0.9458255767822266,0.0,0.9467019438743591,0.9467019438743591,0.9467019438743591,0.0
0,0.9281098246574402,0.9409497976303101,0.9377606511116028,7.903551158960909e-05,0.9519667029380798,0.9630639553070068,0.9593132734298706,4.795846689376049e-05,0.931618869304657,0.9542080760002136,0.9451512098312378,0.0001305754267377779,0.926344633102417,0.9422504901885986,0.9393476247787476,0.00012009151396341622
0,0.9008510112762451,0.9220036268234253,0.9172804951667786,0.0002675994182936847,0.9487534165382385,0.9586952924728394,0.95644211769104,5.8286885177949443e-05,0.9098923802375793,0.9330967664718628,0.928388237953186,0.00035380685585550964,0.911944568157196,0.9345657229423523,0.9302189946174622,0.0003550567489583045
1,0.9127146601676941,0.9446284770965576,0.9362208843231201,0.0005319278570823371,0.9530118107795715,0.9606700539588928,0.9584100842475891,2.9348120733629912e-05,0.9195874333381653,0.9513297080993652,0.9460566639900208,0.0008047795854508877,0.9201653599739075,0.9483818411827087,0.9419711232185364,0.0004684130835812539
1,0.0,0.0,0.0,0.0,0.0,0.0,0.0,0.0,0.0,0.0,0.0,0.0,0.0,0.0,0.0,0.0
0,0.902721643447876,0.9104472398757935,0.9091379046440125,4.6789125917712227e-05,0.9416478276252747,0.9444144368171692,0.9441136717796326,8.494389476254582e-06,0.9249351620674133,0.9298895001411438,0.9291175603866577,2.0777375539182685e-05,0.9192190766334534,0.9234525561332703,0.9228549003601074,1.6496318494318984e-05
0,0.902934193611145,0.902934193611145,0.902934193611145,0.0,0.9445441961288452,0.9445441961288452,0.9445441961288452,0.0,0.8754604458808899,0.8754604458808899,0.8754604458808899,0.0,0.8882899880409241,0.8882899880409241,0.8882899880409241,0.0
1,0.7942954897880554,0.9614190459251404,0.879906415939331,0.004394645802676678,0.9132767915725708,0.9632260203361511,0.9388155937194824,0.0004527944256551564,0.8645358681678772,0.974647581577301,0.9085912704467773,0.001604815130122006,0.859114408493042,0.9669634103775024,0.9079613089561462,0.0018116867868229747
1,0.9060243964195251,0.94864821434021,0.9314686059951782,0.000443166121840477,0.9450390934944153,0.9614042639732361,0.9564131498336792,9.542713814880699e-05,0.9225620627403259,0.9512022733688354,0.945564329624176,0.00036585505586117506,0.9113713502883911,0.9468533992767334,0.9327086210250854,0.00035000304342247546
1,0.0,0.0,0.0,0.0,0.0,0.0,0.0,0.0,0.0,0.0,0.0,0.0,0.0,0.0,0.0,0.0
1,0.0,0.0,0.0,0.0,0.0,0.0,0.0,0.0,0.0,0.0,0.0,0.0,0.0,0.0,0.0,0.0
1,0.914130687713623,0.914130687713623,0.914130687713623,0.0,0.9379070997238159,0.9379070997238159,0.9379070997238159,0.0,0.9192750453948975,0.9192750453948975,0.9192750453948975,0.0,0.9102892875671387,0.9102892875671387,0.9102892875671387,0.0
1,0.9063156247138977,0.9479255676269531,0.9279683232307434,0.00033919711131602526,0.9412395358085632,0.9580200910568237,0.9530500769615173,8.542270370526239e-05,0.9340735673904419,0.9544740915298462,0.9522011876106262,0.00020330857660155743,0.9180619120597839,0.9451796412467957,0.934334933757782,0.00020918769587296993
0,0.9274177551269531,0.9274177551269531,0.9274177551269531,0.0,0.9464060664176941,0.9464060664176941,0.9464060664176941,0.0,0.9256502389907837,0.9256502389907837,0.9256502389907837,0.0,0.9124993681907654,0.9124993681907654,0.9124993681907654,0.0
1,0.9274832010269165,0.9274832010269165,0.9274832010269165,0.0,0.9476814270019531,0.9476814270019531,0.9476814270019531,0.0,0.9394620060920715,0.9394620060920715,0.9394620060920715,0.0,0.934195876121521,0.934195876121521,0.934195876121521,0.0
0,0.9281644821166992,0.9281644821166992,0.9281644821166992,0.0,0.9471630454063416,0.9471630454063416,0.9471630454063416,0.0,0.9224878549575806,0.9224878549575806,0.9224878549575806,0.0,0.9259680509567261,0.9259680509567261,0.9259680509567261,0.0
0,0.8741558790206909,0.8741558790206909,0.8741558790206909,0.0,0.9519492387771606,0.9519492387771606,0.9519492387771606,0.0,0.9013376235961914,0.9013376235961914,0.9013376235961914,0.0,0.8704055547714233,0.8704055547714233,0.8704055547714233,0.0
1,0.8827723860740662,0.8827723860740662,0.8827723860740662,0.0,0.94818115234375,0.94818115234375,0.94818115234375,0.0,0.8759968280792236,0.8759968280792236,0.8759968280792236,0.0,0.8821518421173096,0.8821518421173096,0.8821518421173096,0.0
1,0.9080373644828796,0.93632572889328,0.9280291795730591,0.0002000505046453327,0.9460893869400024,0.9536921977996826,0.9520590305328369,2.4645147277624346e-05,0.9365520477294922,0.9589419364929199,0.9576150178909302,0.00017424965335521847,0.9200096130371094,0.9487558603286743,0.9418711066246033,0.0002640963648445904
0,0.0,0.0,0.0,0.0,0.0,0.0,0.0,0.0,0.0,0.0,0.0,0.0,0.0,0.0,0.0,0.0
0,0.9155858159065247,0.9258800148963928,0.9253663420677185,0.00016346054326277226,0.9466044306755066,0.9533169865608215,0.9520915150642395,3.2886338885873556e-05,0.9183312058448792,0.948160707950592,0.9403301477432251,0.0004657404206227511,0.9236311316490173,0.9410879015922546,0.9379310011863708,0.000224487463128753
0,0.873291015625,0.9164785146713257,0.900891900062561,0.0006865374743938446,0.93565833568573,0.9461451768875122,0.9439322352409363,6.966242654016241e-05,0.9162889122962952,0.9483346939086914,0.9421401023864746,0.00039788216236047447,0.9091566205024719,0.9407760500907898,0.9289003014564514,0.0003475793928373605
1,0.8792859315872192,0.9512205123901367,0.9264973998069763,0.0015128698432818055,0.9364415407180786,0.9675233960151672,0.9558265805244446,0.00037187858833931386,0.8972075581550598,0.9644992351531982,0.9389902949333191,0.0025210236199200153,0.8815876245498657,0.955808162689209,0.940030038356781,0.005098341964185238
0,0.8824873566627502,0.8993843793869019,0.8954587578773499,0.00016454698925372213,0.9470098614692688,0.9589036703109741,0.9559367895126343,7.67562523833476e-05,0.9044196605682373,0.9235916137695312,0.919589102268219,0.00023476748901885003,0.8883617520332336,0.8980448842048645,0.8977976441383362,0.0001646071468712762
1,0.9241089820861816,0.9241089820861816,0.9241089820861816,0.0,0.9335396885871887,0.9335396885871887,0.9335396885871887,0.0,0.9271707534790039,0.9271707534790039,0.9271707534790039,0.0,0.9204465746879578,0.9204465746879578,0.9204465746879578,0.0
1,0.9023978114128113,0.9619301557540894,0.9305832982063293,0.0005245420034043491,0.9436522722244263,0.9600263237953186,0.953987717628479,6.694759213132784e-05,0.9231758117675781,0.9613352417945862,0.9465283155441284,0.0003926608187612146,0.9096231460571289,0.9608412384986877,0.9339881539344788,0.0004048588452860713
1,0.8612577319145203,0.9256089925765991,0.9195491075515747,0.0020414821337908506,0.9314859509468079,0.953796923160553,0.9513030648231506,0.0002462404081597924,0.8880004286766052,0.9369597434997559,0.9251914620399475,0.001117834122851491,0.8739577531814575,0.9288420081138611,0.9185449481010437,0.001558910240419209
1,0.912619411945343,0.912619411945343,0.912619411945343,0.0,0.9523269534111023,0.9523269534111023,0.9523269534111023,0.0,0.9187041521072388,0.9187041521072388,0.9187041521072388,0.0,0.9071813225746155,0.9071813225746155,0.9071813225746155,0.0
0,0.9076331853866577,0.9076331853866577,0.9076331853866577,0.0,0.9578653573989868,0.9578653573989868,0.9578653573989868,0.0,0.944332480430603,0.944332480430603,0.944332480430603,0.0,0.9142563343048096,0.9142563343048096,0.9142563343048096,0.0
1,0.8951282501220703,0.8951282501220703,0.8951282501220703,0.0,0.9580731391906738,0.9580731391906738,0.9580731391906738,0.0,0.8934510946273804,0.8934510946273804,0.8934510946273804,0.0,0.8943873047828674,0.8943873047828674,0.8943873047828674,0.0
0,0.8527390360832214,0.9255858659744263,0.9056053161621094,0.0020868638530373573,0.9282252192497253,0.9492830038070679,0.9452140927314758,0.00021450170606840402,0.9033163785934448,0.940070390701294,0.9366438984870911,0.0009691322920843959,0.8953959345817566,0.9318861365318298,0.9191555380821228,0.0005846983985975385
1,0.9401332139968872,0.9401332139968872,0.9401332139968872,0.0,0.9602292776107788,0.9602292776107788,0.9602292776107788,0.0,0.9594841599464417,0.9594841599464417,0.9594841599464417,0.0,0.9377679228782654,0.9377679228782654,0.9377679228782654,0.0
1,0.0,0.0,0.0,0.0,0.0,0.0,0.0,0.0,0.0,0.0,0.0,0.0,0.0,0.0,0.0,0.0
0,0.9197604656219482,0.9197604656219482,0.9197604656219482,0.0,0.9532679319381714,0.9532679319381714,0.9532679319381714,0.0,0.9305742979049683,0.9305742979049683,0.9305742979049683,0.0,0.922568678855896,0.922568678855896,0.922568678855896,0.0
0,0.8900708556175232,0.9009072184562683,0.900610625743866,0.00020418292842805386,0.9402430057525635,0.9508435130119324,0.9488592147827148,8.002024696907029e-05,0.9177997708320618,0.9294742345809937,0.9268954992294312,8.236197027144954e-05,0.9006859660148621,0.90521240234375,0.9049211740493774,2.920885344792623e-05
1,0.8832642436027527,0.932747483253479,0.9162316918373108,0.0008424759726040065,0.9403960108757019,0.9563107490539551,0.9489080309867859,6.63823084323667e-05,0.8894124627113342,0.9390044212341309,0.9231814742088318,0.0008121500140987337,0.8978425860404968,0.9387677311897278,0.9185364246368408,0.0003927960351575166
1,0.0,0.0,0.0,0.0,0.0,0.0,0.0,0.0,0.0,0.0,0.0,0.0,0.0,0.0,0.0,0.0
0,0.890573263168335,0.9017372727394104,0.8987918496131897,6.503501936094835e-05,0.9488849639892578,0.955020010471344,0.9545952081680298,5.22246009495575e-05,0.9181308746337891,0.9264812469482422,0.9259337186813354,9.873323142528534e-05,0.9103853702545166,0.9140808582305908,0.9140351414680481,2.5658637241576798e-05
1,0.8790480494499207,0.9205949902534485,0.9090052843093872,0.0008758180192671716,0.9401730895042419,0.9527513384819031,0.949417769908905,8.233145490521565e-05,0.9007542729377747,0.9347200393676758,0.9245457053184509,0.000576838559936732,0.898646354675293,0.9299417734146118,0.9227855801582336,0.0005727654206566513
0,0.8902686238288879,0.9393261671066284,0.9361951947212219,0.0014600431313738227,0.9424090385437012,0.9579339027404785,0.9575822353363037,0.00016190479800570756,0.9253668189048767,0.9657286405563354,0.9624321460723877,0.0008450738969258964,0.9151198267936707,0.9538682699203491,0.9526532888412476,0.0008727032691240311
1,0.90351402759552,0.90351402759552,0.90351402759552,0.0,0.9502506256103516,0.9502506256103516,0.9502506256103516,0.0,0.8972035646438599,0.8972035646438599,0.8972035646438599,0.0,0.9047948718070984,0.9047948718070984,0.9047948718070984,0.0
0,0.0,0.0,0.0,0.0,0.0,0.0,0.0,0.0,0.0,0.0,0.0,0.0,0.0,0.0,0.0,0.0
1,0.8808085918426514,0.8929425477981567,0.8881533145904541,4.175102003500797e-05,0.9394169449806213,0.951076090335846,0.9478014707565308,5.780333958682604e-05,0.9128252863883972,0.9190751910209656,0.9186122417449951,2.9402899599517696e-05,0.898512065410614,0.9050607681274414,0.9041458964347839,4.6037122956477106e-05
1,0.8850657343864441,0.9470117092132568,0.9382529258728027,0.001583375851623714,0.9419069290161133,0.960188627243042,0.9547992944717407,0.00012357575178612024,0.9197697043418884,0.9635080695152283,0.9577819108963013,0.0006309485179372132,0.8990888595581055,0.9564135670661926,0.9493306875228882,0.001144911628216505
1,0.8814077377319336,0.9435615539550781,0.9298161268234253,0.005387776996940374,0.9359055161476135,0.9601895809173584,0.9557541012763977,0.0007877417374402285,0.8995776176452637,0.9519649744033813,0.9377538561820984,0.0021802617702633142,0.8968902230262756,0.9471224546432495,0.9363842606544495,0.0022523929364979267
1,0.9029560089111328,0.9215782284736633,0.9167781472206116,0.00018370461475569755,0.9364808201789856,0.9451084136962891,0.9438453912734985,6.648886483162642e-05,0.9295386672019958,0.9456614851951599,0.942432701587677,0.0001730709773255512,0.9100291132926941,0.9213123917579651,0.9208723902702332,0.00020820368081331253
1,0.9044642448425293,0.9249947667121887,0.9222346544265747,0.0002449596649967134,0.9515781402587891,0.960698127746582,0.9591561555862427,2.6723419068730436e-05,0.9092385172843933,0.9268975257873535,0.9242992401123047,0.00015309645095840096,0.9194183349609375,0.934994101524353,0.93364417552948,0.00011576095130294561
1,0.9219315648078918,0.933936357498169,0.9310415387153625,8.037889347178861e-05,0.9495050311088562,0.9574614763259888,0.9555135369300842,3.486402056296356e-05,0.9527432322502136,0.9645199179649353,0.9614802002906799,7.340157753787935e-05,0.9324638247489929,0.9412916898727417,0.9390666484832764,4.195190194877796e-05
0,0.9539949893951416,0.9539949893951416,0.9539949893951416,0.0,0.9573755264282227,0.9573755264282227,0.9573755264282227,0.0,0.960372269153595,0.960372269153595,0.960372269153595,0.0,0.955903947353363,0.955903947353363,0.955903947353363,0.0
1,0.8753541111946106,0.9757422208786011,0.9376764297485352,0.0032309656962752342,0.9375934600830078,0.9725173115730286,0.9578991532325745,0.00046434556134045124,0.9158526659011841,0.9659373164176941,0.948807418346405,0.0009286358836106956,0.8954467177391052,0.9688121676445007,0.9384839534759521,0.001694934326224029
1,0.909273624420166,0.931780993938446,0.927343487739563,0.00034258849336765707,0.9466606974601746,0.9541803598403931,0.9531843066215515,5.4726569942431524e-05,0.9306516647338867,0.9477760195732117,0.9435015916824341,0.00015903159510344267,0.9185912609100342,0.9401869177818298,0.934785783290863,0.00025254025240428746
1,0.9044687151908875,0.9490929245948792,0.9270252585411072,0.0003503261541482061,0.9486978650093079,0.9600245952606201,0.9578360915184021,4.898095357930288e-05,0.9189435243606567,0.9573639631271362,0.9403302669525146,0.00031784657039679587,0.9134377837181091,0.9479361772537231,0.9356429576873779,0.0002753676089923829
0,0.9190805554389954,0.9407784938812256,0.9344013333320618,0.00023569197219330817,0.9498922228813171,0.9538593292236328,0.9526737928390503,7.869235560065135e-06,0.9359903931617737,0.9652328491210938,0.9572302103042603,0.0004374434647615999,0.9370599389076233,0.9559841156005859,0.9503896832466125,0.00017917610239237547
1,0.9005909562110901,0.9128285646438599,0.911755383014679,0.00018738168000709265,0.9402821660041809,0.9490582346916199,0.948391854763031,0.00010295480024069548,0.9364925026893616,0.9525466561317444,0.9479168057441711,0.00012944590707775205,0.9260489344596863,0.9390203952789307,0.935538649559021,8.692619303474203e-05
0,0.9020798206329346,0.9020798206329346,0.9020798206329346,0.0,0.9431580901145935,0.9431580901145935,0.9431580901145935,0.0,0.8948690891265869,0.8948690891265869,0.8948690891265869,0.0,0.8942835330963135,0.8942835330963135,0.8942835330963135,0.0
0,0.9164295196533203,0.9164295196533203,0.9164295196533203,0.0,0.941041111946106,0.941041111946106,0.941041111946106,0.0,0.908984899520874,0.908984899520874,0.908984899520874,0.0,0.9060350656509399,0.9060350656509399,0.9060350656509399,0.0
1,0.9127122759819031,0.9500082731246948,0.9359754920005798,0.00031960493652150035,0.9422550201416016,0.9595518112182617,0.9572391510009766,0.00011639370495686308,0.9389411211013794,0.9646076560020447,0.9538131952285767,0.0001726609334582463,0.926148533821106,0.955872654914856,0.9409080743789673,0.00019485902157612145
1,0.8526124954223633,0.9157242774963379,0.9013394117355347,0.0020021332893520594,0.9359068274497986,0.9565026760101318,0.9493522047996521,0.00016532269364688545,0.9059081673622131,0.9402339458465576,0.9335615038871765,0.000599354098085314,0.8838998675346375,0.9238022565841675,0.9192574620246887,0.0009010175126604736
1,0.8418132066726685,0.9123331308364868,0.8920764923095703,0.001603016396984458,0.9264293313026428,0.9487664699554443,0.941716194152832,0.000179044232936576,0.9139980673789978,0.9465880990028381,0.9363715052604675,0.0003585247613955289,0.8876274824142456,0.9292052984237671,0.9171972870826721,0.0004574998456519097
1,0.911531388759613,0.911531388759613,0.911531388759613,0.0,0.9494895935058594,0.9494895935058594,0.9494895935058594,0.0,0.9236663579940796,0.9236663579940796,0.9236663579940796,0.0,0.9097802042961121,0.9097802042961121,0.9097802042961121,0.0
0,0.9548263549804688,0.9548263549804688,0.9548263549804688,0.0,0.9508423805236816,0.9508423805236816,0.9508423805236816,0.0,0.9410624504089355,0.9410624504089355,0.9410624504089355,0.0,0.9475616216659546,0.9475616216659546,0.9475616216659546,0.0
1,0.8975704312324524,0.9417594075202942,0.936467170715332,0.0007008267566561699,0.9439695477485657,0.9537463188171387,0.9524719715118408,3.898113936884329e-05,0.9319467544555664,0.9559146165847778,0.95455002784729,0.0003349939943291247,0.918859601020813,0.9500982165336609,0.9496462345123291,0.00040550483390688896
0,0.9015045166015625,0.9067960381507874,0.9063278436660767,3.487877984298393e-05,0.9504189491271973,0.9511436820030212,0.9510602951049805,5.618852583211265e-07,0.9315603375434875,0.9413294792175293,0.9397761225700378,7.933597225928679e-05,0.9117811322212219,0.9178517460823059,0.9174005389213562,4.9705766286933795e-05
0,0.941968560218811,0.941968560218811,0.941968560218811,0.0,0.9488105773925781,0.9488105773925781,0.9488105773925781,0.0,0.9614599943161011,0.9614599943161011,0.9614599943161011,0.0,0.9463173747062683,0.9463173747062683,0.9463173747062683,0.0
1,0.9099580645561218,0.9335267543792725,0.9286789894104004,0.00036009118775837123,0.9452598094940186,0.9551141262054443,0.9522997140884399,4.888901094091125e-05,0.9365023970603943,0.9481784105300903,0.9454326033592224,7.771568925818428e-05,0.914993941783905,0.9368681907653809,0.9319131374359131,0.00028229557210579515
1,0.8934900164604187,0.90757155418396,0.905509889125824,0.00017710616521071643,0.9377214312553406,0.9400301575660706,0.9397912621498108,6.0963570831518155e-06,0.9248140454292297,0.9291253089904785,0.9285646677017212,1.8242199075757526e-05,0.9057009220123291,0.9094897508621216,0.9083568453788757,7.177997758844867e-06
1,0.8856662511825562,0.9291149377822876,0.9238237142562866,0.00105167122092098,0.9458003044128418,0.95528244972229,0.9512832164764404,3.698378714034334e-05,0.9046209454536438,0.9391354322433472,0.9388512372970581,0.0008353946614079177,0.8971231579780579,0.9277578592300415,0.9235218167304993,0.0005767490947619081
1,0.9061822295188904,0.918276309967041,0.9177664518356323,0.00023520596732851118,0.9489290118217468,0.9535684585571289,0.9529854655265808,2.1666031898348592e-05,0.932692289352417,0.938346266746521,0.9380426406860352,4.830539182876237e-05,0.9138884544372559,0.9201657176017761,0.9199344515800476,6.518183363368735e-05
1,0.0,0.0,0.0,0.0,0.0,0.0,0.0,0.0,0.0,0.0,0.0,0.0,0.0,0.0,0.0,0.0
1,0.8861252665519714,0.9391211271286011,0.92119961977005,0.0008115278906188905,0.9424048066139221,0.9627153873443604,0.953881561756134,7.764522888464853e-05,0.9247278571128845,0.9588886499404907,0.9510552883148193,0.00030097318813204765,0.9126635193824768,0.9561122059822083,0.936329185962677,0.00043110421393066645
0,0.9137036800384521,0.918246865272522,0.9177317023277283,2.2299811462289654e-05,0.9471467137336731,0.9497840404510498,0.9497013092041016,1.1843148968182504e-05,0.9367339611053467,0.9444354176521301,0.9423936009407043,3.085883872699924e-05,0.9263672232627869,0.9320312142372131,0.9308491945266724,2.0498498997767456e-05
0,0.9225088357925415,0.9225088357925415,0.9225088357925415,0.0,0.955951988697052,0.955951988697052,0.955951988697052,0.0,0.9264037609100342,0.9264037609100342,0.9264037609100342,0.0,0.9223355054855347,0.9223355054855347,0.9223355054855347,0.0
1,0.9165525436401367,0.9375540614128113,0.9334047436714172,0.0002976550895255059,0.9477881789207458,0.9529536962509155,0.9514892101287842,1.346248700428987e-05,0.92640620470047,0.936632513999939,0.9343165755271912,6.171392305986956e-05,0.9209318161010742,0.92400723695755,0.9231777191162109,4.8735132622823585e-06
1,0.9427118301391602,0.9427118301391602,0.9427118301391602,0.0,0.9571894407272339,0.9571894407272339,0.9571894407272339,0.0,0.9590680003166199,0.9590680003166199,0.9590680003166199,0.0,0.9473112225532532,0.9473112225532532,0.9473112225532532,0.0
1,0.9342777132987976,0.9342777132987976,0.9342777132987976,0.0,0.960915744304657,0.960915744304657,0.960915744304657,0.0,0.948487401008606,0.948487401008606,0.948487401008606,0.0,0.9356709718704224,0.9356709718704224,0.9356709718704224,0.0
1,0.9210084080696106,0.9286276698112488,0.9272130727767944,4.167581573710777e-05,0.9530159831047058,0.9562125205993652,0.9553883671760559,5.41175859325449e-06,0.9449355006217957,0.9512414932250977,0.9496022462844849,2.0946179574821144e-05,0.9323250651359558,0.9378789663314819,0.9364252090454102,1.617552334209904e-05
1,0.891351044178009,0.9528020620346069,0.9351027011871338,0.0011977069079875946,0.9422220587730408,0.9639846086502075,0.9553748369216919,0.00010868900426430628,0.917858898639679,0.9662300944328308,0.9532559514045715,0.0010512506123632193,0.9087664484977722,0.9574841260910034,0.9442853331565857,0.000999645097181201
1,0.902224063873291,0.9165586829185486,0.9156489968299866,0.0002943574218079448,0.9422107338905334,0.9477626085281372,0.9470945000648499,3.199184357072227e-05,0.9270496368408203,0.9467129707336426,0.9423624873161316,0.00023328843235503882,0.9233078360557556,0.9341217875480652,0.932606041431427,0.00010826317156897858
1,0.9350103735923767,0.9494421482086182,0.9454828500747681,0.00010642383858794346,0.9539670944213867,0.9602030515670776,0.9585667848587036,2.0360586859169416e-05,0.9528064131736755,0.9652776718139648,0.9621496796607971,8.40369684738107e-05,0.9393094182014465,0.9516119360923767,0.9483572840690613,7.884424849180505e-05
1,0.0,0.0,0.0,0.0,0.0,0.0,0.0,0.0,0.0,0.0,0.0,0.0,0.0,0.0,0.0,0.0
1,0.9323968887329102,0.9323968887329102,0.9323968887329102,0.0,0.9537398815155029,0.9537398815155029,0.9537398815155029,0.0,0.9328709244728088,0.9328709244728088,0.9328709244728088,0.0,0.940761387348175,0.940761387348175,0.940761387348175,0.0
0,0.9359056353569031,0.9359056353569031,0.9359056353569031,0.0,0.9596137404441833,0.9596137404441833,0.9596137404441833,0.0,0.9499106407165527,0.9499106407165527,0.9499106407165527,0.0,0.934225857257843,0.934225857257843,0.934225857257843,0.0
0,0.9522184729576111,0.9522184729576111,0.9522184729576111,0.0,0.9513038396835327,0.9513038396835327,0.9513038396835327,0.0,0.9298982620239258,0.9298982620239258,0.9298982620239258,0.0,0.9416958689689636,0.9416958689689636,0.9416958689689636,0.0
1,0.9121384024620056,0.9402117133140564,0.9321337938308716,0.00039602824836038053,0.9382982850074768,0.9457664489746094,0.9443044066429138,3.798474426730536e-05,0.9307921528816223,0.9423116445541382,0.9419718384742737,0.00022817660646978766,0.9141111373901367,0.9296242594718933,0.9283714294433594,0.0003131225530523807
1,0.8222230076789856,0.9121685028076172,0.9021815061569214,0.004009140655398369,0.9239476323127747,0.9534808993339539,0.9428033828735352,0.00031173464958555996,0.8598750829696655,0.9460448622703552,0.9285163879394531,0.002843694994226098,0.8479644656181335,0.9449626207351685,0.9153470993041992,0.003118381602689624
0,0.9436553716659546,0.9436553716659546,0.9436553716659546,0.0,0.9616522192955017,0.9616522192955017,0.9616522192955017,0.0,0.9342381954193115,0.9342381954193115,0.9342381954193115,0.0,0.935224711894989,0.935224711894989,0.935224711894989,0.0
0,0.92726731300354,0.92726731300354,0.92726731300354,0.0,0.9458713531494141,0.9458713531494141,0.9458713531494141,0.0,0.9110495448112488,0.9110495448112488,0.9110495448112488,0.0,0.9079535007476807,0.9079535007476807,0.9079535007476807,0.0
1,0.9010262489318848,0.9056932926177979,0.9053792357444763,3.054897752008401e-05,0.95024174451828,0.9507266283035278,0.9506009817123413,1.2412735372890893e-07,0.9296515583992004,0.9414697289466858,0.9387149214744568,8.025421993806958e-05,0.9108757972717285,0.9165375232696533,0.9160687923431396,4.123285543755628e-05
1,0.8139858245849609,0.8851911425590515,0.8690519332885742,0.002989659085869789,0.9212626814842224,0.9399820566177368,0.9362421035766602,0.00023385720851365477,0.8309535980224609,0.8706570267677307,0.8679401874542236,0.0021970628295093775,0.8285841345787048,0.8716803193092346,0.8679590225219727,0.0023416278418153524
1,0.9029983878135681,0.9461544752120972,0.9322632551193237,0.0006886899354867637,0.9442288279533386,0.9563961029052734,0.9552468657493591,8.390691800741479e-05,0.9316220879554749,0.9593111276626587,0.9526432156562805,0.0003038020513486117,0.9170899987220764,0.9450865983963013,0.9376091957092285,0.00034945018705911934
1,0.9360631108283997,0.9360631108283997,0.9360631108283997,0.0,0.9571230411529541,0.9571230411529541,0.9571230411529541,0.0,0.9299216270446777,0.9299216270446777,0.9299216270446777,0.0,0.9231147170066833,0.9231147170066833,0.9231147170066833,0.0
0,0.9367924928665161,0.9367924928665161,0.9367924928665161,0.0,0.9499221444129944,0.9499221444129944,0.9499221444129944,0.0,0.9454149603843689,0.9454149603843689,0.9454149603843689,0.0,0.9341861605644226,0.9341861605644226,0.9341861605644226,0.0
0,0.8940201997756958,0.9531645774841309,0.939195990562439,0.0013873435091227293,0.9440948963165283,0.9649597406387329,0.9562554359436035,0.0001339825539616868,0.9118849635124207,0.9538589715957642,0.9350993633270264,0.00042015171493403614,0.9085322618484497,0.9575907588005066,0.938801646232605,0.0007484116940759122
0,0.8816380500793457,0.913282036781311,0.9065043926239014,0.0006235791952349246,0.9311854243278503,0.9459652900695801,0.9425008296966553,0.00012488798529375345,0.917485237121582,0.9411624073982239,0.9354950785636902,0.00031466432847082615,0.9055289626121521,0.9322846531867981,0.9259728193283081,0.00040694617200642824
1,0.9417093396186829,0.9417093396186829,0.9417093396186829,0.0,0.9501879215240479,0.9501879215240479,0.9501879215240479,0.0,0.9402230978012085,0.9402230978012085,0.9402230978012085,0.0,0.9394996166229248,0.9394996166229248,0.9394996166229248,0.0
0,0.9315934181213379,0.9401359558105469,0.9378980994224548,3.824675877694972e-05,0.9482666850090027,0.9517748355865479,0.9511154890060425,8.72944565344369e-06,0.9550592303276062,0.9586387872695923,0.9582236409187317,1.363896080874838e-05,0.9440264701843262,0.9490039944648743,0.9479427337646484,1.5498198990826495e-05
0,0.8403646945953369,0.938363254070282,0.9193097352981567,0.0074690249748528,0.921133279800415,0.9599186182022095,0.9500542879104614,0.0008891539182513952,0.8971222639083862,0.956801176071167,0.9376084804534912,0.001969260862097144,0.8816519975662231,0.9445721507072449,0.9232760667800903,0.001713345292955637
0,0.9101191163063049,0.9423059225082397,0.9326300024986267,0.0004691275244113058,0.9490010738372803,0.9620873928070068,0.9602407217025757,9.9650387710426e-05,0.9369763731956482,0.9566891193389893,0.9489696025848389,9.793081699172035e-05,0.9258071780204773,0.9510657787322998,0.9409053921699524,0.00018120701133739203
0,0.9448502063751221,0.9448502063751221,0.9448502063751221,0.0,0.9618266820907593,0.9618266820907593,0.9618266820907593,0.0,0.9414624571800232,0.9414624571800232,0.9414624571800232,0.0,0.941190242767334,0.941190242767334,0.941190242767334,0.0
0,0.8849839568138123,0.8966720104217529,0.8933733105659485,6.902448512846604e-05,0.9485957026481628,0.9504635334014893,0.9499852061271667,1.85669466645777e-06,0.9192728996276855,0.9216148257255554,0.9209967255592346,2.861183020286262e-06,0.9113896489143372,0.922680139541626,0.919951319694519,7.096057379385456e-05
0,0.9420477151870728,0.9420477151870728,0.9420477151870728,0.0,0.9559861421585083,0.9559861421585083,0.9559861421585083,0.0,0.9461559057235718,0.9461559057235718,0.9461559057235718,0.0,0.9351084232330322,0.9351084232330322,0.9351084232330322,0.0
1,0.9167974591255188,0.935319185256958,0.9311022162437439,0.00020143303845543414,0.9447004199028015,0.9468096494674683,0.9465771913528442,4.895404345006682e-06,0.9400691390037537,0.9541261196136475,0.9514997601509094,0.0001409732358297333,0.9209035038948059,0.9284215569496155,0.9273950457572937,5.3430772823048756e-05
1,0.8691310286521912,0.9475089311599731,0.9264702796936035,0.003354762913659215,0.9341614842414856,0.9634595513343811,0.9560374021530151,0.00047912297304719687,0.8906648755073547,0.9651710391044617,0.9362711906433105,0.0018870355561375618,0.8836247324943542,0.9615611433982849,0.9266709089279175,0.0018562490586191416
1,0.8935859203338623,0.8935859203338623,0.8935859203338623,0.0,0.9370661973953247,0.9370661973953247,0.9370661973953247,0.0,0.9043123126029968,0.9043123126029968,0.9043123126029968,0.0,0.8802849650382996,0.8802849650382996,0.8802849650382996,0.0
1,0.0,0.0,0.0,0.0,0.0,0.0,0.0,0.0,0.0,0.0,0.0,0.0,0.0,0.0,0.0,0.0
0,0.9416922330856323,0.9416922330856323,0.9416922330856323,0.0,0.9644109010696411,0.9644109010696411,0.9644109010696411,0.0,0.943933367729187,0.943933367729187,0.943933367729187,0.0,0.9492926001548767,0.9492926001548767,0.9492926001548767,0.0
0,0.8738282322883606,0.920609712600708,0.9191635847091675,0.0015753189800307155,0.9346680641174316,0.9499584436416626,0.9456616640090942,8.53021047078073e-05,0.9123905301094055,0.9279296398162842,0.926456093788147,0.00022409514349419624,0.8958513140678406,0.9203047156333923,0.9195986986160278,0.0004890426644124091
1,0.8868608474731445,0.9345028400421143,0.9207351207733154,0.0011394725879654288,0.9336290955543518,0.9458596706390381,0.9435965418815613,0.00010774280963232741,0.9167469143867493,0.9429019689559937,0.936842679977417,0.00039528068737126887,0.9050337672233582,0.9459622502326965,0.9341436624526978,0.0008410941809415817
1,0.0,0.0,0.0,0.0,0.0,0.0,0.0,0.0,0.0,0.0,0.0,0.0,0.0,0.0,0.0,0.0
1,0.9233863949775696,0.9319985508918762,0.9317715167999268,0.0001296431291848421,0.9414103627204895,0.9463111162185669,0.9455696940422058,2.086123095068615e-05,0.9360900521278381,0.9505362510681152,0.9483199119567871,0.00017907646542880684,0.9351956248283386,0.939540445804596,0.9395114779472351,3.650947837741114e-05
1,0.9022520184516907,0.9209833145141602,0.9163181781768799,0.0001906064135255292,0.9479491114616394,0.9546582698822021,0.9537553787231445,4.303670721128583e-05,0.9288447499275208,0.9414491057395935,0.9392519593238831,0.00012125921057304367,0.9083251357078552,0.9202082753181458,0.9198539853096008,0.00024240709899459034
1,0.9208254814147949,0.9391595125198364,0.9341881275177002,0.00017272827972192317,0.9497464299201965,0.9606977701187134,0.9575341939926147,6.021313674864359e-05,0.9417560696601868,0.9535748362541199,0.951343834400177,9.864576713880524e-05,0.9350748062133789,0.9465436935424805,0.9436019659042358,6.991720874793828e-05
1,0.9605460166931152,0.9605460166931152,0.9605460166931152,0.0,0.962242603302002,0.962242603302002,0.962242603302002,0.0,0.9573555588722229,0.9573555588722229,0.9573555588722229,0.0,0.9603175520896912,0.9603175520896912,0.9603175520896912,0.0
0,0.8062465190887451,0.8062465190887451,0.8062465190887451,0.0,0.88283371925354,0.88283371925354,0.88283371925354,0.0,0.8015621900558472,0.8015621900558472,0.8015621900558472,0.0,0.8021097779273987,0.8021097779273987,0.8021097779273987,0.0
0,0.8318189382553101,0.9059597253799438,0.8822059631347656,0.0021448705811053514,0.9234176874160767,0.950236439704895,0.9446619749069214,0.000369486166164279,0.8874652981758118,0.9371727705001831,0.9272206425666809,0.0011342336656525731,0.8863045573234558,0.9280698299407959,0.9127362966537476,0.0006212334847077727
1,0.8767814636230469,0.9102423787117004,0.9012598395347595,0.0005783953238278627,0.9331905841827393,0.9516984820365906,0.9470134377479553,0.00018380885012447834,0.9111595153808594,0.9238025546073914,0.9214231967926025,0.0001132238467107527,0.8958213925361633,0.911629319190979,0.9106361865997314,0.0003592248831409961
1,0.9255473613739014,0.9255473613739014,0.9255473613739014,0.0,0.9502246975898743,0.9502246975898743,0.9502246975898743,0.0,0.9384205937385559,0.9384205937385559,0.9384205937385559,0.0,0.9260580539703369,0.9260580539703369,0.9260580539703369,0.0
0,0.9257988333702087,0.9257988333702087,0.9257988333702087,0.0,0.9483566284179688,0.9483566284179688,0.9483566284179688,0.0,0.9404035806655884,0.9404035806655884,0.9404035806655884,0.0,0.9318203926086426,0.9318203926086426,0.9318203926086426,0.0
1,0.8667933940887451,0.9309473037719727,0.9127557277679443,0.0011837983038276434,0.9364616274833679,0.9554914832115173,0.9493547677993774,0.00011373402230674401,0.9175235629081726,0.9581893682479858,0.9476019740104675,0.0005704177892766893,0.8948776125907898,0.9399729371070862,0.9250234365463257,0.0006585700903087854
1,0.9270803928375244,0.9388783574104309,0.9381848573684692,0.00020457849313970655,0.9459040760993958,0.9517751932144165,0.9508965611457825,3.0220735425245948e-05,0.9241045117378235,0.9577070474624634,0.9514980912208557,0.0008144070743583143,0.9209380149841309,0.9488010406494141,0.9439487457275391,0.0005931156338192523
1,0.9403886795043945,0.9403886795043945,0.9403886795043945,0.0,0.9624111652374268,0.9624111652374268,0.9624111652374268,0.0,0.9498734474182129,0.9498734474182129,0.9498734474182129,0.0,0.9488343596458435,0.9488343596458435,0.9488343596458435,0.0
1,0.9106106162071228,0.9180151224136353,0.9171135425567627,5.644478369504213e-05,0.9521324038505554,0.9545073509216309,0.9538353681564331,2.84761335933581e-06,0.9386928677558899,0.9504135847091675,0.9479920864105225,8.866147982189432e-05,0.9268086552619934,0.9321936368942261,0.9319203495979309,4.452397479326464e-05
1,0.8301402926445007,0.8440206050872803,0.8434152007102966,0.0003074018459301442,0.923379123210907,0.931728184223175,0.9311877489089966,9.915752889355645e-05,0.8658248782157898,0.8778586983680725,0.8761152029037476,0.0001304795005125925,0.8295736908912659,0.8540284633636475,0.8491079211235046,0.0003962904156651348
0,0.8846830725669861,0.9379146099090576,0.9230855107307434,0.001438471139408648,0.9350605607032776,0.9515408873558044,0.9469654560089111,0.0001380651374347508,0.9018064141273499,0.9398565888404846,0.929531991481781,0.0007437245803885162,0.8862177729606628,0.9304867386817932,0.9183049201965332,0.0009999986505135894
1,0.8972797393798828,0.9471869468688965,0.9242194890975952,0.0004185140714980662,0.9448967576026917,0.9624267220497131,0.9580762982368469,9.819712431635708e-05,0.895417332649231,0.9544203877449036,0.9271731376647949,0.0007428562385030091,0.9014617800712585,0.9462131857872009,0.9229909181594849,0.00037646450800821185
0,0.0,0.0,0.0,0.0,0.0,0.0,0.0,0.0,0.0,0.0,0.0,0.0,0.0,0.0,0.0,0.0
1,0.8494608402252197,0.8842482566833496,0.8747768998146057,0.000620599661488086,0.9319860339164734,0.943069577217102,0.9405651092529297,7.264540181495249e-05,0.8923324942588806,0.9078693389892578,0.9059164524078369,0.00024293460592161864,0.862032413482666,0.8963242173194885,0.8870511054992676,0.0006051142117939889
1,0.8703799247741699,0.926933228969574,0.9213752746582031,0.0023236123379319906,0.9385611414909363,0.9547066688537598,0.9528759717941284,0.00019176217028871179,0.9066609740257263,0.9384207725524902,0.9369907379150391,0.0010957139311358333,0.8999817967414856,0.9315677285194397,0.9302240014076233,0.0010059194173663855
1,0.8851308822631836,0.9161175489425659,0.9074640274047852,0.00034951596171595156,0.9399530291557312,0.9520891904830933,0.9485877752304077,6.876877159811556e-05,0.9135450720787048,0.933767557144165,0.9269569516181946,0.00013817557191941887,0.9043183922767639,0.9263810515403748,0.9213273525238037,0.00023523182608187199
0,0.8489025235176086,0.8807545900344849,0.8760393261909485,0.0008977599791251123,0.9259178042411804,0.9467302560806274,0.9428893327713013,0.000312804157147184,0.8854681849479675,0.9221245646476746,0.9180058240890503,0.001460335566662252,0.8627376556396484,0.8900858759880066,0.8854824900627136,0.0005900907563045621
0,0.8795089721679688,0.9423677921295166,0.9348084926605225,0.0016777075361460447,0.9330598711967468,0.9588055610656738,0.9549390077590942,0.000315447396133095,0.8973802328109741,0.9390374422073364,0.9340934157371521,0.000780983071308583,0.8841732144355774,0.9378362894058228,0.9367620944976807,0.001538555370643735
0,0.9229124188423157,0.9448197484016418,0.9391278624534607,0.00025288175675086677,0.9504236578941345,0.957667350769043,0.9564405679702759,4.116143463761546e-05,0.944922924041748,0.9589110612869263,0.9552953243255615,0.00010345349437557161,0.9268845915794373,0.9527564644813538,0.9460797309875488,0.00035429198760539293
1,0.8848698735237122,0.9319843053817749,0.920160710811615,0.0010379264131188393,0.9396145939826965,0.9607886075973511,0.9522562623023987,0.00010700840357458219,0.9239086508750916,0.9578225612640381,0.9465728402137756,0.00037078026798553765,0.9076090455055237,0.9429324269294739,0.9366762042045593,0.0004944860702380538
1,0.8648536801338196,0.9204815626144409,0.8785022497177124,0.0004831178521271795,0.9327384233474731,0.9464511871337891,0.9462862610816956,0.00018259277567267418,0.9192925691604614,0.9488702416419983,0.9451361894607544,0.0004044885281473398,0.900997519493103,0.9325138926506042,0.9201515913009644,0.0003761395928449929
1,0.9343264698982239,0.9343264698982239,0.9343264698982239,0.0,0.9553241729736328,0.9553241729736328,0.9553241729736328,0.0,0.9451079368591309,0.9451079368591309,0.9451079368591309,0.0,0.9190840721130371,0.9190840721130371,0.9190840721130371,0.0
0,0.861086368560791,0.9372161626815796,0.9250634908676147,0.001738513121381402,0.9318405389785767,0.9589828848838806,0.9453746676445007,0.00018348476442042738,0.9107024669647217,0.9434705972671509,0.9411826133728027,0.0006545439828187227,0.8937773108482361,0.9381015300750732,0.926300048828125,0.0006445231847465038
1,0.8901942372322083,0.9280311465263367,0.9180806279182434,0.0006400219863280654,0.9425733685493469,0.9574499130249023,0.9524382948875427,6.359113467624411e-05,0.9181565642356873,0.9521106481552124,0.9406642317771912,0.0003971222904510796,0.9065669775009155,0.9400654435157776,0.9317120909690857,0.0004572314501274377
0,0.9370473027229309,0.9370473027229309,0.9370473027229309,0.0,0.9434731006622314,0.9434731006622314,0.9434731006622314,0.0,0.946104109287262,0.946104109287262,0.946104109287262,0.0,0.935609757900238,0.935609757900238,0.935609757900238,0.0
1,0.907928466796875,0.907928466796875,0.907928466796875,0.0,0.945409893989563,0.945409893989563,0.945409893989563,0.0,0.8889783620834351,0.8889783620834351,0.8889783620834351,0.0,0.9026259183883667,0.9026259183883667,0.9026259183883667,0.0
0,0.9361206293106079,0.9361206293106079,0.9361206293106079,0.0,0.9568090438842773,0.9568090438842773,0.9568090438842773,0.0,0.9541041851043701,0.9541041851043701,0.9541041851043701,0.0,0.9407532811164856,0.9407532811164856,0.9407532811164856,0.0
1,0.9355508685112,0.9355508685112,0.9355508685112,0.0,0.9585464000701904,0.9585464000701904,0.9585464000701904,0.0,0.9159771203994751,0.9159771203994751,0.9159771203994751,0.0,0.9199246764183044,0.9199246764183044,0.9199246764183044,0.0
0,0.87791508436203,0.8978188633918762,0.8946783542633057,0.00033161661121994257,0.9342941641807556,0.9414911270141602,0.9401344656944275,3.662961898953654e-05,0.9190060496330261,0.9335536956787109,0.9310477375984192,0.0001633732026675716,0.8950409293174744,0.9154009819030762,0.9118985533714294,0.0003204191161785275
1,0.0,0.0,0.0,0.0,0.0,0.0,0.0,0.0,0.0,0.0,0.0,0.0,0.0,0.0,0.0,0.0
1,0.9326297640800476,0.9463355541229248,0.9424388408660889,9.469532960793003e-05,0.950738251209259,0.9562575221061707,0.9548279643058777,1.6084037270047702e-05,0.9414525032043457,0.9556578397750854,0.9538770318031311,0.0002034707722486928,0.9300335049629211,0.9393907785415649,0.9384799599647522,0.00010371549433330074
1,0.8515766859054565,0.9276095628738403,0.9071022272109985,0.0023284447379410267,0.9276013374328613,0.9588634967803955,0.9507780075073242,0.0004183525452390313,0.8984271883964539,0.9563199281692505,0.9428479075431824,0.0013941634679213166,0.8880646824836731,0.9343242645263672,0.9237121343612671,0.0009111124090850353
0,0.9058790802955627,0.9130619764328003,0.9118073582649231,3.9303162338910624e-05,0.948559045791626,0.9516242146492004,0.9507297277450562,4.708024334831862e-06,0.91972416639328,0.9332278966903687,0.9323679804801941,0.00026090641040354967,0.9174423217773438,0.9280710816383362,0.9263968467712402,9.470717486692593e-05
1,0.9304102063179016,0.9363733530044556,0.9353370666503906,2.7221181881031953e-05,0.9522265791893005,0.9563668370246887,0.9562894701957703,3.118113454547711e-05,0.9434826970100403,0.948940634727478,0.9474192261695862,1.5118223927856889e-05,0.9390835762023926,0.9406626224517822,0.9402428865432739,1.295296783609956e-06
1,0.9095713496208191,0.9425184726715088,0.9343149662017822,0.0005898303934372962,0.9430411458015442,0.9546065330505371,0.9516292214393616,7.09179657860659e-05,0.9266268610954285,0.9430866241455078,0.9424121975898743,0.00043842350714839995,0.9165365695953369,0.933224081993103,0.9331746101379395,0.0005487313028424978
1,0.8273124098777771,0.9230283498764038,0.8718148469924927,0.0015841515269130468,0.9234833717346191,0.9504712820053101,0.9416643977165222,0.00021835294319316745,0.8958336114883423,0.9440625905990601,0.929699182510376,0.0008564062300138175,0.8717602491378784,0.933650553226471,0.9063077569007874,0.0007547706482000649
0,0.9093554615974426,0.9458516240119934,0.9343075752258301,0.0005201029707677662,0.9517439007759094,0.9590176343917847,0.9580661058425903,2.1161067706998438e-05,0.9502964615821838,0.9711133241653442,0.9646866917610168,0.00020166655303910375,0.9393417239189148,0.9605920910835266,0.9537633061408997,0.00020189699716866016
0,0.9403023719787598,0.9403023719787598,0.9403023719787598,0.0,0.9577078819274902,0.9577078819274902,0.9577078819274902,0.0,0.9393153786659241,0.9393153786659241,0.9393153786659241,0.0,0.9369166493415833,0.9369166493415833,0.9369166493415833,0.0
0,0.9242159724235535,0.9507785439491272,0.9425589442253113,0.00026147442986257374,0.9492643475532532,0.960376501083374,0.9569185972213745,4.170946340309456e-05,0.9323009252548218,0.9631372094154358,0.9519564509391785,0.00039909646147862077,0.9208924174308777,0.959804892539978,0.9373072385787964,0.00036213346174918115
0,0.9193558096885681,0.9374366998672485,0.9326200485229492,0.00016961352957878262,0.9522164463996887,0.9587891697883606,0.9583987593650818,6.32800511084497e-05,0.9310294985771179,0.9551721811294556,0.9499609470367432,0.0003602268116082996,0.9271098971366882,0.9461584687232971,0.9414110779762268,0.00019701487326528877
0,0.8560492396354675,0.951919674873352,0.9241247177124023,0.004611130338162184,0.92812579870224,0.9573655724525452,0.9488728046417236,0.00042878053500317037,0.915156364440918,0.9524279236793518,0.9444645047187805,0.0008671793038956821,0.8889360427856445,0.9436007142066956,0.929487407207489,0.0015812176279723644
1,0.9339041709899902,0.9539961218833923,0.9496142864227295,0.0002469862229190767,0.9510850310325623,0.9571859836578369,0.9565227627754211,4.131230161874555e-05,0.940173864364624,0.9570791721343994,0.953779399394989,0.00019521638751029968,0.9423074126243591,0.960436224937439,0.9563312530517578,0.0001939711655722931
0,0.8842360377311707,0.9430834650993347,0.9271292686462402,0.001402180059812963,0.934566855430603,0.9503986835479736,0.9502408504486084,0.00017971127817872912,0.9164444804191589,0.9595890045166016,0.9475962519645691,0.0007938448106870055,0.9021152257919312,0.9530351161956787,0.9396991729736328,0.0008639183361083269
0,0.9182960987091064,0.9182960987091064,0.9182960987091064,0.0,0.9527415037155151,0.9527415037155151,0.9527415037155151,0.0,0.9272407293319702,0.9272407293319702,0.9272407293319702,0.0,0.908933162689209,0.908933162689209,0.908933162689209,0.0
1,0.8985037803649902,0.9255066514015198,0.917815625667572,0.00036737494519911706,0.9418879151344299,0.9467642307281494,0.946310818195343,2.8872766051790677e-05,0.9292442202568054,0.950751781463623,0.9461231827735901,0.0002867171715479344,0.9245807528495789,0.9460516571998596,0.9403245449066162,0.00023900110682006925
1,0.9368549585342407,0.9368549585342407,0.9368549585342407,0.0,0.9547545909881592,0.9547545909881592,0.9547545909881592,0.0,0.943516731262207,0.943516731262207,0.943516731262207,0.0,0.935188353061676,0.935188353061676,0.935188353061676,0.0
1,0.8478171229362488,0.8792341947555542,0.8755995631217957,0.0008452851325273514,0.927386462688446,0.9409422874450684,0.9391927123069763,0.00014270386600401253,0.8740513920783997,0.9154608249664307,0.8959488272666931,0.00039814316551201046,0.8718627095222473,0.889378011226654,0.8854912519454956,0.00014112920325715095
1,0.8994982838630676,0.9449406862258911,0.9402616620063782,0.0006292314501479268,0.9429300427436829,0.9629566669464111,0.9603596925735474,0.00012037040141876787,0.9108297228813171,0.9485949873924255,0.9404323101043701,0.0003872102533932775,0.9057733416557312,0.9476456046104431,0.9425070881843567,0.00052945117931813
0,0.9373655915260315,0.9373655915260315,0.9373655915260315,0.0,0.9543085098266602,0.9543085098266602,0.9543085098266602,0.0,0.9561272859573364,0.9561272859573364,0.9561272859573364,0.0,0.944686770439148,0.944686770439148,0.944686770439148,0.0
1,0.9010890126228333,0.9272809028625488,0.9203780889511108,0.0003582012141123414,0.9413532614707947,0.9440829157829285,0.9435963034629822,5.565837000176543e-06,0.9293997883796692,0.9519511461257935,0.9453327059745789,0.00025464079226367176,0.9203928112983704,0.9391697645187378,0.9350777864456177,0.00021587130322586745
0,0.878330409526825,0.9237446188926697,0.9117911458015442,0.0010777494171634316,0.9280846118927002,0.9554834365844727,0.9485721588134766,0.0004038796469103545,0.9079758524894714,0.9307913780212402,0.9271149635314941,0.0004275712708476931,0.8959116339683533,0.9224236011505127,0.9180585145950317,0.0005660621682181954
1,0.9011827707290649,0.9011827707290649,0.9011827707290649,0.0,0.9454883337020874,0.9454883337020874,0.9454883337020874,0.0,0.904152512550354,0.904152512550354,0.904152512550354,0.0,0.9098832011222839,0.9098832011222839,0.9098832011222839,0.0
1,0.9071612358093262,0.919626772403717,0.9175691604614258,0.00012484895705711097,0.9420397877693176,0.9468168020248413,0.9457567930221558,1.3730398677580524e-05,0.9265694618225098,0.9349340200424194,0.9340450167655945,7.874225411796942e-05,0.9147260785102844,0.920598030090332,0.9190803170204163,1.823087404773105e-05
0,0.9053382277488708,0.927257239818573,0.9222187399864197,0.0002796041953843087,0.9419053196907043,0.9462501406669617,0.9461202621459961,3.239262514398433e-05,0.9307324290275574,0.9506622552871704,0.9456084370613098,0.00021286419359967113,0.9177207946777344,0.9386269450187683,0.9325231909751892,0.0002190046216128394
1,0.9302501082420349,0.9302501082420349,0.9302501082420349,0.0,0.9547510147094727,0.9547510147094727,0.9547510147094727,0.0,0.9508501887321472,0.9508501887321472,0.9508501887321472,0.0,0.9295226335525513,0.9295226335525513,0.9295226335525513,0.0
1,0.8909799456596375,0.9140567183494568,0.9093873500823975,0.00018855242524296045,0.939754068851471,0.9458683729171753,0.945159912109375,2.723365651036147e-05,0.9253759980201721,0.9371732473373413,0.9371355772018433,0.00018531484238337725,0.9100542664527893,0.9279254674911499,0.9236382842063904,0.00017267600924242288
1,0.8695521950721741,0.9049091935157776,0.8961006999015808,0.0006789732724428177,0.9376423358917236,0.9549883604049683,0.9503135085105896,0.00015510572120547295,0.9102368354797363,0.9235273599624634,0.9214747548103333,0.0001506960834376514,0.8931167721748352,0.9155178666114807,0.9102210402488708,0.00028467384981922805
0,0.930726945400238,0.930726945400238,0.930726945400238,0.0,0.9563074707984924,0.9563074707984924,0.9563074707984924,0.0,0.9518270492553711,0.9518270492553711,0.9518270492553711,0.0,0.939002513885498,0.939002513885498,0.939002513885498,0.0
0,0.8801600337028503,0.9380310773849487,0.912398636341095,0.0009579185280017555,0.9429489374160767,0.9546089172363281,0.9499222636222839,6.643574306508526e-05,0.9092966914176941,0.9479338526725769,0.944006085395813,0.0005002256948500872,0.8950397968292236,0.9343938231468201,0.9229898452758789,0.0005026475409977138
1,0.8983155488967896,0.9415237307548523,0.9280475974082947,0.0006965334760025144,0.9443267583847046,0.95527184009552,0.9545076489448547,5.945608063484542e-05,0.9193213582038879,0.9641434550285339,0.946098268032074,0.0005413019098341465,0.9109852910041809,0.957848310470581,0.9369084239006042,0.0005170413642190397
1,0.9185789227485657,0.9489794969558716,0.9452428817749023,0.00045166013296693563,0.9520475268363953,0.9691181182861328,0.9633842706680298,9.136948938248679e-05,0.9384779930114746,0.9687808156013489,0.9526084661483765,0.00025855557760223746,0.9238629937171936,0.9445587396621704,0.9414766430854797,0.00021479667339008301
1,0.9010908007621765,0.9647517204284668,0.9406054019927979,0.001012116321362555,0.9455068111419678,0.965576171875,0.9583431482315063,0.00014284961798693985,0.9285914301872253,0.9673780202865601,0.9539845585823059,0.0004545866104308516,0.9121439456939697,0.9637512564659119,0.9437987804412842,0.0008028659503906965
1,0.8993520736694336,0.9306032657623291,0.9227256774902344,0.0003601096977945417,0.9430891871452332,0.9530393481254578,0.952400267124176,8.713258284842595e-05,0.9197199940681458,0.9426295757293701,0.9348645210266113,0.00015157404413912445,0.9185371994972229,0.9455111622810364,0.9356475472450256,0.000275967875495553
0,0.8699537515640259,0.924045979976654,0.9110662937164307,0.0010596364736557007,0.9364465475082397,0.9526748657226562,0.9517484307289124,0.00018172872660215944,0.9164365530014038,0.9584429264068604,0.9404317140579224,0.0004440874035935849,0.8994093537330627,0.9414317607879639,0.9293532371520996,0.0005205445340834558
1,0.8979935646057129,0.9151028394699097,0.9106621146202087,0.0001543465186841786,0.943065345287323,0.9517121911048889,0.9491772055625916,3.744248897419311e-05,0.9331417679786682,0.9412308931350708,0.9396595358848572,4.4910888391314074e-05,0.9202345013618469,0.9316384792327881,0.9288809299468994,7.236574310809374e-05
1,0.8800404667854309,0.9348542094230652,0.93439781665802,0.0026263026520609856,0.9418056607246399,0.9597063660621643,0.9564541578292847,0.00014938290405552834,0.8963914513587952,0.9483425617218018,0.9476592540740967,0.0021040139254182577,0.8901817798614502,0.9403705596923828,0.9390758275985718,0.002096118638291955
0,0.9510728120803833,0.9510728120803833,0.9510728120803833,0.0,0.9619221091270447,0.9619221091270447,0.9619221091270447,0.0,0.947966456413269,0.947966456413269,0.947966456413269,0.0,0.9459040760993958,0.9459040760993958,0.9459040760993958,0.0
0,0.9040937423706055,0.9225661754608154,0.9185795783996582,0.00021092257520649582,0.946406364440918,0.9541229009628296,0.9527676701545715,4.512459781835787e-05,0.9251143336296082,0.939306914806366,0.9365754127502441,0.00013954041060060263,0.9156599640846252,0.9396730661392212,0.9341405034065247,0.0003348714380990714
1,0.0,0.0,0.0,0.0,0.0,0.0,0.0,0.0,0.0,0.0,0.0,0.0,0.0,0.0,0.0,0.0
0,0.9115222096443176,0.9115222096443176,0.9115222096443176,0.0,0.9515587091445923,0.9515587091445923,0.9515587091445923,0.0,0.931442141532898,0.931442141532898,0.931442141532898,0.0,0.913780927658081,0.913780927658081,0.913780927658081,0.0
0,0.9119699597358704,0.9428431987762451,0.9326346516609192,0.0002643921470735222,0.9473581910133362,0.958318829536438,0.9540479183197021,3.419488712097518e-05,0.944417417049408,0.9676462411880493,0.9570325016975403,0.00012183795479359105,0.9343752264976501,0.9618052244186401,0.9497876167297363,0.000185749726369977
0,0.9061174988746643,0.9335047006607056,0.925879716873169,0.00038085380219854414,0.9320524334907532,0.9557957649230957,0.9490379691123962,0.00028409538208507,0.8988001942634583,0.9441211819648743,0.9307912588119507,0.0010281787253916264,0.8983839154243469,0.9276754856109619,0.919720470905304,0.0004405488434713334
1,0.9395843744277954,0.9395843744277954,0.9395843744277954,0.0,0.9524458646774292,0.9524458646774292,0.9524458646774292,0.0,0.9342207312583923,0.9342207312583923,0.9342207312583923,0.0,0.9274053573608398,0.9274053573608398,0.9274053573608398,0.0
1,0.8671202659606934,0.9319195747375488,0.9005811810493469,0.0009911101078614593,0.9328914284706116,0.9655627012252808,0.9447091221809387,9.645160753279924e-05,0.9164960980415344,0.9559888243675232,0.9431594610214233,0.0003976549196522683,0.8999679088592529,0.9476485252380371,0.928892970085144,0.0004755205300170928
0,0.9306998252868652,0.9306998252868652,0.9306998252868652,0.0,0.9571715593338013,0.9571715593338013,0.9571715593338013,0.0,0.9469704627990723,0.9469704627990723,0.9469704627990723,0.0,0.938315212726593,0.938315212726593,0.938315212726593,0.0
0,0.8935243487358093,0.9452171921730042,0.9224819540977478,0.0005801843362860382,0.9441764950752258,0.9623256325721741,0.9558007717132568,7.481958891730756e-05,0.9150964021682739,0.9469769597053528,0.9410246014595032,0.00045073445653542876,0.9143033027648926,0.9489394426345825,0.9401446580886841,0.00038258550921455026
0,0.8785451054573059,0.9207660555839539,0.9201802015304565,0.0017471549799665809,0.9393308758735657,0.9513046145439148,0.950149416923523,0.00013711428618989885,0.882300615310669,0.9355186223983765,0.9279218912124634,0.002665852662175894,0.8863751888275146,0.9282532334327698,0.9245093464851379,0.0014829447027295828
1,0.9389384388923645,0.953161358833313,0.9491717219352722,0.00010242663120152429,0.9538028240203857,0.959943950176239,0.9584773778915405,2.1209847545833327e-05,0.9458081126213074,0.9602190852165222,0.9558964967727661,0.00010383778862887993,0.9485917091369629,0.9570574164390564,0.9551213979721069,4.190800609649159e-05
0,0.8847138285636902,0.9038734436035156,0.90118008852005,0.0003390478959772736,0.9518459439277649,0.9563538432121277,0.9551374912261963,1.0469096196175087e-05,0.9150338768959045,0.9295325875282288,0.9266274571418762,0.00013988067803438753,0.9030451774597168,0.9254617094993591,0.9190666079521179,0.000253064907155931
0,0.915963351726532,0.9323846101760864,0.9262785911560059,7.644564175279811e-05,0.9527735710144043,0.9560180902481079,0.9556915163993835,1.1089557119703386e-05,0.9537513852119446,0.9614511728286743,0.9609400033950806,4.216226807329804e-05,0.9303221106529236,0.9441077709197998,0.9414249062538147,0.00011144834570586681
1,0.9439401030540466,0.9439401030540466,0.9439401030540466,0.0,0.966702938079834,0.966702938079834,0.966702938079834,0.0,0.9528276324272156,0.9528276324272156,0.9528276324272156,0.0,0.9471186399459839,0.9471186399459839,0.9471186399459839,0.0
1,0.9159343838691711,0.9328432679176331,0.9298179745674133,0.00021281738008838147,0.9488045573234558,0.9530996084213257,0.9526610374450684,2.1264751921989955e-05,0.9432501196861267,0.9554717540740967,0.9530247449874878,9.946877980837598e-05,0.9287896156311035,0.9383343458175659,0.9378951787948608,0.00014350023411680013
0,0.8399500250816345,0.9310612678527832,0.8851083517074585,0.002123254584148526,0.9171457290649414,0.9495694041252136,0.9410094618797302,0.00037703101406805217,0.8947863578796387,0.9396247863769531,0.9266602993011475,0.0006750251050107181,0.8800773620605469,0.9299895763397217,0.9143853783607483,0.000641762453597039
1,0.8691636919975281,0.9713687300682068,0.9301965832710266,0.004180202726274729,0.932795524597168,0.9725080132484436,0.9563709497451782,0.00046518706949427724,0.900627613067627,0.9725611209869385,0.9401572942733765,0.0015369098400697112,0.8865836262702942,0.9677764177322388,0.932642936706543,0.001753390533849597
0,0.917689859867096,0.9258136749267578,0.9255607724189758,0.00011251167597947642,0.9519903659820557,0.953743577003479,0.9537433385848999,6.142761776573025e-06,0.9333822131156921,0.946114182472229,0.9426178336143494,8.279282337753102e-05,0.9284637570381165,0.9374318718910217,0.9357454180717468,5.701238114852458e-05
1,0.9385517835617065,0.9385517835617065,0.9385517835617065,0.0,0.9560494422912598,0.9560494422912598,0.9560494422912598,0.0,0.9385879039764404,0.9385879039764404,0.9385879039764404,0.0,0.9312748312950134,0.9312748312950134,0.9312748312950134,0.0
0,0.9294424057006836,0.9294424057006836,0.9294424057006836,0.0,0.9514765739440918,0.9514765739440918,0.9514765739440918,0.0,0.95087730884552,0.95087730884552,0.95087730884552,0.0,0.9310392141342163,0.9310392141342163,0.9310392141342163,0.0
1,0.9328014254570007,0.9424422979354858,0.9395937919616699,4.650488335755654e-05,0.954812228679657,0.9555580019950867,0.9555216431617737,8.633083439235634e-07,0.9522663950920105,0.9558196663856506,0.9555675983428955,1.735401565383654e-05,0.9452595710754395,0.9562954306602478,0.9538602232933044,7.367083890130743e-05
1,0.9026120901107788,0.9344073534011841,0.9269535541534424,0.000295701582217589,0.9413433074951172,0.9526733756065369,0.9522165656089783,7.095899491105229e-05,0.9442741274833679,0.9621566534042358,0.9607385993003845,0.00011921123223146424,0.9264541864395142,0.9453365802764893,0.9449100494384766,0.0001305064797634259
0,0.8806169629096985,0.9287248253822327,0.9189516305923462,0.0010339956497773528,0.9384202361106873,0.9551723599433899,0.9522342085838318,0.00010272779763909057,0.9153760075569153,0.9576126337051392,0.9451537728309631,0.0006880505825392902,0.8974707722663879,0.9394420385360718,0.9294092059135437,0.0008237273432314396
1,0.9129602909088135,0.9225879311561584,0.9199548959732056,4.7431803977815434e-05,0.9439453482627869,0.9549393057823181,0.9518676996231079,6.128982204245403e-05,0.9273016452789307,0.9447386860847473,0.9406512379646301,0.0001738255814416334,0.9175915718078613,0.9340603947639465,0.9295633435249329,0.0001388896635035053
0,0.8754417896270752,0.9319123029708862,0.9161004424095154,0.0016157146310433745,0.9341421127319336,0.9505116939544678,0.9464552402496338,0.00014615000691264868,0.8990911841392517,0.9458867907524109,0.9336190223693848,0.001147183938883245,0.8838722705841064,0.9322786927223206,0.9186817407608032,0.0011858504731208086
0,0.9282968044281006,0.9282968044281006,0.9282968044281006,0.0,0.9507673978805542,0.9507673978805542,0.9507673978805542,0.0,0.9299836754798889,0.9299836754798889,0.9299836754798889,0.0,0.9182551503181458,0.9182551503181458,0.9182551503181458,0.0
1,0.8422473073005676,0.8975541591644287,0.8796319365501404,0.001595364767126739,0.9335657954216003,0.9481643438339233,0.9427198767662048,5.890204920433462e-05,0.9040110111236572,0.9316408634185791,0.9259058833122253,0.00035165841109119356,0.8720292448997498,0.9062997102737427,0.9006564021110535,0.0005610636435449123
1,0.9218685030937195,0.9249635934829712,0.9243150949478149,6.096854576753685e-06,0.941904604434967,0.9434525966644287,0.9430442452430725,1.2503672905950225e-06,0.9496910572052002,0.951910138130188,0.9519057869911194,9.752576261234935e-06,0.9387001991271973,0.944628119468689,0.943230390548706,1.9984108803328127e-05
0,0.8888749480247498,0.9442481994628906,0.9205048084259033,0.0007266917382366955,0.9397230744361877,0.9581989049911499,0.9540942907333374,9.274265175918117e-05,0.9187412261962891,0.9537386894226074,0.9466471076011658,0.00039709825068712234,0.9019691348075867,0.9385340809822083,0.9296332597732544,0.00035437059705145657
1,0.9353846311569214,0.9353846311569214,0.9353846311569214,0.0,0.9501745700836182,0.9501745700836182,0.9501745700836182,0.0,0.9323058724403381,0.9323058724403381,0.9323058724403381,0.0,0.9322408437728882,0.9322408437728882,0.9322408437728882,0.0
1,0.9164846539497375,0.9164846539497375,0.9164846539497375,0.0,0.939885139465332,0.939885139465332,0.939885139465332,0.0,0.9127310514450073,0.9127310514450073,0.9127310514450073,0.0,0.9178270101547241,0.9178270101547241,0.9178270101547241,0.0
1,0.9057949185371399,0.9129065275192261,0.9116829633712769,3.9086404285626486e-05,0.9499411582946777,0.9530158638954163,0.9523438811302185,5.772051736130379e-06,0.9180672764778137,0.9320627450942993,0.9314358234405518,0.00031056097941473126,0.9169566035270691,0.9270350337028503,0.9255679845809937,9.116657747654244e-05
1,0.8529968857765198,0.9449081420898438,0.9132795333862305,0.003867624094709754,0.9271062016487122,0.9563370943069458,0.9490326642990112,0.0005551956710405648,0.8918678164482117,0.9506659507751465,0.9378170967102051,0.0019423422636464238,0.8810954689979553,0.9458773136138916,0.9217293858528137,0.0015642934013158083
0,0.9352266788482666,0.9352266788482666,0.9352266788482666,0.0,0.9552088975906372,0.9552088975906372,0.9552088975906372,0.0,0.9526779651641846,0.9526779651641846,0.9526779651641846,0.0,0.93583083152771,0.93583083152771,0.93583083152771,0.0
1,0.9228909611701965,0.9355412125587463,0.9335432648658752,0.0001338404108537361,0.9532720446586609,0.9567662477493286,0.9564482569694519,1.4993903278082144e-05,0.9502622485160828,0.957939863204956,0.9560855627059937,3.283241676399484e-05,0.9353118538856506,0.9475643038749695,0.9450080394744873,9.594775474397466e-05
0,0.9256042242050171,0.9256042242050171,0.9256042242050171,0.0,0.9568286538124084,0.9568286538124084,0.9568286538124084,0.0,0.9377976059913635,0.9377976059913635,0.9377976059913635,0.0,0.9266148209571838,0.9266148209571838,0.9266148209571838,0.0
1,0.9315361380577087,0.9315361380577087,0.9315361380577087,0.0,0.9524170160293579,0.9524170160293579,0.9524170160293579,0.0,0.9524692296981812,0.9524692296981812,0.9524692296981812,0.0,0.9267520904541016,0.9267520904541016,0.9267520904541016,0.0
0,0.0,0.0,0.0,0.0,0.0,0.0,0.0,0.0,0.0,0.0,0.0,0.0,0.0,0.0,0.0,0.0
1,0.9329857230186462,0.9602385759353638,0.9496243000030518,0.00017452541214879602,0.9515964984893799,0.9624109268188477,0.9595070481300354,3.4009324735961854e-05,0.9460349678993225,0.9703214764595032,0.9566407203674316,0.0001312192907789722,0.9383019208908081,0.963256299495697,0.9525158405303955,0.00012492167297750711
0,0.8819068670272827,0.9262909889221191,0.9140166640281677,0.0007226496236398816,0.9410444498062134,0.9665334820747375,0.9581340551376343,0.0001594875502632931,0.9239193201065063,0.950640082359314,0.9415883421897888,0.0002446977887302637,0.9091156721115112,0.946082592010498,0.9329972267150879,0.00027712591690942645
0,0.9282247424125671,0.9282247424125671,0.9282247424125671,0.0,0.9529957175254822,0.9529957175254822,0.9529957175254822,0.0,0.9239766001701355,0.9239766001701355,0.9239766001701355,0.0,0.9277455806732178,0.9277455806732178,0.9277455806732178,0.0
0,0.8377529978752136,0.913461446762085,0.8665586709976196,0.0012084728805348277,0.9202957153320312,0.9373083114624023,0.9330809712409973,0.00010215679503744468,0.8982415795326233,0.9357876777648926,0.9258613586425781,0.0007577133947052062,0.8791511058807373,0.9157671928405762,0.9120097160339355,0.0008480146061629057
1,0.9182762503623962,0.936218798160553,0.9319860339164734,0.0001830096443882212,0.955000102519989,0.9638004302978516,0.9617658257484436,4.4833504944108427e-05,0.9419372081756592,0.9504767060279846,0.9479988813400269,3.6579436709871516e-05,0.9316180348396301,0.9464563131332397,0.9426372051239014,0.00011675139103317633
1,0.0,0.0,0.0,0.0,0.0,0.0,0.0,0.0,0.0,0.0,0.0,0.0,0.0,0.0,0.0,0.0
0,0.8610536456108093,0.898327648639679,0.8908824920654297,0.0009274384938180447,0.9279186129570007,0.9340752363204956,0.9330661296844482,3.065359851461835e-05,0.8843749165534973,0.8938760757446289,0.8919080495834351,5.8110494137508795e-05,0.8632590174674988,0.8854411840438843,0.8812234997749329,0.0003450080694165081
0,0.8926979899406433,0.9054737687110901,0.9032230377197266,0.00012332423648331314,0.9394671320915222,0.9460369944572449,0.945121169090271,4.013649231637828e-05,0.9273922443389893,0.9386134147644043,0.9365345239639282,9.058326395461336e-05,0.9057631492614746,0.9152926802635193,0.9125773906707764,4.574983904603869e-05
1,0.8791396617889404,0.9682644009590149,0.924375057220459,0.0023006999399513006,0.933839738368988,0.9612439274787903,0.9519965648651123,0.00044790393440052867,0.91128009557724,0.9694119095802307,0.9445143342018127,0.0008560238056816161,0.9019331932067871,0.9742844700813293,0.9365543723106384,0.0009345468715764582
1,0.9253236651420593,0.960628867149353,0.9504169821739197,0.0006256301421672106,0.9548093676567078,0.9614791870117188,0.9596216082572937,2.2586193153983913e-05,0.950700581073761,0.9682812690734863,0.9631026983261108,0.0001546931016491726,0.9425473809242249,0.9649231433868408,0.9585635662078857,0.000252415455179289
1,0.9383740425109863,0.9570741057395935,0.9520668387413025,0.0001809015666367486,0.9493456482887268,0.9617602825164795,0.9584678411483765,8.01705609774217e-05,0.9371120929718018,0.9505118727684021,0.9474309086799622,0.00010447153908899054,0.9374999403953552,0.9514878988265991,0.9475146532058716,9.866183245321736e-05
0,0.9471516013145447,0.9471516013145447,0.9471516013145447,0.0,0.9541110396385193,0.9541110396385193,0.9541110396385193,0.0,0.9598569869995117,0.9598569869995117,0.9598569869995117,0.0,0.9433004260063171,0.9433004260063171,0.9433004260063171,0.0
1,0.9175558686256409,0.9175558686256409,0.9175558686256409,0.0,0.9439631700515747,0.9439631700515747,0.9439631700515747,0.0,0.9194005727767944,0.9194005727767944,0.9194005727767944,0.0,0.9086179733276367,0.9086179733276367,0.9086179733276367,0.0
0,0.9138411283493042,0.9841621518135071,0.9358852505683899,0.0004856328305322677,0.9534292817115784,0.9815531969070435,0.9617271423339844,7.888494292274117e-05,0.9296470880508423,0.9861729145050049,0.9542887806892395,0.0005646240315400064,0.9171527028083801,0.9863283634185791,0.935371994972229,0.0005204859189689159
1,0.9081218242645264,0.9105633497238159,0.9104490876197815,9.349706488137599e-06,0.9459900856018066,0.9526653289794922,0.9513423442840576,2.9976779842399992e-05,0.9373354911804199,0.9391005635261536,0.9385996460914612,1.5713068250988727e-06,0.9227766394615173,0.9249473214149475,0.9247777462005615,6.222269348654663e-06
1,0.9273871183395386,0.9273871183395386,0.9273871183395386,0.0,0.9511862993240356,0.9511862993240356,0.9511862993240356,0.0,0.9135819673538208,0.9135819673538208,0.9135819673538208,0.0,0.9097470641136169,0.9097470641136169,0.9097470641136169,0.0
0,0.9147813320159912,0.9505904316902161,0.9365628957748413,0.00035451780422590673,0.948341429233551,0.9577552080154419,0.9553974866867065,3.570023181964643e-05,0.9429100155830383,0.9675589799880981,0.9559934735298157,0.00015104899648576975,0.9311031699180603,0.9568238258361816,0.9464339017868042,0.00019566093396861106
1,0.9166210889816284,0.9166210889816284,0.9166210889816284,0.0,0.9527676105499268,0.9527676105499268,0.9527676105499268,0.0,0.929786741733551,0.929786741733551,0.929786741733551,0.0,0.9206264019012451,0.9206264019012451,0.9206264019012451,0.0
0,0.8610791563987732,0.935409426689148,0.9245572686195374,0.005904719233512878,0.9313852190971375,0.9576853513717651,0.954582154750824,0.0008156734984368086,0.8937357068061829,0.9416192770004272,0.9281919002532959,0.0013355935225263238,0.8757197260856628,0.9326727986335754,0.9204561114311218,0.002769051818177104
0,0.895969033241272,0.9289543032646179,0.9208505153656006,0.0004177344962954521,0.9456485509872437,0.956034243106842,0.95069819688797,2.861014218069613e-05,0.9135441780090332,0.9352968335151672,0.9286721348762512,0.0002595277619548142,0.9085698127746582,0.9253256320953369,0.9194096326828003,0.00014593152445740998
1,0.9052528738975525,0.9170088768005371,0.9145936369895935,8.969503687694669e-05,0.9400642514228821,0.9434702396392822,0.943358302116394,1.9597517166403122e-05,0.9259522557258606,0.9338075518608093,0.9322519898414612,4.1547216824255884e-05,0.9223440289497375,0.9262524843215942,0.9256924986839294,1.3891258276998997e-05
1,0.9193883538246155,0.9309113025665283,0.9284599423408508,8.323969814227894e-05,0.9498648643493652,0.9551903009414673,0.954256534576416,2.1524405383388512e-05,0.9518426060676575,0.9610071182250977,0.9602373838424683,0.00010730844223871827,0.9329121112823486,0.9437255263328552,0.9412947297096252,6.948757072677836e-05
1,0.0,0.0,0.0,0.0,0.0,0.0,0.0,0.0,0.0,0.0,0.0,0.0,0.0,0.0,0.0,0.0
1,0.861886739730835,0.9163728952407837,0.9125806093215942,0.002422718331217766,0.9354442954063416,0.9527899026870728,0.9523586630821228,0.0002708371030166745,0.9226980209350586,0.9501091241836548,0.9413001537322998,0.0003394123923499137,0.9083184599876404,0.9354523420333862,0.9333063960075378,0.0005763412336818874
1,0.900169849395752,0.9261199235916138,0.9260915517807007,0.0005253202398307621,0.9383886456489563,0.9458218812942505,0.9427574276924133,2.3124688595999032e-05,0.944911539554596,0.9686212539672852,0.9604742527008057,0.0002243747003376484,0.9258050918579102,0.9526040554046631,0.9444687366485596,0.0002661900653038174
0,0.9216792583465576,0.9476176500320435,0.9412020444869995,0.000367494038073346,0.9547463059425354,0.9581077098846436,0.9579031467437744,1.6419087842223234e-05,0.954692542552948,0.9710910320281982,0.966317892074585,0.00013481259520631284,0.9372485280036926,0.9590352773666382,0.9541499614715576,0.0002827454300131649
1,0.9410350918769836,0.9410350918769836,0.9410350918769836,0.0,0.9617561101913452,0.9617561101913452,0.9617561101913452,0.0,0.9452410340309143,0.9452410340309143,0.9452410340309143,0.0,0.9446118474006653,0.9446118474006653,0.9446118474006653,0.0
0,0.9221658706665039,0.9443984627723694,0.9396928548812866,0.0003184197121299803,0.9493863582611084,0.9560993909835815,0.9535652995109558,1.236344178323634e-05,0.9308297038078308,0.9458211660385132,0.9412704706192017,7.476119208149612e-05,0.9266764521598816,0.9443276524543762,0.9398634433746338,0.00021971970272716135
1,0.9124301075935364,0.9124301075935364,0.9124301075935364,0.0,0.9545028209686279,0.9545028209686279,0.9545028209686279,0.0,0.9415254592895508,0.9415254592895508,0.9415254592895508,0.0,0.9209355115890503,0.9209355115890503,0.9209355115890503,0.0
0,0.9200868606567383,0.9200868606567383,0.9200868606567383,0.0,0.9497607946395874,0.9497607946395874,0.9497607946395874,0.0,0.9213976263999939,0.9213976263999939,0.9213976263999939,0.0,0.9210199117660522,0.9210199117660522,0.9210199117660522,0.0
0,0.8748680949211121,0.9256588816642761,0.9170782566070557,0.001981147797778249,0.9283339381217957,0.9514796733856201,0.9462032318115234,0.00038524839328601956,0.9006222486495972,0.9486059546470642,0.9292542934417725,0.0009151126141659915,0.8861469626426697,0.9355788826942444,0.9211428165435791,0.0012379337567836046
0,0.0,0.0,0.0,0.0,0.0,0.0,0.0,0.0,0.0,0.0,0.0,0.0,0.0,0.0,0.0,0.0
0,0.8760920763015747,0.9310503005981445,0.9031800031661987,0.0005165620823390782,0.9408410787582397,0.9646425843238831,0.9503678679466248,4.9774091166909784e-05,0.9240024089813232,0.9687967896461487,0.9440349340438843,0.0003143072535749525,0.9053958654403687,0.9459541440010071,0.928384006023407,0.00039223008207045496
1,0.8652333617210388,0.9488877058029175,0.9148051738739014,0.0027387887239456177,0.9313162565231323,0.9649104475975037,0.9531777501106262,0.00034705555299296975,0.894619345664978,0.9577460885047913,0.9374957084655762,0.001845560735091567,0.8871880769729614,0.9547573924064636,0.9238430857658386,0.0013147579738870263
1,0.9115702509880066,0.9202319979667664,0.9184128046035767,4.7636825911467895e-05,0.9495150446891785,0.9530141353607178,0.9520805478096008,6.346671852952568e-06,0.9294101595878601,0.9331824779510498,0.9330418109893799,2.3484695702791214e-05,0.9260150790214539,0.9386489987373352,0.9358652830123901,9.669157589087263e-05
0,0.9023517370223999,0.939015805721283,0.9333893060684204,0.0006309940363280475,0.9464863538742065,0.9578039646148682,0.9565570950508118,9.099469025386497e-05,0.9252709746360779,0.9562509059906006,0.9489554166793823,0.00033945395261980593,0.9100461602210999,0.945462703704834,0.9386002421379089,0.0006118472665548325
1,0.9268010854721069,0.9654017090797424,0.9510372281074524,0.0008188032661564648,0.9540618658065796,0.9645121693611145,0.9639288783073425,9.300204692408442e-05,0.9474284052848816,0.9778602123260498,0.9645309448242188,0.0002772022853605449,0.9319246411323547,0.9705628752708435,0.9551430940628052,0.0006934351986274123
0,0.9496702551841736,0.9496702551841736,0.9496702551841736,0.0,0.9470565319061279,0.9470565319061279,0.9470565319061279,0.0,0.9569405913352966,0.9569405913352966,0.9569405913352966,0.0,0.9464664459228516,0.9464664459228516,0.9464664459228516,0.0
0,0.8209919333457947,0.9069502949714661,0.9005419015884399,0.0035255171824246645,0.9200148582458496,0.9375842809677124,0.9331475496292114,0.00015424075536429882,0.8758019804954529,0.9276291131973267,0.9257540106773376,0.001446280162781477,0.8592411875724792,0.9153041839599609,0.9132157564163208,0.0016165055567398667
1,0.9107721447944641,0.9340639114379883,0.9277554154396057,0.00018960266606882215,0.9447782635688782,0.9535952210426331,0.9504680633544922,2.3072430849424563e-05,0.9288017153739929,0.945765495300293,0.9434869289398193,0.00011580018326640129,0.926575243473053,0.9475139379501343,0.9392778873443604,0.00013174219930078834
1,0.0,0.0,0.0,0.0,0.0,0.0,0.0,0.0,0.0,0.0,0.0,0.0,0.0,0.0,0.0,0.0
1,0.9227672815322876,0.9227672815322876,0.9227672815322876,0.0,0.9526876211166382,0.9526876211166382,0.9526876211166382,0.0,0.937025249004364,0.937025249004364,0.937025249004364,0.0,0.9268484115600586,0.9268484115600586,0.9268484115600586,0.0
0,0.8322890400886536,0.8812323808670044,0.8757422566413879,0.0014842136297374964,0.9203503727912903,0.9409225583076477,0.9359878301620483,0.00017424416728317738,0.8940542340278625,0.937812328338623,0.9265357255935669,0.0010205366415902972,0.8814094066619873,0.9238215684890747,0.9192980527877808,0.0009371905471198261
1,0.8960135579109192,0.9098225831985474,0.9096855521202087,0.00036276550963521004,0.9419095516204834,0.9498711824417114,0.9482704997062683,4.203776552458294e-05,0.9335814118385315,0.940163791179657,0.9395092725753784,5.0713104428723454e-05,0.9199598431587219,0.9305806159973145,0.9276784658432007,5.7744953664951026e-05
0,0.903939962387085,0.9283831715583801,0.9247089624404907,0.00024241664505098015,0.9436364769935608,0.9528354406356812,0.9498910307884216,2.9990420443937182e-05,0.9291418194770813,0.9457926750183105,0.9406487345695496,0.00010202163684880361,0.9248239398002625,0.942379355430603,0.936741828918457,9.194788435706869e-05
1,0.8771117329597473,0.9450823664665222,0.9252424836158752,0.003262947779148817,0.9360945224761963,0.963003933429718,0.9538462162017822,0.0003310821484774351,0.9121814370155334,0.9618038535118103,0.9455544352531433,0.0010819811141118407,0.9048973321914673,0.9514753818511963,0.9347431063652039,0.0010128002613782883
1,0.8907511234283447,0.9291895627975464,0.918387234210968,0.0007815440185368061,0.9422597885131836,0.9492590427398682,0.946128785610199,1.3416435649560299e-05,0.9058448672294617,0.9371968507766724,0.921984076499939,0.0002369255671510473,0.9107062220573425,0.9421290159225464,0.927937388420105,0.00025629636365920305
1,0.9247426986694336,0.9247426986694336,0.9247426986694336,0.0,0.953493595123291,0.953493595123291,0.953493595123291,0.0,0.9234508275985718,0.9234508275985718,0.9234508275985718,0.0,0.9057774543762207,0.9057774543762207,0.9057774543762207,0.0
0,0.8655932545661926,0.9312466382980347,0.918412446975708,0.0017775723244994879,0.9269545674324036,0.9590286016464233,0.9545362591743469,0.0004803638148587197,0.8964981436729431,0.9531374573707581,0.9347591400146484,0.0012848717160522938,0.8862384557723999,0.9466972947120667,0.9297454357147217,0.0011718303430825472
1,0.9198525547981262,0.9288919568061829,0.9283828735351562,0.00012172205606475472,0.9469326138496399,0.9587433934211731,0.9559304118156433,7.863535574870184e-05,0.9427003860473633,0.9607913494110107,0.9560688734054565,0.0001719210558803752,0.938414990901947,0.9497981071472168,0.9475378394126892,8.700951730133966e-05
1,0.9335248470306396,0.9335248470306396,0.9335248470306396,0.0,0.9525800347328186,0.9525800347328186,0.9525800347328186,0.0,0.9354196786880493,0.9354196786880493,0.9354196786880493,0.0,0.9307178854942322,0.9307178854942322,0.9307178854942322,0.0
1,0.9382091164588928,0.9382091164588928,0.9382091164588928,0.0,0.9573351144790649,0.9573351144790649,0.9573351144790649,0.0,0.9458102583885193,0.9458102583885193,0.9458102583885193,0.0,0.9387395977973938,0.9387395977973938,0.9387395977973938,0.0
0,0.9009155631065369,0.9306197762489319,0.926807165145874,0.0004781951429322362,0.9468687176704407,0.9586210250854492,0.95588219165802,9.45813226280734e-05,0.9124699234962463,0.9474319815635681,0.9382762908935547,0.0005974766681902111,0.9090578556060791,0.9397134184837341,0.9328663349151611,0.00045939255505800247
1,0.912204921245575,0.922654926776886,0.9202547073364258,6.360042607411742e-05,0.9444811344146729,0.9481598138809204,0.94766765832901,1.2997734302189201e-05,0.9345404505729675,0.9397119879722595,0.9390040636062622,2.5231509425793774e-05,0.9216358661651611,0.9294373989105225,0.9283011555671692,5.460074680740945e-05
0,0.8815224766731262,0.9287535548210144,0.9184508323669434,0.0013645607978105545,0.9349815249443054,0.9447060823440552,0.9439681768417358,0.00012645342212636024,0.9245777130126953,0.9458301663398743,0.944286584854126,0.0006150033441372216,0.9011196494102478,0.9273505210876465,0.9258580207824707,0.001021750969812274
0,0.8961576819419861,0.9384362697601318,0.9155646562576294,0.0003817222313955426,0.9380725026130676,0.9456481337547302,0.9444626569747925,2.2988702767179348e-05,0.9215468764305115,0.9543246030807495,0.9464375376701355,0.00034724315628409386,0.9149876236915588,0.9550285339355469,0.9404680728912354,0.00041473962482996285
0,0.9463281631469727,0.954122006893158,0.9537308812141418,9.355656220577657e-05,0.9531557559967041,0.9584593772888184,0.9572100043296814,1.6010470062610693e-05,0.9642412066459656,0.9683752059936523,0.9675567746162415,1.151045216829516e-05,0.9572766423225403,0.9607453346252441,0.9606326818466187,2.0367471734061837e-05
1,0.927422821521759,0.927422821521759,0.927422821521759,0.0,0.9543464779853821,0.9543464779853821,0.9543464779853821,0.0,0.9500600695610046,0.9500600695610046,0.9500600695610046,0.0,0.9339420199394226,0.9339420199394226,0.9339420199394226,0.0
1,0.9367140531539917,0.9367140531539917,0.9367140531539917,0.0,0.9468409419059753,0.9468409419059753,0.9468409419059753,0.0,0.9527939558029175,0.9527939558029175,0.9527939558029175,0.0,0.9380531907081604,0.9380531907081604,0.9380531907081604,0.0
1,0.8890494704246521,0.9317647218704224,0.9223484992980957,0.0006822019931860268,0.9410422444343567,0.950048565864563,0.9459620118141174,2.027663322223816e-05,0.9352019429206848,0.9610793590545654,0.9505780339241028,0.00023236079141497612,0.9111279845237732,0.9410076141357422,0.9322769045829773,0.0002864123962353915
0,0.9320011138916016,0.9320011138916016,0.9320011138916016,0.0,0.9524543285369873,0.9524543285369873,0.9524543285369873,0.0,0.9216428399085999,0.9216428399085999,0.9216428399085999,0.0,0.9244791865348816,0.9244791865348816,0.9244791865348816,0.0
1,0.9330454468727112,0.9330454468727112,0.9330454468727112,0.0,0.960773229598999,0.960773229598999,0.960773229598999,0.0,0.9384334087371826,0.9384334087371826,0.9384334087371826,0.0,0.9357098340988159,0.9357098340988159,0.9357098340988159,0.0
1,0.8447884917259216,0.9110973477363586,0.8877636194229126,0.0014391321456059813,0.9295002222061157,0.9551416635513306,0.9448767900466919,0.00014551563072018325,0.9007412195205688,0.9453867077827454,0.9308777451515198,0.0005200026789680123,0.8889561295509338,0.9319284558296204,0.9176187515258789,0.0005877738003619015
0,0.8842750191688538,0.9034001231193542,0.9005555510520935,0.0003223737876396626,0.9391669631004333,0.9499726295471191,0.948083758354187,8.88836439116858e-05,0.9191288352012634,0.9291306138038635,0.9287060499191284,0.00016061011410783976,0.8993651866912842,0.9177646040916443,0.9149118661880493,0.0002878221857827157
1,0.9126416444778442,0.9383268356323242,0.936357855796814,0.00022360635921359062,0.9460083842277527,0.9569194316864014,0.9542176723480225,7.13737026671879e-05,0.9311437606811523,0.9566945433616638,0.9433658123016357,0.00012160786718595773,0.922614574432373,0.9485651254653931,0.9426121115684509,0.00021201418712735176
0,0.9001589417457581,0.9456747770309448,0.925141453742981,0.00038549903547391295,0.9451839327812195,0.9581813216209412,0.9537274241447449,6.891329394420609e-05,0.9194042682647705,0.9545772075653076,0.9400929808616638,0.0004061953804921359,0.9116209149360657,0.9444483518600464,0.9344608187675476,0.0003266503044869751
0,0.877414882183075,0.9432647824287415,0.9307945966720581,0.0022690328769385815,0.9433861374855042,0.9663907885551453,0.9586836695671082,0.00020428125571925193,0.9033017158508301,0.9572280645370483,0.9487306475639343,0.001778703066520393,0.8960273265838623,0.9479578733444214,0.942527711391449,0.0017145090969279408
1,0.8167272210121155,0.8910608887672424,0.8746585845947266,0.0019011830445379019,0.926944375038147,0.9503346681594849,0.9434980154037476,0.00016202765982598066,0.8667114973068237,0.9236862659454346,0.908906877040863,0.0013359045842662454,0.8640968799591064,0.9101678133010864,0.9030011892318726,0.0008786893449723721
1,0.8813278079032898,0.9055275917053223,0.9006966948509216,0.0003911519015673548,0.9395344853401184,0.9494249820709229,0.9468799233436584,5.188029899727553e-05,0.9037420153617859,0.9089952707290649,0.9084569215774536,3.174337325617671e-05,0.8941221833229065,0.9059754610061646,0.9028868675231934,7.389066013274714e-05
1,0.9057564735412598,0.9232511520385742,0.9202843308448792,0.0002397929783910513,0.9514667391777039,0.9551366567611694,0.954325258731842,8.1320222307113e-06,0.9280770421028137,0.9384738206863403,0.9359602332115173,6.015502367517911e-05,0.9168073534965515,0.933132529258728,0.9296990633010864,0.00016898206376936287
0,0.8556085228919983,0.8717490434646606,0.8697293996810913,0.00042305421084165573,0.9258475303649902,0.9421777725219727,0.9400103688240051,0.00012466519547160715,0.9080395698547363,0.9358434677124023,0.9264919757843018,0.0003411528596188873,0.8865726590156555,0.9168717265129089,0.9070770740509033,0.0002507262397557497
0,0.0,0.0,0.0,0.0,0.0,0.0,0.0,0.0,0.0,0.0,0.0,0.0,0.0,0.0,0.0,0.0
0,0.8919153213500977,0.9166500568389893,0.9094362258911133,0.0003066155768465251,0.9384863376617432,0.9456720948219299,0.9446026682853699,4.548511060420424e-05,0.9025179743766785,0.9257698655128479,0.9188436269760132,0.0002703667269088328,0.8891838192939758,0.8970510959625244,0.8962690830230713,7.245783490361646e-05
0,0.9256458878517151,0.9256458878517151,0.9256458878517151,0.0,0.9440484642982483,0.9440484642982483,0.9440484642982483,0.0,0.909798800945282,0.909798800945282,0.909798800945282,0.0,0.9214856028556824,0.9214856028556824,0.9214856028556824,0.0
1,0.9380308985710144,0.9380308985710144,0.9380308985710144,0.0,0.9654655456542969,0.9654655456542969,0.9654655456542969,0.0,0.9469743371009827,0.9469743371009827,0.9469743371009827,0.0,0.9369030594825745,0.9369030594825745,0.9369030594825745,0.0
0,0.9120746850967407,0.9120746850967407,0.9120746850967407,0.0,0.9549850225448608,0.9549850225448608,0.9549850225448608,0.0,0.9208347797393799,0.9208347797393799,0.9208347797393799,0.0,0.9078258872032166,0.9078258872032166,0.9078258872032166,0.0
1,0.8521146774291992,0.8995386362075806,0.8839125037193298,0.0007802311447449028,0.9319190382957458,0.9511971473693848,0.946198582649231,0.00013745015894528478,0.8926551938056946,0.9221651554107666,0.9166398644447327,0.00043173893936909735,0.8837109208106995,0.9056167602539062,0.8999283313751221,0.00023927720030769706
1,0.9587728381156921,0.9587728381156921,0.9587728381156921,0.0,0.9674010872840881,0.9674010872840881,0.9674010872840881,0.0,0.9500546455383301,0.9500546455383301,0.9500546455383301,0.0,0.9583992958068848,0.9583992958068848,0.9583992958068848,0.0
1,0.8644610643386841,0.955478847026825,0.9435290694236755,0.0053246947936713696,0.9155684113502502,0.9583886861801147,0.9532800912857056,0.0013100564246997237,0.8558394312858582,0.9501272439956665,0.9375482797622681,0.004942577797919512,0.8705967664718628,0.9556514620780945,0.9488115310668945,0.003985168877989054
1,0.0,0.0,0.0,0.0,0.0,0.0,0.0,0.0,0.0,0.0,0.0,0.0,0.0,0.0,0.0,0.0
1,0.9182764887809753,0.9182764887809753,0.9182764887809753,0.0,0.9475815892219543,0.9475815892219543,0.9475815892219543,0.0,0.9104021787643433,0.9104021787643433,0.9104021787643433,0.0,0.9094837307929993,0.9094837307929993,0.9094837307929993,0.0
1,0.8698197603225708,0.9299225211143494,0.9074884653091431,0.0009007087210193276,0.9362894892692566,0.9563313126564026,0.9498590230941772,0.00012406590394675732,0.9154543280601501,0.9539583921432495,0.9363587498664856,0.0002811704471241683,0.8965814709663391,0.938831627368927,0.920284628868103,0.0002975137031171471
0,0.9124260544776917,0.9124260544776917,0.9124260544776917,0.0,0.9544254541397095,0.9544254541397095,0.9544254541397095,0.0,0.9159735441207886,0.9159735441207886,0.9159735441207886,0.0,0.9245681166648865,0.9245681166648865,0.9245681166648865,0.0
1,0.93094402551651,0.93094402551651,0.93094402551651,0.0,0.9559512138366699,0.9559512138366699,0.9559512138366699,0.0,0.9387426376342773,0.9387426376342773,0.9387426376342773,0.0,0.9364097714424133,0.9364097714424133,0.9364097714424133,0.0
0,0.8931770920753479,0.9017004370689392,0.8989035487174988,3.296466820756905e-05,0.9412796497344971,0.9441747069358826,0.9439337253570557,4.939712653140305e-06,0.9288642406463623,0.9389063715934753,0.9354097843170166,3.646518234745599e-05,0.9071022868156433,0.920081377029419,0.9148969054222107,4.831861951970495e-05
0,0.9097598195075989,0.9203066825866699,0.9201944470405579,0.00021084483887534589,0.9479768872261047,0.9578521251678467,0.9554787874221802,5.454754864331335e-05,0.9320003390312195,0.9548052549362183,0.9488511681556702,0.00027315609622746706,0.923549473285675,0.9375477433204651,0.9356698393821716,0.0001878038892755285
1,0.9254320859909058,0.9254320859909058,0.9254320859909058,0.0,0.9557906985282898,0.9557906985282898,0.9557906985282898,0.0,0.929180383682251,0.929180383682251,0.929180383682251,0.0,0.9332355260848999,0.9332355260848999,0.9332355260848999,0.0
1,0.8699803948402405,0.8996962308883667,0.8944587707519531,0.0006155453738756478,0.9364733099937439,0.949155330657959,0.9461344480514526,9.049131767824292e-05,0.9178891181945801,0.952467679977417,0.9395074844360352,0.0003571304550860077,0.9035559296607971,0.9379022717475891,0.9258108139038086,0.00033368702861480415
1,0.917959451675415,0.917959451675415,0.917959451675415,0.0,0.9482846856117249,0.9482846856117249,0.9482846856117249,0.0,0.9278228282928467,0.9278228282928467,0.9278228282928467,0.0,0.9243918061256409,0.9243918061256409,0.9243918061256409,0.0
0,0.9037556648254395,0.9415237307548523,0.9329778552055359,0.0005189573275856674,0.9463906288146973,0.9544227123260498,0.9541028738021851,4.058652120875195e-05,0.9215245246887207,0.9641434550285339,0.9471844434738159,0.0004331749805714935,0.9149179458618164,0.957848310470581,0.9403305053710938,0.0004116905329283327
0,0.8767548203468323,0.9117336273193359,0.899102509021759,0.0003634488966781646,0.9421291351318359,0.9514161348342896,0.9510071277618408,8.693678682902828e-05,0.9059970378875732,0.9358147978782654,0.926210880279541,0.00021986970386933535,0.894626259803772,0.9229309558868408,0.9147710204124451,0.000212242390261963
0,0.908534824848175,0.9257025122642517,0.9235011339187622,0.0002923010033555329,0.9495924115180969,0.9508720636367798,0.9506462812423706,1.2351787290754146e-06,0.9409579634666443,0.9533963203430176,0.9521759748458862,0.0001824579667299986,0.9258956909179688,0.9394118189811707,0.9381256103515625,0.00021909584756940603
0,0.8939516544342041,0.9110037088394165,0.9089305400848389,0.00029966229340061545,0.9422433972358704,0.9459203481674194,0.9457755088806152,2.206493263656739e-05,0.9162182211875916,0.9212355613708496,0.9210365414619446,4.1022925870493054e-05,0.9036426544189453,0.9193611741065979,0.9193567633628845,0.0004934501484967768
0,0.9242669343948364,0.9242669343948364,0.9242669343948364,0.0,0.9458491802215576,0.9458491802215576,0.9458491802215576,0.0,0.9149708151817322,0.9149708151817322,0.9149708151817322,0.0,0.9282941818237305,0.9282941818237305,0.9282941818237305,0.0
1,0.8885003924369812,0.9457316398620605,0.9288489818572998,0.0016390769742429256,0.9448387026786804,0.9621022939682007,0.9570093750953674,0.00014913991617504507,0.9173433184623718,0.9468440413475037,0.9388749599456787,0.0004480867355596274,0.9067469239234924,0.945541501045227,0.9342106580734253,0.0007540843798778951
1,0.9311229586601257,0.9311229586601257,0.9311229586601257,0.0,0.9441925287246704,0.9441925287246704,0.9441925287246704,0.0,0.9459136724472046,0.9459136724472046,0.9459136724472046,0.0,0.9321719408035278,0.9321719408035278,0.9321719408035278,0.0
0,0.8782231211662292,0.9251116514205933,0.9121642708778381,0.0008430153829976916,0.937534511089325,0.9576035737991333,0.9485688805580139,8.048165909713134e-05,0.9141122698783875,0.9551012516021729,0.9392260313034058,0.0006375671364367008,0.8957772850990295,0.9371316432952881,0.9207476377487183,0.0007037203758955002
1,0.9094246029853821,0.9094246029853821,0.9094246029853821,0.0,0.9412490725517273,0.9412490725517273,0.9412490725517273,0.0,0.924028217792511,0.924028217792511,0.924028217792511,0.0,0.9138129353523254,0.9138129353523254,0.9138129353523254,0.0
0,0.8746531009674072,0.9127200245857239,0.9083991050720215,0.0012089696247130632,0.9364482760429382,0.949634313583374,0.9465848207473755,8.281566988443956e-05,0.9209030270576477,0.9481039047241211,0.9460984468460083,0.0005713545833714306,0.8980496525764465,0.9317940473556519,0.9301981329917908,0.0010915574384853244
1,0.9395437240600586,0.9395437240600586,0.9395437240600586,0.0,0.9589428305625916,0.9589428305625916,0.9589428305625916,0.0,0.9315149784088135,0.9315149784088135,0.9315149784088135,0.0,0.9275258779525757,0.9275258779525757,0.9275258779525757,0.0
1,0.9087265133857727,0.9087265133857727,0.9087265133857727,0.0,0.939897894859314,0.939897894859314,0.939897894859314,0.0,0.904810905456543,0.904810905456543,0.904810905456543,0.0,0.8973521590232849,0.8973521590232849,0.8973521590232849,0.0
0,0.8737015724182129,0.8954715728759766,0.8953603506088257,0.0004614700155798346,0.9350061416625977,0.9496455788612366,0.944821298122406,5.874879570910707e-05,0.9039424657821655,0.9330211281776428,0.9259673953056335,0.00040429580258205533,0.8948683738708496,0.9251813888549805,0.9120323657989502,0.0004082008672412485
0,0.8491866588592529,0.9335238337516785,0.9068090915679932,0.0020128635223954916,0.9280440211296082,0.9550327658653259,0.9477238059043884,0.0002523956063669175,0.9053001999855042,0.9559688568115234,0.9390187859535217,0.0007791458629071712,0.8884384036064148,0.9417644143104553,0.9245826005935669,0.0007669244660064578
1,0.9351638555526733,0.9351638555526733,0.9351638555526733,0.0,0.9530959129333496,0.9530959129333496,0.9530959129333496,0.0,0.9561382532119751,0.9561382532119751,0.9561382532119751,0.0,0.9372461438179016,0.9372461438179016,0.9372461438179016,0.0
1,0.0,0.0,0.0,0.0,0.0,0.0,0.0,0.0,0.0,0.0,0.0,0.0,0.0,0.0,0.0,0.0
1,0.945260763168335,0.945260763168335,0.945260763168335,0.0,0.9598541259765625,0.9598541259765625,0.9598541259765625,0.0,0.9451488256454468,0.9451488256454468,0.9451488256454468,0.0,0.9419708847999573,0.9419708847999573,0.9419708847999573,0.0
1,0.8963939547538757,0.9022742509841919,0.9016369581222534,3.845054379780777e-05,0.9470553398132324,0.9500468969345093,0.9498300552368164,1.2195513590995688e-05,0.9299197196960449,0.941697895526886,0.9387164115905762,7.444029324688017e-05,0.9109322428703308,0.9213086366653442,0.9190608263015747,6.630940333707258e-05
1,0.8998475074768066,0.9143993258476257,0.9126642346382141,0.00022119759523775429,0.9399084448814392,0.9438058137893677,0.9427177309989929,7.704499694227707e-06,0.9304952025413513,0.9393930435180664,0.93802410364151,6.777119415346533e-05,0.9139652252197266,0.9213383793830872,0.9194016456604004,2.844404662027955e-05
1,0.9245522618293762,0.9426007270812988,0.9377661347389221,0.0001684789458522573,0.9544074535369873,0.9615383744239807,0.9607856273651123,5.746606984757818e-05,0.9451697468757629,0.9581114053726196,0.9559745788574219,0.00013453271822072566,0.9377353191375732,0.9534224271774292,0.9492576122283936,0.0001279259886359796
1,0.8762474060058594,0.9499562978744507,0.9195663332939148,0.0015405846061185002,0.9353103637695312,0.9655929803848267,0.9514022469520569,0.00017202759045176208,0.9021203517913818,0.9560642838478088,0.9327008724212646,0.0008147409535013139,0.8959307670593262,0.9523686170578003,0.9311105012893677,0.0009808425093069673
1,0.855798602104187,0.9073892831802368,0.8871691226959229,0.0008444010745733976,0.9244786500930786,0.9449743032455444,0.9403924345970154,0.00019152196182403713,0.8950810432434082,0.9314396381378174,0.9277081489562988,0.0008752701105549932,0.8922591209411621,0.9292739629745483,0.9152575731277466,0.0004345384950283915
0,0.8811617493629456,0.9324590563774109,0.911855161190033,0.0006343820132315159,0.9390183687210083,0.959952175617218,0.9508253335952759,0.00011886227002833039,0.9008388519287109,0.9410516619682312,0.9245679378509521,0.0004109843575861305,0.8960839509963989,0.9361680150032043,0.9236882925033569,0.00040895093115977943
0,0.8946775794029236,0.905186653137207,0.9050778150558472,0.0002096424432238564,0.9398703575134277,0.9478259086608887,0.9467618465423584,6.079942613723688e-05,0.9358065724372864,0.9453818798065186,0.9450209140777588,0.00015097974392119795,0.9151515364646912,0.9255092144012451,0.9249206781387329,0.00015938062279019505
1,0.936765193939209,0.936765193939209,0.936765193939209,0.0,0.9511126279830933,0.9511126279830933,0.9511126279830933,0.0,0.9392532110214233,0.9392532110214233,0.9392532110214233,0.0,0.9369775056838989,0.9369775056838989,0.9369775056838989,0.0
0,0.9138994216918945,0.94444340467453,0.9364014267921448,0.0004874191654380411,0.9456564784049988,0.9552161693572998,0.9529895186424255,5.2548552048392594e-05,0.9431273341178894,0.9572369456291199,0.9531761407852173,0.00010003479110309854,0.927104651927948,0.9502032995223999,0.9447044134140015,0.0003008873318322003
1,0.9156799912452698,0.9211493134498596,0.9207509756088257,4.068344060215168e-05,0.9509475231170654,0.9552527666091919,0.9544419646263123,1.3120279618306085e-05,0.9356830716133118,0.9477285146713257,0.9451322555541992,8.979544509202242e-05,0.927463710308075,0.9354863166809082,0.9330982565879822,3.218742858734913e-05
1,0.8841422200202942,0.9061787724494934,0.9006856679916382,0.00026363192591816187,0.9311026930809021,0.9415190815925598,0.939018964767456,6.075681812944822e-05,0.9112574458122253,0.9346665143966675,0.9289224147796631,0.0003012403903994709,0.8949912190437317,0.9071556329727173,0.9064171314239502,0.00021519733127206564
1,0.9371030330657959,0.9371030330657959,0.9371030330657959,0.0,0.9596277475357056,0.9596277475357056,0.9596277475357056,0.0,0.9384404420852661,0.9384404420852661,0.9384404420852661,0.0,0.9328165054321289,0.9328165054321289,0.9328165054321289,0.0
0,0.9129171371459961,0.9129171371459961,0.9129171371459961,0.0,0.9519497156143188,0.9519497156143188,0.9519497156143188,0.0,0.9091898202896118,0.9091898202896118,0.9091898202896118,0.0,0.9121866822242737,0.9121866822242737,0.9121866822242737,0.0
1,0.8912193775177002,0.9195895195007324,0.9110138416290283,0.0003902693570125848,0.940552294254303,0.9580366611480713,0.9506782293319702,8.336225437233225e-05,0.9329627156257629,0.9450576901435852,0.9409208297729492,3.7566936953226104e-05,0.9165506362915039,0.9428951144218445,0.9304071664810181,0.00014971331984270364
0,0.8986288905143738,0.9134233593940735,0.9096132516860962,0.00011601777077885345,0.9442639946937561,0.9457926750183105,0.9455482959747314,1.9332439933350543e-06,0.9088363647460938,0.9539416432380676,0.9406018257141113,0.001017854898236692,0.8949335217475891,0.9265404939651489,0.9188082218170166,0.0005505291046574712
0,0.8913174867630005,0.8913174867630005,0.8913174867630005,0.0,0.9420041441917419,0.9420041441917419,0.9420041441917419,0.0,0.909422755241394,0.909422755241394,0.909422755241394,0.0,0.89488285779953,0.89488285779953,0.89488285779953,0.0
1,0.9315341114997864,0.9315341114997864,0.9315341114997864,0.0,0.9583247900009155,0.9583247900009155,0.9583247900009155,0.0,0.9433358311653137,0.9433358311653137,0.9433358311653137,0.0,0.9381299018859863,0.9381299018859863,0.9381299018859863,0.0
0,0.8919768333435059,0.9095408320426941,0.9054437279701233,0.00017714603745844215,0.9460689425468445,0.9508920311927795,0.9502336978912354,2.1996880605001934e-05,0.9183177947998047,0.9308667778968811,0.9273923635482788,8.014255581656471e-05,0.9147317409515381,0.9223797917366028,0.9203020334243774,3.0028311812202446e-05
1,0.9018063545227051,0.9295554757118225,0.9247053265571594,0.0005862191901542246,0.9476315379142761,0.9604133367538452,0.9575443267822266,9.72255365923047e-05,0.9471026062965393,0.9660952091217041,0.9620450139045715,0.00022560237266588956,0.9142667651176453,0.9361388683319092,0.9321244955062866,0.0003473383840173483
1,0.9069563746452332,0.9442099332809448,0.9331050515174866,0.0006940006278455257,0.9471197128295898,0.9561965465545654,0.9535943269729614,4.143748083151877e-05,0.9219135642051697,0.9552286267280579,0.9457570910453796,0.0005595075199380517,0.9194256663322449,0.9488940834999084,0.9400712251663208,0.000434198445873335
0,0.0,0.0,0.0,0.0,0.0,0.0,0.0,0.0,0.0,0.0,0.0,0.0,0.0,0.0,0.0,0.0
1,0.9150853753089905,0.9150853753089905,0.9150853753089905,0.0,0.9425263404846191,0.9425263404846191,0.9425263404846191,0.0,0.9181744456291199,0.9181744456291199,0.9181744456291199,0.0,0.9040204882621765,0.9040204882621765,0.9040204882621765,0.0
1,0.8974518179893494,0.9285381436347961,0.920259952545166,0.000299086794257164,0.9389354586601257,0.950563371181488,0.9503738880157471,9.69766333582811e-05,0.9348283410072327,0.9570800065994263,0.9539636969566345,0.00018992368131875992,0.9129677414894104,0.939166247844696,0.931530237197876,0.00020133690850343555
1,0.8708108067512512,0.9270389676094055,0.9110223054885864,0.0013937089825049043,0.9386813044548035,0.9606524705886841,0.9519132971763611,0.0001119460939662531,0.918271541595459,0.9574916958808899,0.9420707821846008,0.0005675714346580207,0.9012700319290161,0.9492044448852539,0.9268511533737183,0.0005631404346786439
1,0.8903467655181885,0.9305933117866516,0.9256055355072021,0.000799713539890945,0.9424517750740051,0.9587730765342712,0.9507840275764465,5.649128797813319e-05,0.9323344826698303,0.9539101123809814,0.9513275027275085,0.00021210304112173617,0.9154159426689148,0.9405821561813354,0.9364516735076904,0.00028139897040091455
0,0.9032577276229858,0.9397421479225159,0.9190454483032227,0.00025475764414295554,0.9503443837165833,0.9581619501113892,0.9570701718330383,2.23284605453955e-05,0.9403842687606812,0.9632898569107056,0.9546369314193726,0.00019237917149439454,0.9232155680656433,0.9536107778549194,0.9334089159965515,0.0001688178163021803
1,0.932066023349762,0.932066023349762,0.932066023349762,0.0,0.9512665271759033,0.9512665271759033,0.9512665271759033,0.0,0.9425852298736572,0.9425852298736572,0.9425852298736572,0.0,0.933279812335968,0.933279812335968,0.933279812335968,0.0
0,0.8823541402816772,0.8823541402816772,0.8823541402816772,0.0,0.9418843984603882,0.9418843984603882,0.9418843984603882,0.0,0.8945827484130859,0.8945827484130859,0.8945827484130859,0.0,0.8825176954269409,0.8825176954269409,0.8825176954269409,0.0
1,0.9365816116333008,0.9365816116333008,0.9365816116333008,0.0,0.9472129940986633,0.9472129940986633,0.9472129940986633,0.0,0.9368504285812378,0.9368504285812378,0.9368504285812378,0.0,0.937879204750061,0.937879204750061,0.937879204750061,0.0
1,0.9394446015357971,0.9394446015357971,0.9394446015357971,0.0,0.9550849199295044,0.9550849199295044,0.9550849199295044,0.0,0.9563672542572021,0.9563672542572021,0.9563672542572021,0.0,0.940890908241272,0.940890908241272,0.940890908241272,0.0
1,0.9448258280754089,0.9448258280754089,0.9448258280754089,0.0,0.9457454681396484,0.9457454681396484,0.9457454681396484,0.0,0.9590744376182556,0.9590744376182556,0.9590744376182556,0.0,0.9479703307151794,0.9479703307151794,0.9479703307151794,0.0
1,0.8846617341041565,0.9144582748413086,0.9062074422836304,0.0004518072528298944,0.9372794032096863,0.9561210870742798,0.9506900310516357,0.00017832328740041703,0.9321553111076355,0.9330481290817261,0.9329724311828613,1.0140739732378279e-06,0.9088898301124573,0.918821394443512,0.9174045920372009,9.001667058328167e-05
0,0.8656081557273865,0.9155190587043762,0.9006298780441284,0.0007162720430642366,0.9219738841056824,0.9525247812271118,0.9384428262710571,0.00021244079107418656,0.8996121883392334,0.9278636574745178,0.9265860319137573,0.0003994538856204599,0.8971421718597412,0.9214379787445068,0.9162948131561279,0.00022280616394709796
0,0.8717218637466431,0.9272448420524597,0.8936848640441895,0.00038802140625193715,0.9340938925743103,0.9595737457275391,0.9462335109710693,0.00015915912808850408,0.9165793657302856,0.955284059047699,0.9348797798156738,0.00042192477849312127,0.9041789174079895,0.9459397792816162,0.9278444647789001,0.00031739252153784037
0,0.9033777117729187,0.9323740601539612,0.927739143371582,0.00041634278022684157,0.9447112083435059,0.9576523303985596,0.9561052918434143,0.00013105347170494497,0.9268326163291931,0.9527016282081604,0.9472552537918091,0.00037609421997331083,0.9192750453948975,0.946914553642273,0.9426639080047607,0.00035981202381663024
1,0.863734245300293,0.9429365396499634,0.909371018409729,0.002531975507736206,0.9271568059921265,0.9674654603004456,0.9461560845375061,0.0004872578429058194,0.9050198793411255,0.9590798616409302,0.9352890849113464,0.000822738220449537,0.8883303999900818,0.9564000964164734,0.920380175113678,0.0012776245130226016
0,0.9198758006095886,0.9331784248352051,0.9289353489875793,8.688362868269905e-05,0.9494731426239014,0.9545289278030396,0.9526662230491638,1.2458101082302164e-05,0.9510359168052673,0.9587055444717407,0.9570125341415405,3.716311766766012e-05,0.9331125617027283,0.9455241560935974,0.941267192363739,6.783316348446533e-05
1,0.937811017036438,0.937811017036438,0.937811017036438,0.0,0.9528305530548096,0.9528305530548096,0.9528305530548096,0.0,0.9370982050895691,0.9370982050895691,0.9370982050895691,0.0,0.9307161569595337,0.9307161569595337,0.9307161569595337,0.0
1,0.8405416011810303,0.9533506035804749,0.8922101259231567,0.0025943282525986433,0.9079806208610535,0.9526569843292236,0.9358730912208557,0.0004985906998626888,0.8869215846061707,0.9600579738616943,0.9273061156272888,0.0013151029124855995,0.8648596405982971,0.9549643397331238,0.9225074052810669,0.00203584018163383
0,0.9212762713432312,0.9316773414611816,0.9313681721687317,0.00018579915922600776,0.9509279727935791,0.9535369277000427,0.9534820914268494,1.2233239431225229e-05,0.9391544461250305,0.9577075242996216,0.9535468220710754,0.0002050185576081276,0.9302619099617004,0.9447621703147888,0.9427091479301453,0.00019306746253278106
0,0.8505058288574219,0.9273020029067993,0.9064531326293945,0.0030287562403827906,0.9284594058990479,0.9499311447143555,0.9448878169059753,0.000263098394498229,0.8581619262695312,0.9357274174690247,0.9159597158432007,0.0032125990837812424,0.868476927280426,0.9235318303108215,0.9090243577957153,0.001582789234817028
0,0.9155048727989197,0.9155048727989197,0.9155048727989197,0.0,0.9348546862602234,0.9348546862602234,0.9348546862602234,0.0,0.9287458658218384,0.9287458658218384,0.9287458658218384,0.0,0.8994264006614685,0.8994264006614685,0.8994264006614685,0.0
0,0.939690351486206,0.939690351486206,0.939690351486206,0.0,0.9465813636779785,0.9465813636779785,0.9465813636779785,0.0,0.9484524130821228,0.9484524130821228,0.9484524130821228,0.0,0.9418535828590393,0.9418535828590393,0.9418535828590393,0.0
1,0.9408738017082214,0.9408738017082214,0.9408738017082214,0.0,0.9572510719299316,0.9572510719299316,0.9572510719299316,0.0,0.948764443397522,0.948764443397522,0.948764443397522,0.0,0.9374447464942932,0.9374447464942932,0.9374447464942932,0.0
0,0.9078717231750488,0.9503720998764038,0.9393813610076904,0.0006414023810066283,0.9487720131874084,0.9596858024597168,0.9564663171768188,4.940759754390456e-05,0.9135014414787292,0.9423600435256958,0.9368796348571777,0.00035530366585589945,0.9096366763114929,0.9376299381256104,0.9324562549591064,0.0003592278517317027
1,0.8834424018859863,0.9034625291824341,0.8998749256134033,0.0002978812553919852,0.9348521828651428,0.9440420269966125,0.9414539337158203,4.270156205166131e-05,0.9191553592681885,0.9342664480209351,0.9312467575073242,0.0001523574028396979,0.9078869819641113,0.9181899428367615,0.9170379042625427,0.00011572916992008686
0,0.9176468849182129,0.9176468849182129,0.9176468849182129,0.0,0.9493077993392944,0.9493077993392944,0.9493077993392944,0.0,0.9367940425872803,0.9367940425872803,0.9367940425872803,0.0,0.9244645237922668,0.9244645237922668,0.9244645237922668,0.0
1,0.9125432372093201,0.9294842481613159,0.927655816078186,0.00021910446230322123,0.9396486282348633,0.9483281373977661,0.9479691386222839,9.262282401323318e-05,0.9336735606193542,0.9484978914260864,0.9479261040687561,0.00017958531680051237,0.9220350384712219,0.936646044254303,0.9351962804794312,0.0003207801200915128
0,0.8852284550666809,0.923922061920166,0.9051255583763123,0.0003332835913170129,0.9462044835090637,0.9656014442443848,0.9564757347106934,8.427838474744931e-05,0.9238479733467102,0.9339863657951355,0.9332709312438965,8.779917698120698e-05,0.9131075739860535,0.9379321336746216,0.9267592430114746,0.0001707265037111938
1,0.9114813804626465,0.9348934888839722,0.933530330657959,0.0005595130496658385,0.9511482119560242,0.962732195854187,0.9596242308616638,6.964906788198277e-05,0.9338108897209167,0.9451119899749756,0.944170355796814,0.00010027070675278082,0.9203107357025146,0.9371855854988098,0.9340353012084961,0.00021487358026206493
1,0.933295726776123,0.933295726776123,0.933295726776123,0.0,0.9503357410430908,0.9503357410430908,0.9503357410430908,0.0,0.9281975030899048,0.9281975030899048,0.9281975030899048,0.0,0.9285593032836914,0.9285593032836914,0.9285593032836914,0.0
0,0.8717620372772217,0.897921085357666,0.8928626179695129,0.00032611400820314884,0.9396505355834961,0.9452893733978271,0.9446616172790527,2.072438655886799e-05,0.919247567653656,0.9364994168281555,0.932711124420166,0.0001238805562024936,0.9113288521766663,0.9238084554672241,0.9235869646072388,0.00011441324022598565
1,0.912813663482666,0.912813663482666,0.912813663482666,0.0,0.9575310945510864,0.9575310945510864,0.9575310945510864,0.0,0.9113705158233643,0.9113705158233643,0.9113705158233643,0.0,0.9137786030769348,0.9137786030769348,0.9137786030769348,0.0
0,0.9453434944152832,0.9498104453086853,0.9490169286727905,1.4955541701056063e-05,0.9526286125183105,0.9604199528694153,0.9596484303474426,7.121772068785504e-05,0.9431143403053284,0.946073591709137,0.9455497860908508,6.586642939510057e-06,0.9422548413276672,0.9441971778869629,0.9436916708946228,1.9856433937093243e-06
1,0.8601135015487671,0.9359493851661682,0.9110070466995239,0.0017127147875726223,0.9273005127906799,0.9586393237113953,0.949253261089325,0.0003390653873793781,0.9186672568321228,0.9574753046035767,0.9454377889633179,0.0005552635993808508,0.9010799527168274,0.942766547203064,0.9300495386123657,0.0005020398530177772
0,0.8868243098258972,0.927832841873169,0.9209585189819336,0.0007338050636462867,0.9463734030723572,0.9568139910697937,0.9544854164123535,3.608953193179332e-05,0.9239993095397949,0.9634929299354553,0.9574241042137146,0.0006932700634934008,0.910578727722168,0.9487407803535461,0.9439303874969482,0.0007320725708268583
0,0.900915265083313,0.900915265083313,0.900915265083313,0.0,0.941053032875061,0.941053032875061,0.941053032875061,0.0,0.9064974784851074,0.9064974784851074,0.9064974784851074,0.0,0.9038571119308472,0.9038571119308472,0.9038571119308472,0.0
0,0.9018543362617493,0.9018543362617493,0.9018543362617493,0.0,0.9484080672264099,0.9484080672264099,0.9484080672264099,0.0,0.9186993837356567,0.9186993837356567,0.9186993837356567,0.0,0.9114941954612732,0.9114941954612732,0.9114941954612732,0.0
1,0.8392630219459534,0.9476314187049866,0.9084326028823853,0.005662582349032164,0.9241112470626831,0.9647565484046936,0.953661322593689,0.0008393122116103768,0.8695378303527832,0.9638482928276062,0.9319769144058228,0.005294724367558956,0.8739407062530518,0.9597797393798828,0.9283567667007446,0.00396592915058136
1,0.8191091418266296,0.9507969617843628,0.9355844855308533,0.006976761389523745,0.9112586379051208,0.9668741226196289,0.9624010324478149,0.0011496003717184067,0.8502612709999084,0.9410547614097595,0.9143363237380981,0.004066564608365297,0.8607383966445923,0.9477733373641968,0.9393525719642639,0.0027065894100815058
0,0.8863087892532349,0.8863087892532349,0.8863087892532349,0.0,0.9470473527908325,0.9470473527908325,0.9470473527908325,0.0,0.8981795310974121,0.8981795310974121,0.8981795310974121,0.0,0.8868219256401062,0.8868219256401062,0.8868219256401062,0.0
0,0.8944211602210999,0.9167976975440979,0.9125155210494995,0.00034883429179899395,0.935072124004364,0.9469684362411499,0.9461085796356201,0.00019307475304231048,0.9022275805473328,0.9288572669029236,0.9209744334220886,0.00035475927870720625,0.8999572396278381,0.9189555644989014,0.9144883155822754,0.00020577432587742805
1,0.9411966800689697,0.9411966800689697,0.9411966800689697,0.0,0.9550318717956543,0.9550318717956543,0.9550318717956543,0.0,0.9372055530548096,0.9372055530548096,0.9372055530548096,0.0,0.9320637583732605,0.9320637583732605,0.9320637583732605,0.0
1,0.0,0.0,0.0,0.0,0.0,0.0,0.0,0.0,0.0,0.0,0.0,0.0,0.0,0.0,0.0,0.0
1,0.0,0.0,0.0,0.0,0.0,0.0,0.0,0.0,0.0,0.0,0.0,0.0,0.0,0.0,0.0,0.0
1,0.8905983567237854,0.921275794506073,0.9120815396308899,0.00047055332106538117,0.9352943301200867,0.9439803957939148,0.9414719343185425,3.788215326494537e-05,0.9104202389717102,0.9212625622749329,0.9212601184844971,0.00023484794655814767,0.905663788318634,0.925808310508728,0.9212336540222168,0.00023885129485279322
1,0.9097719788551331,0.9555840492248535,0.9453983306884766,0.001024506171233952,0.9437925219535828,0.9663012027740479,0.9621385931968689,0.00021296899649314582,0.9095748662948608,0.9516888856887817,0.9509170055389404,0.0011365240206941962,0.9176154136657715,0.9558902382850647,0.9476386308670044,0.0006228868733160198
0,0.8761811256408691,0.9309483766555786,0.9230397939682007,0.0011019997764378786,0.9347271919250488,0.9564777612686157,0.9458077549934387,0.0001190356197184883,0.9274411201477051,0.9550747871398926,0.9501680135726929,0.0003478902217466384,0.9079940319061279,0.9376109838485718,0.9335617423057556,0.000505883595906198
0,0.935157299041748,0.935157299041748,0.935157299041748,0.0,0.9513994455337524,0.9513994455337524,0.9513994455337524,0.0,0.9432149529457092,0.9432149529457092,0.9432149529457092,0.0,0.9371565580368042,0.9371565580368042,0.9371565580368042,0.0
1,0.868431806564331,0.868431806564331,0.868431806564331,0.0,0.9293041229248047,0.9293041229248047,0.9293041229248047,0.0,0.8762112259864807,0.8762112259864807,0.8762112259864807,0.0,0.8498095273971558,0.8498095273971558,0.8498095273971558,0.0
0,0.9037763476371765,0.9037763476371765,0.9037763476371765,0.0,0.9443960189819336,0.9443960189819336,0.9443960189819336,0.0,0.9141420125961304,0.9141420125961304,0.9141420125961304,0.0,0.9076852798461914,0.9076852798461914,0.9076852798461914,0.0
1,0.9192715287208557,0.9508209228515625,0.9333416819572449,0.00018540272139944136,0.9483031630516052,0.9658801555633545,0.9533863067626953,4.586064460454509e-05,0.931833803653717,0.9618430137634277,0.94646155834198,0.00021543484763242304,0.9235979318618774,0.9492610692977905,0.9424025416374207,0.00018429824558552355
0,0.8705624938011169,0.9088810086250305,0.8977709412574768,0.0007366306963376701,0.938001811504364,0.9432052373886108,0.9422076940536499,1.8830376575351693e-05,0.9197489619255066,0.9357060194015503,0.9311097860336304,0.00012792077905032784,0.8966265320777893,0.9265706539154053,0.918166995048523,0.0004539239453151822
1,0.9131937623023987,0.9131937623023987,0.9131937623023987,0.0,0.942533016204834,0.942533016204834,0.942533016204834,0.0,0.9154759645462036,0.9154759645462036,0.9154759645462036,0.0,0.9001482129096985,0.9001482129096985,0.9001482129096985,0.0
0,0.9110808372497559,0.9455133080482483,0.9276063442230225,0.0002685206418391317,0.9537213444709778,0.9642382860183716,0.9610430002212524,3.479409861029126e-05,0.9277617931365967,0.9549705982208252,0.9509468078613281,0.0004293252422939986,0.925934374332428,0.9482907652854919,0.9420163035392761,0.00018873708904720843
0,0.8942325115203857,0.9145137071609497,0.9121503233909607,0.0003129366086795926,0.952061116695404,0.9612476825714111,0.9580748081207275,3.55680676875636e-05,0.9308393597602844,0.9592187404632568,0.9516952037811279,0.00035838698386214674,0.9156073927879333,0.9373135566711426,0.9320955276489258,0.0002204814227297902
1,0.9560103416442871,0.9560103416442871,0.9560103416442871,0.0,0.9575708508491516,0.9575708508491516,0.9575708508491516,0.0,0.941753089427948,0.941753089427948,0.941753089427948,0.0,0.9516097903251648,0.9516097903251648,0.9516097903251648,0.0
0,0.9392844438552856,0.9392844438552856,0.9392844438552856,0.0,0.9655857086181641,0.9655857086181641,0.9655857086181641,0.0,0.9466714859008789,0.9466714859008789,0.9466714859008789,0.0,0.9389538764953613,0.9389538764953613,0.9389538764953613,0.0
0,0.8813348412513733,0.9184951782226562,0.9086839556694031,0.0005964804440736771,0.933789074420929,0.9499119520187378,0.944589376449585,8.641399472253397e-05,0.9231679439544678,0.953696072101593,0.9462634325027466,0.0003624955134000629,0.9055265784263611,0.9355819225311279,0.9252031445503235,0.00028426252538338304
0,0.887656033039093,0.9119983911514282,0.9018667340278625,0.00016623115516267717,0.9378417134284973,0.9484609365463257,0.9435586929321289,2.4022057914407924e-05,0.9159726500511169,0.9369391798973083,0.9302533268928528,0.00011425426055211574,0.9118443727493286,0.9316117763519287,0.9241910576820374,9.222599328495562e-05
1,0.8861216306686401,0.9119983911514282,0.8966500759124756,0.0001518291828688234,0.9366948008537292,0.9484609365463257,0.9435586929321289,3.5680652217706665e-05,0.9147610068321228,0.9339084625244141,0.9290263056755066,0.00010476085299160331,0.911594808101654,0.9316117763519287,0.9235031008720398,9.355946531286463e-05
0,0.9042668342590332,0.9226953983306885,0.9183202981948853,0.00010618109809001908,0.9534375071525574,0.9604166746139526,0.9579029083251953,1.7125834347098134e-05,0.9253472685813904,0.950121283531189,0.9379908442497253,0.00014484238636214286,0.9204050898551941,0.9441885948181152,0.9340953230857849,0.00013345092884264886
0,0.9490046501159668,0.9490046501159668,0.9490046501159668,0.0,0.9673332571983337,0.9673332571983337,0.9673332571983337,0.0,0.9587661027908325,0.9587661027908325,0.9587661027908325,0.0,0.9520865678787231,0.9520865678787231,0.9520865678787231,0.0
0,0.9125227928161621,0.9208018779754639,0.9188222885131836,3.850738357868977e-05,0.9446287155151367,0.9472856521606445,0.9466556310653687,3.994978214905132e-06,0.9430492520332336,0.9474608898162842,0.9464967250823975,1.1883646038768347e-05,0.9235870838165283,0.9268777370452881,0.9259225726127625,5.431325462268433e-06
1,0.9002144932746887,0.9045460820198059,0.9037322402000427,1.3312005648913328e-05,0.9422739148139954,0.9446043968200684,0.9439889192581177,2.8322722300799796e-06,0.9230815768241882,0.9364158511161804,0.9344660639762878,0.0001589777530170977,0.9151729941368103,0.9195924401283264,0.9190355539321899,1.9621213141363114e-05
0,0.8689624071121216,0.9330728650093079,0.9143203496932983,0.0012872623046860099,0.9309267997741699,0.9525304436683655,0.9512962102890015,0.00023092074843589216,0.9045075178146362,0.9422509670257568,0.927785336971283,0.0004993338952772319,0.8959602117538452,0.9375802278518677,0.9298292398452759,0.0007019640761427581
0,0.8869814276695251,0.9449527859687805,0.9276524782180786,0.0016804797342047095,0.9439361095428467,0.9621375203132629,0.9568651914596558,0.0001662358845351264,0.9154897332191467,0.9472415447235107,0.9391929507255554,0.0005404450930655003,0.9058448672294617,0.9456399083137512,0.9337284564971924,0.0007918363553471863
0,0.850074827671051,0.8936768770217896,0.8884437084197998,0.0013597492361441255,0.9186403155326843,0.9459628462791443,0.939275860786438,0.00037315578083507717,0.9186351299285889,0.9363453388214111,0.9345217347145081,0.00029260179144330323,0.8992480635643005,0.9231777191162109,0.9163587093353271,0.0002703102945815772
1,0.8762652277946472,0.8981500864028931,0.8942658305168152,0.00035928943543694913,0.9313957095146179,0.9438332319259644,0.9411664009094238,9.623065125197172e-05,0.9035308957099915,0.9333648681640625,0.9294298887252808,0.0008642300963401794,0.8933560252189636,0.9076941013336182,0.9060308337211609,0.00021878954430576414
0,0.886776328086853,0.9393994808197021,0.9291756749153137,0.0011425900738686323,0.9388445019721985,0.961219072341919,0.9540094137191772,0.00015478517161682248,0.9082944393157959,0.9490633010864258,0.9401453733444214,0.0008349664858542383,0.8962919116020203,0.9374352097511292,0.9309784770011902,0.0007725761970505118
0,0.8589665293693542,0.8953939080238342,0.8866331577301025,0.0007417770102620125,0.9283626675605774,0.9351922273635864,0.9336408972740173,2.7447138563729823e-05,0.8872995972633362,0.9164800047874451,0.9094768166542053,0.0004768449580296874,0.8740231990814209,0.8877100348472595,0.8861402273178101,0.000200873808353208
0,0.0,0.0,0.0,0.0,0.0,0.0,0.0,0.0,0.0,0.0,0.0,0.0,0.0,0.0,0.0,0.0
0,0.9038684964179993,0.9172359108924866,0.9147202372550964,0.00012657132174354047,0.9361308217048645,0.9429940581321716,0.9421538710594177,4.830945181311108e-05,0.9329995512962341,0.9456614851951599,0.942931056022644,9.917810530168936e-05,0.9131249785423279,0.9213123917579651,0.9208566546440125,0.00010021871275966987
0,0.9291704297065735,0.9291704297065735,0.9291704297065735,0.0,0.9408426284790039,0.9408426284790039,0.9408426284790039,0.0,0.9480111598968506,0.9480111598968506,0.9480111598968506,0.0,0.9378786087036133,0.9378786087036133,0.9378786087036133,0.0
1,0.9281536340713501,0.9281536340713501,0.9281536340713501,0.0,0.9613569974899292,0.9613569974899292,0.9613569974899292,0.0,0.9323297739028931,0.9323297739028931,0.9323297739028931,0.0,0.9349142909049988,0.9349142909049988,0.9349142909049988,0.0
1,0.9113934636116028,0.969143271446228,0.9520409107208252,0.0016683457652106881,0.9418748021125793,0.9639978408813477,0.9574769139289856,0.0002449378080200404,0.9223200678825378,0.9735654592514038,0.9589655995368958,0.0013230248587206006,0.9138166904449463,0.9715360403060913,0.9554373621940613,0.0016904488438740373
1,0.895085334777832,0.9196699857711792,0.9099191427230835,0.00019834667909890413,0.9473950266838074,0.9625383615493774,0.9567471742630005,6.280218804022297e-05,0.9369198679924011,0.9478957653045654,0.9462394118309021,7.247595203807577e-05,0.9220495820045471,0.9317269325256348,0.9307315349578857,4.1737152059795335e-05
0,0.9065854549407959,0.9065854549407959,0.9065854549407959,0.0,0.9455878734588623,0.9455878734588623,0.9455878734588623,0.0,0.9017202854156494,0.9017202854156494,0.9017202854156494,0.0,0.898654043674469,0.898654043674469,0.898654043674469,0.0
1,0.8758826851844788,0.9316157698631287,0.919249951839447,0.0010521139483898878,0.9346325993537903,0.9662472605705261,0.9530041217803955,0.000161652933456935,0.9014096856117249,0.9479389786720276,0.9327419400215149,0.0006293582264333963,0.8987557291984558,0.945834755897522,0.9275456666946411,0.0005558645934797823
0,0.8808631300926208,0.943191647529602,0.9241885542869568,0.0011443218681961298,0.9390354156494141,0.9578717350959778,0.953770637512207,0.0001459075283491984,0.926670491695404,0.960582435131073,0.9463333487510681,0.0002964892191812396,0.9091104865074158,0.9533708691596985,0.9346648454666138,0.0005368199199438095
0,0.8660922050476074,0.900335431098938,0.8906976580619812,0.0005930251791141927,0.9407410025596619,0.9433545470237732,0.9429340958595276,5.6190151553892065e-06,0.9095723628997803,0.942594051361084,0.9333911538124084,0.0005534657393582165,0.8834455609321594,0.9139670729637146,0.9050642848014832,0.0004668525652959943
0,0.9205858707427979,0.9205858707427979,0.9205858707427979,0.0,0.9517886638641357,0.9517886638641357,0.9517886638641357,0.0,0.9411907196044922,0.9411907196044922,0.9411907196044922,0.0,0.9142274260520935,0.9142274260520935,0.9142274260520935,0.0
1,0.9042112827301025,0.9058567881584167,0.9057959914207458,4.476803951547481e-06,0.9401795864105225,0.942940890789032,0.9421722888946533,3.872137767757522e-06,0.9345876574516296,0.942709743976593,0.9408621788024902,3.876744449371472e-05,0.9183931946754456,0.9250690937042236,0.9231647849082947,2.2445428840001114e-05
1,0.9248872399330139,0.9248872399330139,0.9248872399330139,0.0,0.9466952085494995,0.9466952085494995,0.9466952085494995,0.0,0.9126355648040771,0.9126355648040771,0.9126355648040771,0.0,0.9017362594604492,0.9017362594604492,0.9017362594604492,0.0
0,0.906282365322113,0.9188969731330872,0.9163216352462769,0.00010392634430900216,0.9462079405784607,0.9551920890808105,0.9534209370613098,5.4590269428445026e-05,0.9314165711402893,0.9467495083808899,0.9454379677772522,0.0002977692347485572,0.9169873595237732,0.9277917146682739,0.9265031814575195,0.00012192303984193131
0,0.9382538795471191,0.9382538795471191,0.9382538795471191,0.0,0.9585225582122803,0.9585225582122803,0.9585225582122803,0.0,0.946952223777771,0.946952223777771,0.946952223777771,0.0,0.9369016885757446,0.9369016885757446,0.9369016885757446,0.0
1,0.932343602180481,0.932343602180481,0.932343602180481,0.0,0.9588618278503418,0.9588618278503418,0.9588618278503418,0.0,0.923040509223938,0.923040509223938,0.923040509223938,0.0,0.9196081161499023,0.9196081161499023,0.9196081161499023,0.0
1,0.9465687870979309,0.9465687870979309,0.9465687870979309,0.0,0.9674587845802307,0.9674587845802307,0.9674587845802307,0.0,0.9531330466270447,0.9531330466270447,0.9531330466270447,0.0,0.9431703686714172,0.9431703686714172,0.9431703686714172,0.0
0,0.9255133271217346,0.9255133271217346,0.9255133271217346,0.0,0.9535826444625854,0.9535826444625854,0.9535826444625854,0.0,0.9532327055931091,0.9532327055931091,0.9532327055931091,0.0,0.9373565316200256,0.9373565316200256,0.9373565316200256,0.0
1,0.9282592535018921,0.9282592535018921,0.9282592535018921,0.0,0.9583370685577393,0.9583370685577393,0.9583370685577393,0.0,0.9363223314285278,0.9363223314285278,0.9363223314285278,0.0,0.9207478761672974,0.9207478761672974,0.9207478761672974,0.0
1,0.9310085773468018,0.9310085773468018,0.9310085773468018,0.0,0.9465744495391846,0.9465744495391846,0.9465744495391846,0.0,0.9237688183784485,0.9237688183784485,0.9237688183784485,0.0,0.9212802052497864,0.9212802052497864,0.9212802052497864,0.0
0,0.9073359966278076,0.9271754026412964,0.9201347827911377,0.0001589065504958853,0.9464974403381348,0.9538000226020813,0.9536646604537964,3.777784513658844e-05,0.9328290820121765,0.9544944763183594,0.9456409215927124,0.00012516137212514877,0.925294816493988,0.9382709860801697,0.9363309144973755,9.653175948187709e-05
1,0.0,0.0,0.0,0.0,0.0,0.0,0.0,0.0,0.0,0.0,0.0,0.0,0.0,0.0,0.0,0.0
0,0.0,0.0,0.0,0.0,0.0,0.0,0.0,0.0,0.0,0.0,0.0,0.0,0.0,0.0,0.0,0.0
0,0.9237849712371826,0.9385636448860168,0.9372978806495667,0.0002764585369732231,0.9510946869850159,0.9537794589996338,0.9533200860023499,5.599958512902958e-06,0.9310908913612366,0.9380475878715515,0.9360312819480896,2.4281032892758958e-05,0.9288275241851807,0.9328169822692871,0.932415783405304,1.8508249922888353e-05
0,0.9326210021972656,0.9459118247032166,0.9425150156021118,8.690624963492155e-05,0.9535207748413086,0.9574015140533447,0.9569475650787354,1.5593870557495393e-05,0.919555127620697,0.931833803653717,0.9310648441314697,0.00015908325440250337,0.9293608069419861,0.9439675807952881,0.9401510953903198,7.914438901934773e-05
1,0.8738256692886353,0.9542733430862427,0.9239364266395569,0.0025060793850570917,0.933616042137146,0.9658696055412292,0.953399121761322,0.00039294164162129164,0.9218478202819824,0.972471296787262,0.950711727142334,0.0009034752729348838,0.904303252696991,0.9651045799255371,0.9394662380218506,0.0009455554536543787
1,0.9086381793022156,0.9439899325370789,0.9343605637550354,0.0006407576729543507,0.9487568736076355,0.9561673402786255,0.9544457793235779,3.1651426979806274e-05,0.9306275844573975,0.9526235461235046,0.946817934513092,0.00025239636306650937,0.9206678867340088,0.9461891055107117,0.9386588931083679,0.0003259320801589638
1,0.8731707334518433,0.9344326853752136,0.9203000068664551,0.001336337998509407,0.934897780418396,0.95473313331604,0.9501397013664246,0.00013442344788927585,0.9284752607345581,0.9619817733764648,0.9533374905586243,0.0004037952166981995,0.9073206186294556,0.9548515677452087,0.9415290951728821,0.0006453054957091808
1,0.9477404356002808,0.9477404356002808,0.9477404356002808,0.0,0.9552180767059326,0.9552180767059326,0.9552180767059326,0.0,0.9618037939071655,0.9618037939071655,0.9618037939071655,0.0,0.9430335760116577,0.9430335760116577,0.9430335760116577,0.0
0,0.9057113528251648,0.9129612445831299,0.9128814935684204,9.944822522811592e-05,0.9483240246772766,0.9540393352508545,0.9524686932563782,1.66776680998737e-05,0.9320358633995056,0.9430140852928162,0.9402002096176147,6.409495108528063e-05,0.9176294207572937,0.9278872013092041,0.9259108304977417,7.281215948751196e-05
0,0.0,0.0,0.0,0.0,0.0,0.0,0.0,0.0,0.0,0.0,0.0,0.0,0.0,0.0,0.0,0.0
1,0.9209899306297302,0.9297508597373962,0.9274333119392395,3.9986527553992346e-05,0.9464920163154602,0.9525102972984314,0.9512671232223511,2.3379287085845135e-05,0.946593701839447,0.9484210014343262,0.94840008020401,6.303121608652873e-06,0.9308772087097168,0.9349538087844849,0.9346262216567993,2.167225284210872e-05
0,0.8925182223320007,0.9304891228675842,0.919754147529602,0.000728073762729764,0.9456616044044495,0.9583238363265991,0.9549717307090759,8.348972914973274e-05,0.9313526153564453,0.951063871383667,0.9463289976119995,0.00021741587261203676,0.9082340598106384,0.9388907551765442,0.9310629963874817,0.0005011633620597422
1,0.912182629108429,0.912182629108429,0.912182629108429,0.0,0.9517542123794556,0.9517542123794556,0.9517542123794556,0.0,0.9442791938781738,0.9442791938781738,0.9442791938781738,0.0,0.9218716621398926,0.9218716621398926,0.9218716621398926,0.0
1,0.881284773349762,0.9345356225967407,0.9113494753837585,0.0006403987645171583,0.9405605792999268,0.9565626382827759,0.9502317309379578,6.815339293098077e-05,0.9225048422813416,0.9562331438064575,0.9489197134971619,0.0003853724047075957,0.9076577425003052,0.9396588206291199,0.9329575896263123,0.00038794492138549685
0,0.9373152256011963,0.9373152256011963,0.9373152256011963,0.0,0.9549100399017334,0.9549100399017334,0.9549100399017334,0.0,0.948935866355896,0.948935866355896,0.948935866355896,0.0,0.9318161606788635,0.9318161606788635,0.9318161606788635,0.0
1,0.9068546295166016,0.9499903917312622,0.9460480809211731,0.0010930802673101425,0.9402478337287903,0.962814211845398,0.9597886204719543,0.0003235182084608823,0.9128817319869995,0.9495749473571777,0.939335286617279,0.0005688072415068746,0.9116241931915283,0.9478950500488281,0.943996787071228,0.0006718844524584711
1,0.8900807499885559,0.9315965175628662,0.9199440479278564,0.0006897331913933158,0.941367506980896,0.9605182409286499,0.9532963037490845,9.525599307380617e-05,0.9218288660049438,0.9512608647346497,0.9440068602561951,0.0003506256907712668,0.9042944312095642,0.9410297870635986,0.930902361869812,0.0005464715650305152
1,0.9302527904510498,0.9302527904510498,0.9302527904510498,0.0,0.9553267955780029,0.9553267955780029,0.9553267955780029,0.0,0.9224315285682678,0.9224315285682678,0.9224315285682678,0.0,0.9316149353981018,0.9316149353981018,0.9316149353981018,0.0
1,0.8677065968513489,0.9352068305015564,0.8993509411811829,0.0007650540792383254,0.9327453374862671,0.9623062610626221,0.9463080167770386,0.0001678099506534636,0.9190166592597961,0.9639074802398682,0.9460040330886841,0.0004591668548528105,0.897296667098999,0.9436026215553284,0.9241609573364258,0.0006111383554525673
0,0.8871192932128906,0.9497464895248413,0.9356276988983154,0.0011317578610032797,0.9410296678543091,0.967405378818512,0.9613280296325684,0.000141120093758218,0.9219076037406921,0.9663811922073364,0.9470095038414001,0.0004678407567553222,0.9011158347129822,0.9541500806808472,0.945075511932373,0.0008050512406043708
1,0.8770486116409302,0.9218738079071045,0.8993416428565979,0.0005605724873021245,0.9368336796760559,0.9474314451217651,0.9465621113777161,7.120697409845889e-05,0.9105676412582397,0.9581266045570374,0.9312080144882202,0.0005604863399639726,0.897391676902771,0.9202656149864197,0.9189514517784119,0.00028707843739539385
1,0.8778233528137207,0.9375272393226624,0.9320465922355652,0.002151598921045661,0.9375190734863281,0.9618967771530151,0.9549804329872131,0.00022222750703804195,0.9188644289970398,0.9560298919677734,0.9518405795097351,0.0008385713445022702,0.9163250923156738,0.9571961760520935,0.9505583047866821,0.0010283186566084623
0,0.8855826258659363,0.9377689361572266,0.9331362247467041,0.0019169029546901584,0.9379810094833374,0.962009072303772,0.9572859406471252,0.00035181143903173506,0.9218469858169556,0.9561009407043457,0.9501780867576599,0.0007058331975713372,0.9087366461753845,0.9466252326965332,0.9413653016090393,0.0008732163114473224
0,0.897265613079071,0.9313317537307739,0.9234328866004944,0.0006700330995954573,0.9397025108337402,0.9546969532966614,0.9508278965950012,0.00011901713878614828,0.9252910614013672,0.9528639316558838,0.9480461478233337,0.0005789743736386299,0.913274347782135,0.9395432472229004,0.9356841444969177,0.0006145781371742487
0,0.8988684415817261,0.9604986906051636,0.9498551487922668,0.002574611222371459,0.9450514912605286,0.9594136476516724,0.9558597803115845,0.00015477885608561337,0.9226816892623901,0.9647971391677856,0.9564211964607239,0.001063042669557035,0.9150571227073669,0.9643694162368774,0.9526184797286987,0.0013696668902412057
1,0.9387814998626709,0.9461308121681213,0.9450364112854004,4.755448389914818e-05,0.9546920657157898,0.9572204351425171,0.9567989110946655,5.089596470497781e-06,0.952078104019165,0.9576292634010315,0.9570541381835938,3.521657708915882e-05,0.9464395046234131,0.9502696394920349,0.949545681476593,1.0346382623538375e-05
1,0.8883452415466309,0.8883452415466309,0.8883452415466309,0.0,0.9303181767463684,0.9303181767463684,0.9303181767463684,0.0,0.8855984210968018,0.8855984210968018,0.8855984210968018,0.0,0.880171000957489,0.880171000957489,0.880171000957489,0.0
1,0.8323220014572144,0.9195117354393005,0.881405770778656,0.001718303537927568,0.9279466271400452,0.9509997367858887,0.9438952803611755,0.00020630742073990405,0.8996391892433167,0.9493001103401184,0.930227518081665,0.0007262988947331905,0.8872348070144653,0.947897732257843,0.9278184771537781,0.0008827949641272426
0,0.8839461207389832,0.9099891185760498,0.8996430039405823,0.00019646213331725448,0.9357743263244629,0.94495689868927,0.9425252079963684,3.2913096219999716e-05,0.9305393695831299,0.9422367811203003,0.9375558495521545,3.924337215721607e-05,0.9064132571220398,0.921007513999939,0.9182206392288208,9.853296069195494e-05
0,0.9392464756965637,0.9392464756965637,0.9392464756965637,0.0,0.9534178972244263,0.9534178972244263,0.9534178972244263,0.0,0.9469278454780579,0.9469278454780579,0.9469278454780579,0.0,0.9356952905654907,0.9356952905654907,0.9356952905654907,0.0
1,0.9107030034065247,0.9465055465698242,0.9377887845039368,0.0007091862498782575,0.9500747323036194,0.9654159545898438,0.9612611532211304,0.0001210143745993264,0.9319788813591003,0.9386281967163086,0.9378424286842346,4.6469122025882825e-05,0.9245703816413879,0.9497796297073364,0.9422605037689209,0.0003177853359375149
1,0.924839437007904,0.924839437007904,0.924839437007904,0.0,0.9550320506095886,0.9550320506095886,0.9550320506095886,0.0,0.9309782981872559,0.9309782981872559,0.9309782981872559,0.0,0.9274429678916931,0.9274429678916931,0.9274429678916931,0.0
0,0.906697690486908,0.9188539385795593,0.9168272614479065,0.00011764080409193411,0.9448375105857849,0.9532510638237,0.9509042501449585,3.591804488678463e-05,0.9257761836051941,0.933442234992981,0.9328516125679016,7.807200745446607e-05,0.9143669605255127,0.9197933673858643,0.9183820486068726,1.5504658222198486e-05
1,0.8498592972755432,0.9264730215072632,0.9127362966537476,0.002781706163659692,0.9307053685188293,0.9560101628303528,0.9508297443389893,0.0004272600344847888,0.9049578309059143,0.9562491178512573,0.939079225063324,0.0009058802388608456,0.8796954154968262,0.9427784085273743,0.927819013595581,0.0014461858663707972
1,0.9273567795753479,0.9273567795753479,0.9273567795753479,0.0,0.9454783797264099,0.9454783797264099,0.9454783797264099,0.0,0.9483117461204529,0.9483117461204529,0.9483117461204529,0.0,0.9269601702690125,0.9269601702690125,0.9269601702690125,0.0
0,0.8970765471458435,0.9108977317810059,0.9094639420509338,0.00021814799401909113,0.9485301971435547,0.9509456157684326,0.9507054686546326,6.8296426434244495e-06,0.9174799919128418,0.9361449480056763,0.9332268238067627,0.0002940149570349604,0.9099919199943542,0.925910234451294,0.9239911437034607,0.000262681016465649
1,0.8955395817756653,0.9289692640304565,0.9194468259811401,0.0005630467203445733,0.9460896849632263,0.9559985399246216,0.9530920386314392,4.9165828386321664e-05,0.9376494288444519,0.9481794238090515,0.9451590776443481,5.576104376814328e-05,0.9125091433525085,0.934252917766571,0.9289737343788147,0.00026218569837510586
1,0.940548837184906,0.940548837184906,0.940548837184906,0.0,0.9480891227722168,0.9480891227722168,0.9480891227722168,0.0,0.9411689639091492,0.9411689639091492,0.9411689639091492,0.0,0.9355089664459229,0.9355089664459229,0.9355089664459229,0.0
1,0.9027729034423828,0.916004478931427,0.912044107913971,8.753840666031465e-05,0.9409875273704529,0.9557889103889465,0.9515742063522339,0.00011038974480470642,0.9161696434020996,0.9232672452926636,0.9221709370613098,4.297212217352353e-05,0.9099562168121338,0.9199345707893372,0.9176406264305115,5.793966192868538e-05
0,0.8986186981201172,0.9285381436347961,0.9213448762893677,0.0002994158130604774,0.9395578503608704,0.9505882263183594,0.9505758285522461,9.500294254394248e-05,0.9361489415168762,0.9570800065994263,0.9549981355667114,0.00018288183491677046,0.9140192866325378,0.939166247844696,0.9325534105300903,0.000193944841157645
1,0.9168201088905334,0.9168201088905334,0.9168201088905334,0.0,0.9498642086982727,0.9498642086982727,0.9498642086982727,0.0,0.9284279346466064,0.9284279346466064,0.9284279346466064,0.0,0.9154856204986572,0.9154856204986572,0.9154856204986572,0.0
0,0.9103944301605225,0.9506292939186096,0.9366545677185059,0.0005264754872769117,0.9463633298873901,0.9635074138641357,0.9568484425544739,8.603274181950837e-05,0.9330715537071228,0.9689955711364746,0.9594194889068604,0.00034307761234231293,0.9236536026000977,0.9593112468719482,0.9442234039306641,0.0002914073702413589
0,0.8880121111869812,0.9397470355033875,0.9243300557136536,0.0013384319609031081,0.9357742667198181,0.9567883014678955,0.9509594440460205,0.00022456167789641768,0.9044192433357239,0.9465064406394958,0.9354989528656006,0.0009293348994106054,0.8928854465484619,0.9413434863090515,0.9270095825195312,0.0011747810058295727
1,0.9424460530281067,0.9424460530281067,0.9424460530281067,0.0,0.95814049243927,0.95814049243927,0.95814049243927,0.0,0.9424113035202026,0.9424113035202026,0.9424113035202026,0.0,0.9444178342819214,0.9444178342819214,0.9444178342819214,0.0
1,0.0,0.0,0.0,0.0,0.0,0.0,0.0,0.0,0.0,0.0,0.0,0.0,0.0,0.0,0.0,0.0
1,0.8803237676620483,0.955233633518219,0.9303334355354309,0.0029092561453580856,0.9372521638870239,0.970899224281311,0.9553995728492737,0.0004815003485418856,0.9159408807754517,0.9680247902870178,0.9499683380126953,0.002128306310623884,0.8977397084236145,0.962797999382019,0.9376752376556396,0.0018043037271127105
0,0.9157864451408386,0.9488946199417114,0.937125027179718,0.0003335918008815497,0.9507319331169128,0.9649525880813599,0.9601156115531921,5.865455023013055e-05,0.928152859210968,0.9596346616744995,0.9495639801025391,0.0003390402707736939,0.9210066795349121,0.9552357196807861,0.9412246942520142,0.00041160822729580104
1,0.9091247320175171,0.9505104422569275,0.9312446713447571,0.0006120229372754693,0.9482303261756897,0.9597475528717041,0.956159234046936,5.213275653659366e-05,0.9353606700897217,0.9606822729110718,0.9502701759338379,0.0001824208884499967,0.9229793548583984,0.9560175538063049,0.9374130368232727,0.00032279183506034315
1,0.8801203370094299,0.9091068506240845,0.9019521474838257,0.0004218191315885633,0.9365304112434387,0.947405219078064,0.9450812935829163,8.058573439484462e-05,0.905201256275177,0.9199365377426147,0.9186034798622131,0.00020086148288100958,0.8852984309196472,0.9099523425102234,0.9038069248199463,0.00022134145547170192
0,0.9110055565834045,0.9399768114089966,0.9293088912963867,0.00021193953580223024,0.9438484311103821,0.9539104104042053,0.9520552754402161,6.703894905513152e-05,0.9272274971008301,0.9592195749282837,0.9461957812309265,0.00026327738305553794,0.9196433424949646,0.9487186670303345,0.9350705146789551,0.000179634167579934
0,0.8964253664016724,0.9510917067527771,0.9291873574256897,0.000618309888523072,0.9440754652023315,0.9613795876502991,0.9575775861740112,0.00010789134103106335,0.9238383173942566,0.9646778702735901,0.9442397952079773,0.0003210317809134722,0.9134600758552551,0.9501770734786987,0.9382979869842529,0.0003794842632487416
0,0.9126853942871094,0.925321102142334,0.9240694046020508,0.00014542392455041409,0.9505426287651062,0.9569916725158691,0.9566938281059265,1.9605922716436908e-05,0.9432258605957031,0.9598777294158936,0.9557534456253052,0.00015283944958355278,0.9350493550300598,0.9501474499702454,0.9461429119110107,9.876597323454916e-05
1,0.9263991117477417,0.9263991117477417,0.9263991117477417,0.0,0.9512215256690979,0.9512215256690979,0.9512215256690979,0.0,0.9373970627784729,0.9373970627784729,0.9373970627784729,0.0,0.9248667359352112,0.9248667359352112,0.9248667359352112,0.0
1,0.8730795979499817,0.9307472705841064,0.9154059290885925,0.0014149006456136703,0.9275016188621521,0.9530073404312134,0.9479877948760986,0.00040736826485954225,0.889228343963623,0.9379287958145142,0.9376093745231628,0.0019072721479460597,0.8831608891487122,0.9351942539215088,0.9305382966995239,0.0016192494658753276
0,0.0,0.0,0.0,0.0,0.0,0.0,0.0,0.0,0.0,0.0,0.0,0.0,0.0,0.0,0.0,0.0
0,0.920541524887085,0.9323208928108215,0.9292382597923279,7.276876567630097e-05,0.9492904543876648,0.960762619972229,0.9581544399261475,7.738275598967448e-05,0.9516358375549316,0.9620981216430664,0.9593627452850342,5.744034206145443e-05,0.9317295551300049,0.9401983618736267,0.9379701018333435,3.7486239307327196e-05
0,0.8874669075012207,0.9148604869842529,0.9077767133712769,0.0003331264015287161,0.9436454772949219,0.9576135873794556,0.9503421187400818,4.0237584471469745e-05,0.931663453578949,0.945019543170929,0.9428039789199829,0.00011055031063733622,0.911872148513794,0.9251038432121277,0.9237486124038696,0.00013233839126769453
0,0.9093628525733948,0.9390915632247925,0.9307357668876648,0.00026216989499516785,0.9539321064949036,0.9673309326171875,0.9605358839035034,3.9842536352807656e-05,0.9444592595100403,0.9626520276069641,0.9538928270339966,7.913501030998304e-05,0.9326931834220886,0.9550386071205139,0.944168210029602,0.00011409717990318313
1,0.8680171370506287,0.9204131364822388,0.9030769467353821,0.0007583919796161354,0.9233941435813904,0.9527609348297119,0.9385609030723572,0.0001995874335989356,0.9055867195129395,0.9477026462554932,0.9365054965019226,0.0005935907829552889,0.9034188389778137,0.9354051351547241,0.9232784509658813,0.0002775152388494462
1,0.8969694972038269,0.9461464881896973,0.940057635307312,0.001122247544117272,0.9428487420082092,0.9644510746002197,0.9601371884346008,0.00016080515342764556,0.9299572706222534,0.9694688320159912,0.9549248218536377,0.0005020461394451559,0.917544960975647,0.9552866816520691,0.9465271830558777,0.0005144281312823296
1,0.9444413185119629,0.9444413185119629,0.9444413185119629,0.0,0.956243097782135,0.956243097782135,0.956243097782135,0.0,0.9406065940856934,0.9406065940856934,0.9406065940856934,0.0,0.9367948770523071,0.9367948770523071,0.9367948770523071,0.0
1,0.9034779667854309,0.9295028448104858,0.9230298399925232,0.0004899139166809618,0.9440032839775085,0.9559206962585449,0.9557386040687561,8.207979408325627e-05,0.9379568099975586,0.9547204971313477,0.9516881704330444,0.0002095874078804627,0.9290443062782288,0.9519491195678711,0.9458218216896057,0.0003199928323738277
1,0.8898923397064209,0.9380310773849487,0.9119183421134949,0.0005186194321140647,0.9427164196968079,0.9553512334823608,0.9503886699676514,6.542596383951604e-05,0.915044903755188,0.9479338526725769,0.944006085395813,0.0003745360008906573,0.9006368517875671,0.9343938231468201,0.9229898452758789,0.00039292199653573334
0,0.8880711793899536,0.9522650837898254,0.9324129223823547,0.001098810345865786,0.9418087601661682,0.9615731835365295,0.9585859775543213,0.00016281535499729216,0.9149305820465088,0.9615117907524109,0.942961573600769,0.0008474367787130177,0.91037517786026,0.9564971327781677,0.9417489171028137,0.0006872063386254013
1,0.9157767295837402,0.9157767295837402,0.9157767295837402,0.0,0.949338436126709,0.949338436126709,0.949338436126709,0.0,0.9189373850822449,0.9189373850822449,0.9189373850822449,0.0,0.9154579639434814,0.9154579639434814,0.9154579639434814,0.0
1,0.9315752387046814,0.9315752387046814,0.9315752387046814,0.0,0.9547607898712158,0.9547607898712158,0.9547607898712158,0.0,0.9460419416427612,0.9460419416427612,0.9460419416427612,0.0,0.9284048676490784,0.9284048676490784,0.9284048676490784,0.0
1,0.883502185344696,0.8922723531723022,0.8917946219444275,0.00011573859228519723,0.9483699798583984,0.9509318470954895,0.9502026438713074,3.3075309602281777e-06,0.923699140548706,0.9400018453598022,0.9356249570846558,0.00013729104830417782,0.9106156826019287,0.9134350419044495,0.9130738377571106,7.888404979894403e-06
1,0.9195229411125183,0.9324880838394165,0.9313783645629883,0.00021283800015226007,0.9460126757621765,0.951429009437561,0.9507983326911926,3.114300125162117e-05,0.9012003540992737,0.9304162859916687,0.9238011837005615,0.0005038036033511162,0.9160113334655762,0.9285854697227478,0.9284725189208984,0.0003022297751158476
0,0.9456917643547058,0.9456917643547058,0.9456917643547058,0.0,0.9543462991714478,0.9543462991714478,0.9543462991714478,0.0,0.9430315494537354,0.9430315494537354,0.9430315494537354,0.0,0.9384031295776367,0.9384031295776367,0.9384031295776367,0.0
0,0.8871265053749084,0.9460180997848511,0.9215335249900818,0.0008555797976441681,0.9404714703559875,0.9592791199684143,0.9542111754417419,0.00013357953866943717,0.8989753723144531,0.950726330280304,0.9357561469078064,0.000958657416049391,0.8930628299713135,0.9482442140579224,0.924197256565094,0.0009678051574155688
1,0.900101363658905,0.900101363658905,0.900101363658905,0.0,0.9382867813110352,0.9382867813110352,0.9382867813110352,0.0,0.8969571590423584,0.8969571590423584,0.8969571590423584,0.0,0.8920598030090332,0.8920598030090332,0.8920598030090332,0.0
0,0.0,0.0,0.0,0.0,0.0,0.0,0.0,0.0,0.0,0.0,0.0,0.0,0.0,0.0,0.0,0.0
1,0.9149949550628662,0.9149949550628662,0.9149949550628662,0.0,0.9468281865119934,0.9468281865119934,0.9468281865119934,0.0,0.9248944520950317,0.9248944520950317,0.9248944520950317,0.0,0.9178759455680847,0.9178759455680847,0.9178759455680847,0.0
1,0.9353837966918945,0.9353837966918945,0.9353837966918945,0.0,0.9591931700706482,0.9591931700706482,0.9591931700706482,0.0,0.9264658689498901,0.9264658689498901,0.9264658689498901,0.0,0.9236088991165161,0.9236088991165161,0.9236088991165161,0.0
1,0.9183667302131653,0.9444369673728943,0.9344647526741028,0.00020721484906971455,0.9462789297103882,0.9607496857643127,0.9508188962936401,2.9860024369554594e-05,0.9356269240379333,0.9569360017776489,0.9504421949386597,0.00015323309344239533,0.9189902544021606,0.9400146007537842,0.9333220720291138,0.00013129788567312062
1,0.9399787783622742,0.9399787783622742,0.9399787783622742,0.0,0.9567635655403137,0.9567635655403137,0.9567635655403137,0.0,0.9539049863815308,0.9539049863815308,0.9539049863815308,0.0,0.9350343942642212,0.9350343942642212,0.9350343942642212,0.0
0,0.0,0.0,0.0,0.0,0.0,0.0,0.0,0.0,0.0,0.0,0.0,0.0,0.0,0.0,0.0,0.0
1,0.857049822807312,0.9574470520019531,0.9091678857803345,0.002055875025689602,0.9290346503257751,0.9739877581596375,0.9538913369178772,0.0004040845378767699,0.862536609172821,0.9651028513908386,0.9189574122428894,0.002473126631230116,0.8899004459381104,0.9632225036621094,0.9341295957565308,0.0013903488870710135
0,0.8663389682769775,0.9263668060302734,0.8955788016319275,0.0005521849961951375,0.932966947555542,0.9601323008537292,0.9462511539459229,0.00013279335689730942,0.9040240049362183,0.9381340742111206,0.9340873956680298,0.0006030294462107122,0.8916468620300293,0.9246698021888733,0.9186292290687561,0.0005525615415535867
1,0.9195942878723145,0.9253508448600769,0.9251728653907776,5.656043140334077e-05,0.9515267014503479,0.9522280693054199,0.9521212577819824,4.2475474515413225e-07,0.932959794998169,0.9404186606407166,0.9401994943618774,9.572179260430858e-05,0.9232627749443054,0.9321557283401489,0.9304192066192627,5.400033842306584e-05
0,0.8337432742118835,0.9026598334312439,0.8879189491271973,0.0029616355895996094,0.923956573009491,0.9539656639099121,0.946517288684845,0.0004905392997898161,0.8991187214851379,0.9180875420570374,0.9153287410736084,0.00032316960277967155,0.8736848831176758,0.8931592106819153,0.8930375576019287,0.0007350544328801334
0,0.9094383120536804,0.9173089265823364,0.9159207344055176,4.675212039728649e-05,0.9479317665100098,0.9540634155273438,0.9531359672546387,3.2662555895512924e-05,0.9281541705131531,0.9355334043502808,0.9346482753753662,5.6648001191206276e-05,0.9229679703712463,0.9265997409820557,0.9264897108078003,2.2585494662052952e-05
0,0.9410298466682434,0.9410298466682434,0.9410298466682434,0.0,0.9556810259819031,0.9556810259819031,0.9556810259819031,0.0,0.9413703680038452,0.9413703680038452,0.9413703680038452,0.0,0.9396064877510071,0.9396064877510071,0.9396064877510071,0.0
1,0.0,0.0,0.0,0.0,0.0,0.0,0.0,0.0,0.0,0.0,0.0,0.0,0.0,0.0,0.0,0.0
1,0.9416106343269348,0.9416106343269348,0.9416106343269348,0.0,0.9604135751724243,0.9604135751724243,0.9604135751724243,0.0,0.9565526843070984,0.9565526843070984,0.9565526843070984,0.0,0.9417052268981934,0.9417052268981934,0.9417052268981934,0.0
0,0.9140244722366333,0.9140244722366333,0.9140244722366333,0.0,0.9372137784957886,0.9372137784957886,0.9372137784957886,0.0,0.9018280506134033,0.9018280506134033,0.9018280506134033,0.0,0.900581419467926,0.900581419467926,0.900581419467926,0.0
0,0.8495049476623535,0.8495049476623535,0.8495049476623535,0.0,0.940037190914154,0.940037190914154,0.940037190914154,0.0,0.8720292448997498,0.8720292448997498,0.8720292448997498,0.0,0.8457921147346497,0.8457921147346497,0.8457921147346497,0.0
1,0.9004841446876526,0.936207115650177,0.9281507730484009,0.0007560348021797836,0.9518547058105469,0.9611669778823853,0.9591981172561646,5.4698361054761335e-05,0.930955708026886,0.9542018175125122,0.9481735825538635,0.00028509440016932786,0.9146687984466553,0.939785361289978,0.9343624114990234,0.0003897671995218843
0,0.8974249958992004,0.8974249958992004,0.8974249958992004,0.0,0.9395285844802856,0.9395285844802856,0.9395285844802856,0.0,0.8836920261383057,0.8836920261383057,0.8836920261383057,0.0,0.888585090637207,0.888585090637207,0.888585090637207,0.0
1,0.9565847516059875,0.9565847516059875,0.9565847516059875,0.0,0.9648309350013733,0.9648309350013733,0.9648309350013733,0.0,0.9600893259048462,0.9600893259048462,0.9600893259048462,0.0,0.961448609828949,0.961448609828949,0.961448609828949,0.0
0,0.9062244892120361,0.9434556365013123,0.9381407499313354,0.00047445649397559464,0.9492110013961792,0.9628862738609314,0.9572756290435791,5.915133806411177e-05,0.9285113215446472,0.9593826532363892,0.9514031410217285,0.0003974858846049756,0.9171404242515564,0.9508394002914429,0.9434513449668884,0.0004010625125374645
1,0.861248791217804,0.9448797702789307,0.9181925654411316,0.0013684239238500595,0.9379153847694397,0.9639772176742554,0.9544411897659302,0.00014488850138150156,0.9185538291931152,0.9600704908370972,0.9449260830879211,0.00037223836989142,0.8931475877761841,0.9488621950149536,0.9291667938232422,0.0006200818461365998
1,0.8737134337425232,0.9259663820266724,0.9070215225219727,0.0009068459039554,0.9365924596786499,0.9558769464492798,0.9496492147445679,0.00016149351722560823,0.9159417748451233,0.9595919251441956,0.9415376782417297,0.0006700576632283628,0.9060246348381042,0.9449898600578308,0.9284283518791199,0.00036592790274880826
1,0.8404595255851746,0.9413673281669617,0.9142797589302063,0.00399073027074337,0.9283231496810913,0.959625780582428,0.9515620470046997,0.00041409124969504774,0.8816537857055664,0.9523137807846069,0.9295883178710938,0.0018959660083055496,0.879192054271698,0.9501523375511169,0.9252021312713623,0.001334846019744873
0,0.0,0.0,0.0,0.0,0.0,0.0,0.0,0.0,0.0,0.0,0.0,0.0,0.0,0.0,0.0,0.0
0,0.9447607398033142,0.9447607398033142,0.9447607398033142,0.0,0.9580989480018616,0.9580989480018616,0.9580989480018616,0.0,0.959307074546814,0.959307074546814,0.959307074546814,0.0,0.9514594674110413,0.9514594674110413,0.9514594674110413,0.0
0,0.9245886206626892,0.9716328978538513,0.9442228078842163,0.00034010273520834744,0.9511361718177795,0.9682278633117676,0.9596306085586548,6.686827691737562e-05,0.9326896667480469,0.9749029874801636,0.9499956369400024,0.00026733678532764316,0.9224380254745483,0.9710002541542053,0.9424711465835571,0.0002895025536417961
1,0.8939560651779175,0.8939560651779175,0.8939560651779175,0.0,0.9385982751846313,0.9385982751846313,0.9385982751846313,0.0,0.9030206799507141,0.9030206799507141,0.9030206799507141,0.0,0.8917396068572998,0.8917396068572998,0.8917396068572998,0.0
1,0.8064578175544739,0.9390364289283752,0.9155964255332947,0.009092667140066624,0.9187347888946533,0.9648252725601196,0.9528793096542358,0.0006997808814048767,0.8620628118515015,0.9478266835212708,0.9381305575370789,0.0034421253949403763,0.8586751222610474,0.9422659277915955,0.9349669218063354,0.0032124097924679518
1,0.9265871047973633,0.9265871047973633,0.9265871047973633,0.0,0.9516353607177734,0.9516353607177734,0.9516353607177734,0.0,0.9307145476341248,0.9307145476341248,0.9307145476341248,0.0,0.9269388318061829,0.9269388318061829,0.9269388318061829,0.0
1,0.941859245300293,0.941859245300293,0.941859245300293,0.0,0.9550658464431763,0.9550658464431763,0.9550658464431763,0.0,0.9524649381637573,0.9524649381637573,0.9524649381637573,0.0,0.9445199966430664,0.9445199966430664,0.9445199966430664,0.0
1,0.9147979617118835,0.9288160800933838,0.9256078600883484,0.00011482930858619511,0.9440024495124817,0.9543997049331665,0.9525097012519836,7.923349767224863e-05,0.923546314239502,0.9389058351516724,0.9362776279449463,0.00018327358702663332,0.924605667591095,0.9327587485313416,0.9305346012115479,3.4056083677569404e-05
1,0.9105169773101807,0.9105169773101807,0.9105169773101807,0.0,0.9347207546234131,0.9347207546234131,0.9347207546234131,0.0,0.8886861801147461,0.8886861801147461,0.8886861801147461,0.0,0.8921881318092346,0.8921881318092346,0.8921881318092346,0.0
0,0.8260090947151184,0.9076540470123291,0.885026752948761,0.003390988102182746,0.9255113005638123,0.9627540111541748,0.9523853063583374,0.0007042883080430329,0.9029335975646973,0.9180716872215271,0.91608726978302,0.0002235500724054873,0.8677389025688171,0.9016122817993164,0.8956217765808105,0.0008637228165753186
0,0.8692996501922607,0.940942645072937,0.9271520376205444,0.0033543272875249386,0.9288857579231262,0.9660037159919739,0.9570857286453247,0.000989794498309493,0.8983604907989502,0.9547896981239319,0.9368139505386353,0.001174209639430046,0.8866333365440369,0.9434727430343628,0.9312173128128052,0.001758857979439199
0,0.9247691631317139,0.9327747821807861,0.9310436844825745,3.954003841499798e-05,0.9536545872688293,0.9603093862533569,0.9589163064956665,2.821033376676496e-05,0.9440953135490417,0.9531758427619934,0.9506958723068237,4.2222487536491826e-05,0.9319441914558411,0.9340689778327942,0.9335590600967407,2.528424147385522e-06
0,0.9335823059082031,0.9335823059082031,0.9335823059082031,0.0,0.9374590516090393,0.9374590516090393,0.9374590516090393,0.0,0.9467906951904297,0.9467906951904297,0.9467906951904297,0.0,0.9280150532722473,0.9280150532722473,0.9280150532722473,0.0
0,0.938524067401886,0.938524067401886,0.938524067401886,0.0,0.9500476717948914,0.9500476717948914,0.9500476717948914,0.0,0.9435153603553772,0.9435153603553772,0.9435153603553772,0.0,0.9374387860298157,0.9374387860298157,0.9374387860298157,0.0
0,0.9299458265304565,0.9299458265304565,0.9299458265304565,0.0,0.9449862837791443,0.9449862837791443,0.9449862837791443,0.0,0.9045000076293945,0.9045000076293945,0.9045000076293945,0.0,0.9126646518707275,0.9126646518707275,0.9126646518707275,0.0
1,0.0,0.0,0.0,0.0,0.0,0.0,0.0,0.0,0.0,0.0,0.0,0.0,0.0,0.0,0.0,0.0
0,0.8875075578689575,0.9337853193283081,0.92164146900177,0.0006864005117677152,0.9427973628044128,0.9618343114852905,0.9526021480560303,6.971567927394062e-05,0.9260435700416565,0.9563995599746704,0.9448971152305603,0.0002669824752956629,0.9137557744979858,0.9465236663818359,0.9388701915740967,0.00035292308893986046
0,0.8748477101325989,0.9310709834098816,0.914561927318573,0.0015826622257009149,0.9242152571678162,0.9606521129608154,0.950522780418396,0.0006745366845279932,0.8755364418029785,0.9315609931945801,0.9158329963684082,0.0015887916088104248,0.822962760925293,0.9263671040534973,0.8967022895812988,0.005376897752285004
0,0.8342366218566895,0.9102041125297546,0.888042151927948,0.0018114487174898386,0.9266284108161926,0.9535129070281982,0.9445488452911377,0.0001975290069822222,0.8622761964797974,0.9289664030075073,0.9225075244903564,0.0019292077049613,0.8630560636520386,0.921851634979248,0.9049712419509888,0.00119664310477674
1,0.9205670356750488,0.9205670356750488,0.9205670356750488,0.0,0.9449367523193359,0.9449367523193359,0.9449367523193359,0.0,0.9354977607727051,0.9354977607727051,0.9354977607727051,0.0,0.915282666683197,0.915282666683197,0.915282666683197,0.0
1,0.9273093342781067,0.9342199563980103,0.9326176047325134,2.7572690669330768e-05,0.9484012722969055,0.9577957391738892,0.9550724625587463,4.427828753250651e-05,0.9360180497169495,0.9485512971878052,0.9453137516975403,8.309000986628234e-05,0.9332466125488281,0.9376832842826843,0.9371026158332825,1.922589035530109e-05
0,0.9129610061645508,0.9340914487838745,0.9306145310401917,0.0003597889735829085,0.9451672434806824,0.9511700868606567,0.9504573345184326,3.7748581235064194e-05,0.9288249611854553,0.9404944181442261,0.9404721260070801,0.0002697621239349246,0.9256957173347473,0.9426618218421936,0.9414263367652893,0.0003915188426617533
0,0.9218946695327759,0.9218946695327759,0.9218946695327759,0.0,0.9541476964950562,0.9541476964950562,0.9541476964950562,0.0,0.9242491722106934,0.9242491722106934,0.9242491722106934,0.0,0.917630672454834,0.917630672454834,0.917630672454834,0.0
1,0.9501221776008606,0.9501221776008606,0.9501221776008606,0.0,0.9603441953659058,0.9603441953659058,0.9603441953659058,0.0,0.9508700370788574,0.9508700370788574,0.9508700370788574,0.0,0.9470846652984619,0.9470846652984619,0.9470846652984619,0.0
1,0.0,0.0,0.0,0.0,0.0,0.0,0.0,0.0,0.0,0.0,0.0,0.0,0.0,0.0,0.0,0.0
1,0.9148014187812805,0.9254744052886963,0.9226923584938049,5.989332203171216e-05,0.9550344347953796,0.9582075476646423,0.9573072791099548,5.078697085991735e-06,0.9517499804496765,0.9599193930625916,0.9579211473464966,3.6783072573598474e-05,0.9306731820106506,0.9373642206192017,0.9364902377128601,4.3791329517262056e-05
0,0.8936038017272949,0.9266077280044556,0.9248368740081787,0.0006202974473126233,0.9525982737541199,0.9606844186782837,0.9592682123184204,3.479775841697119e-05,0.9121274352073669,0.9421796798706055,0.9329012632369995,0.0002781927469186485,0.9038787484169006,0.9246716499328613,0.9241824150085449,0.00023646745830774307
1,0.9092113375663757,0.9168784618377686,0.9166309237480164,9.961208706954494e-05,0.9471887946128845,0.9552241563796997,0.9528310298919678,3.228893911000341e-05,0.9167637825012207,0.9393709897994995,0.9327214956283569,0.0002558356791269034,0.9141837954521179,0.9269793033599854,0.9231789708137512,8.188721403712407e-05
0,0.9258585572242737,0.9387380480766296,0.9350842833518982,8.367562986677513e-05,0.9522900581359863,0.95696622133255,0.9557627439498901,1.1595179785217624e-05,0.9340539574623108,0.9427621364593506,0.9406378269195557,4.188706225249916e-05,0.925905168056488,0.9372810125350952,0.9342987537384033,6.779333489248529e-05
1,0.8580294251441956,0.9409698247909546,0.9280686974525452,0.00723049184307456,0.9361473321914673,0.9644819498062134,0.9565594792366028,0.00043811940122395754,0.9019854664802551,0.9599794745445251,0.9458507299423218,0.002701102988794446,0.8930523991584778,0.9497502446174622,0.9397520422935486,0.00191329640801996
0,0.9340356588363647,0.9340356588363647,0.9340356588363647,0.0,0.9522233009338379,0.9522233009338379,0.9522233009338379,0.0,0.9291009306907654,0.9291009306907654,0.9291009306907654,0.0,0.9294328689575195,0.9294328689575195,0.9294328689575195,0.0
1,0.9344773888587952,0.9344773888587952,0.9344773888587952,0.0,0.9603179097175598,0.9603179097175598,0.9603179097175598,0.0,0.9442207217216492,0.9442207217216492,0.9442207217216492,0.0,0.9337691068649292,0.9337691068649292,0.9337691068649292,0.0
0,0.9433162808418274,0.9433162808418274,0.9433162808418274,0.0,0.9597164392471313,0.9597164392471313,0.9597164392471313,0.0,0.9504112601280212,0.9504112601280212,0.9504112601280212,0.0,0.9395673871040344,0.9395673871040344,0.9395673871040344,0.0
1,0.9352749586105347,0.9352749586105347,0.9352749586105347,0.0,0.957526445388794,0.957526445388794,0.957526445388794,0.0,0.9360764622688293,0.9360764622688293,0.9360764622688293,0.0,0.9368330240249634,0.9368330240249634,0.9368330240249634,0.0
1,0.9522005915641785,0.9522005915641785,0.9522005915641785,0.0,0.9542354345321655,0.9542354345321655,0.9542354345321655,0.0,0.9563431739807129,0.9563431739807129,0.9563431739807129,0.0,0.9498255848884583,0.9498255848884583,0.9498255848884583,0.0
1,0.860852837562561,0.9308925867080688,0.9180925488471985,0.002192119136452675,0.9261433482170105,0.9555124640464783,0.9553064107894897,0.0003697608190122992,0.8860934972763062,0.9299321174621582,0.9178721904754639,0.0009678513742983341,0.8834654688835144,0.925154447555542,0.9206598997116089,0.0009302717517130077
0,0.9018508195877075,0.9193096160888672,0.9150640964508057,0.0001674597879173234,0.9448476433753967,0.9558102488517761,0.9520030617713928,4.765854828292504e-05,0.9198639988899231,0.9562112092971802,0.9430806636810303,0.00045609031803905964,0.917669951915741,0.9381192922592163,0.9315675497055054,0.00016961265646386892
0,0.0,0.0,0.0,0.0,0.0,0.0,0.0,0.0,0.0,0.0,0.0,0.0,0.0,0.0,0.0,0.0
0,0.9193155765533447,0.9193155765533447,0.9193155765533447,0.0,0.9499701261520386,0.9499701261520386,0.9499701261520386,0.0,0.9358630180358887,0.9358630180358887,0.9358630180358887,0.0,0.9274452328681946,0.9274452328681946,0.9274452328681946,0.0
1,0.910592794418335,0.910592794418335,0.910592794418335,0.0,0.9517492055892944,0.9517492055892944,0.9517492055892944,0.0,0.9186373353004456,0.9186373353004456,0.9186373353004456,0.0,0.9087201952934265,0.9087201952934265,0.9087201952934265,0.0
1,0.9391671419143677,0.9391671419143677,0.9391671419143677,0.0,0.9496697783470154,0.9496697783470154,0.9496697783470154,0.0,0.9272902011871338,0.9272902011871338,0.9272902011871338,0.0,0.9270169734954834,0.9270169734954834,0.9270169734954834,0.0
1,0.9265955686569214,0.959108829498291,0.9504037499427795,0.0004251115024089813,0.9492081999778748,0.9639321565628052,0.958724856376648,7.260107668116689e-05,0.9449199438095093,0.9793283939361572,0.9670212864875793,0.00026181055000051856,0.934962809085846,0.9704669713973999,0.9582396745681763,0.0003109891840722412
1,0.0,0.0,0.0,0.0,0.0,0.0,0.0,0.0,0.0,0.0,0.0,0.0,0.0,0.0,0.0,0.0
0,0.9230061173439026,0.9463209509849548,0.9397933483123779,0.0002754237502813339,0.9505770206451416,0.9628820419311523,0.9593431353569031,7.609461317770183e-05,0.9437424540519714,0.9582819938659668,0.9551095962524414,0.00012928016076330096,0.9365673065185547,0.9529180526733398,0.9483221173286438,0.00013526712427847087
1,0.8659572601318359,0.9361868500709534,0.907334566116333,0.0009988746605813503,0.9341662526130676,0.9659194946289062,0.9478804469108582,0.00013787203351967037,0.9122437834739685,0.9660232663154602,0.9359762072563171,0.0004208024183753878,0.9015675783157349,0.9508501887321472,0.9273806810379028,0.00040543079376220703
0,0.9006009697914124,0.9006009697914124,0.9006009697914124,0.0,0.9411696791648865,0.9411696791648865,0.9411696791648865,0.0,0.9096441864967346,0.9096441864967346,0.9096441864967346,0.0,0.8938108682632446,0.8938108682632446,0.8938108682632446,0.0
1,0.8966392278671265,0.8966392278671265,0.8966392278671265,0.0,0.9504021406173706,0.9504021406173706,0.9504021406173706,0.0,0.9142831563949585,0.9142831563949585,0.9142831563949585,0.0,0.9082576632499695,0.9082576632499695,0.9082576632499695,0.0
0,0.9158928990364075,0.9158928990364075,0.9158928990364075,0.0,0.9500467777252197,0.9500467777252197,0.9500467777252197,0.0,0.9005600214004517,0.9005600214004517,0.9005600214004517,0.0,0.8982880711555481,0.8982880711555481,0.8982880711555481,0.0
1,0.9199579358100891,0.9305769205093384,0.9282150864601135,6.769378524040803e-05,0.949277937412262,0.9516221284866333,0.9509650468826294,2.783133595585241e-06,0.9489638805389404,0.956182062625885,0.9554909467697144,6.227738049346954e-05,0.9340751767158508,0.9408280849456787,0.9403979778289795,6.52417293167673e-05
1,0.9493338465690613,0.9568144083023071,0.9557178616523743,4.992946924176067e-05,0.9505562782287598,0.9559820294380188,0.9544588327407837,1.4901280337653589e-05,0.962449312210083,0.9671447277069092,0.9659543633460999,1.181711286335485e-05,0.9574471116065979,0.9590213894844055,0.958983302116394,4.380698101158487e-06
1,0.9126433730125427,0.9312425851821899,0.9272053241729736,0.00021262252994347364,0.9511834979057312,0.9611986875534058,0.9583235383033752,5.04313939018175e-05,0.9459349513053894,0.9564287066459656,0.9534105062484741,5.5340748076559976e-05,0.9297077655792236,0.9490212202072144,0.9444677829742432,0.00021215520973782986
1,0.9081540703773499,0.9143877029418945,0.9139058589935303,5.1549130148487166e-05,0.9488016963005066,0.9493220448493958,0.9492456912994385,2.414374193904223e-07,0.9239649772644043,0.9498969316482544,0.9438316822052002,0.0003852151276078075,0.9143572449684143,0.9477152824401855,0.9377768635749817,0.0005564586608670652
1,0.8994427919387817,0.9483155012130737,0.9286982417106628,0.000907575769815594,0.9433408379554749,0.9680713415145874,0.9552883505821228,0.00016952904115896672,0.9233289957046509,0.9669572114944458,0.9492461085319519,0.0005041159456595778,0.9091053605079651,0.9553467035293579,0.9311311841011047,0.0005335457972250879
0,0.871968686580658,0.9240869283676147,0.9229229092597961,0.0015390625922009349,0.9328463673591614,0.9554614424705505,0.9539701342582703,0.0003106911317445338,0.9073466658592224,0.9641140699386597,0.9527280330657959,0.0011689559323713183,0.9000923037528992,0.9521249532699585,0.9386175274848938,0.0008252699626609683
0,0.900920569896698,0.9211868047714233,0.9201526641845703,0.000318714213790372,0.9478106498718262,0.9519805908203125,0.9513231515884399,1.6301419236697257e-05,0.9423911571502686,0.9542710185050964,0.9536404609680176,0.00013640424003824592,0.9199512600898743,0.9418215155601501,0.939411997795105,0.0003594628069549799
1,0.9327195882797241,0.9327195882797241,0.9327195882797241,0.0,0.9567590355873108,0.9567590355873108,0.9567590355873108,0.0,0.9442991018295288,0.9442991018295288,0.9442991018295288,0.0,0.9394247531890869,0.9394247531890869,0.9394247531890869,0.0
1,0.9189948439598083,0.9267289638519287,0.9262806177139282,8.830686419969425e-05,0.9457771182060242,0.9480853080749512,0.9474108219146729,2.66928782366449e-06,0.9442296624183655,0.9503033757209778,0.9489924907684326,2.2800450096838176e-05,0.93487149477005,0.9411479830741882,0.9399375915527344,2.7235453671892174e-05
1,0.938748836517334,0.938748836517334,0.938748836517334,0.0,0.9636294841766357,0.9636294841766357,0.9636294841766357,0.0,0.9491564035415649,0.9491564035415649,0.9491564035415649,0.0,0.9325240254402161,0.9325240254402161,0.9325240254402161,0.0
0,0.906944751739502,0.9461784362792969,0.9409042596817017,0.0006529636448249221,0.9458197355270386,0.9630268812179565,0.9566806554794312,0.00010299086716258898,0.9344061613082886,0.9656344652175903,0.957427978515625,0.0004749636282213032,0.9232262372970581,0.9559851288795471,0.9537925124168396,0.0005979216075502336
0,0.0,0.0,0.0,0.0,0.0,0.0,0.0,0.0,0.0,0.0,0.0,0.0,0.0,0.0,0.0,0.0
0,0.8729005455970764,0.9231917858123779,0.8961269855499268,0.00037119726766832173,0.9344860911369324,0.9548622369766235,0.9465405941009521,0.00011080184776801616,0.9088749289512634,0.9493853449821472,0.9356028437614441,0.0004051036958117038,0.8895559906959534,0.933154821395874,0.9181919097900391,0.0005072865169495344
0,0.9028952717781067,0.9388183951377869,0.9302397966384888,0.0007257785182446241,0.9513587951660156,0.9614386558532715,0.9594154953956604,6.749547173967585e-05,0.9331178069114685,0.9576960802078247,0.9509689807891846,0.000309010996716097,0.9162208437919617,0.9414065480232239,0.9356594085693359,0.000371677364455536
1,0.902143657207489,0.9152541160583496,0.9116326570510864,8.756067836657166e-05,0.9436259865760803,0.9453623294830322,0.9451514482498169,3.1095798931346508e-06,0.934184730052948,0.9393166303634644,0.9384015798568726,1.966888339666184e-05,0.9145898222923279,0.9234303832054138,0.9215449690818787,4.88763143948745e-05
1,0.9181299805641174,0.9314508438110352,0.9314185976982117,0.00011737316526705399,0.948075532913208,0.9548450708389282,0.9527873992919922,2.4023998776101507e-05,0.9441726207733154,0.9531874656677246,0.951119601726532,5.269471148494631e-05,0.931340217590332,0.9370996952056885,0.9370830059051514,3.391215068404563e-05
1,0.9153810143470764,0.9466052055358887,0.9373316168785095,0.0004876206803601235,0.944179356098175,0.9548754692077637,0.9519934058189392,5.898320159758441e-05,0.9380605816841125,0.9626862406730652,0.9559601545333862,0.00031050489633344114,0.931056559085846,0.9510245323181152,0.945124626159668,0.00019949610577896237
0,0.8964219093322754,0.9342440962791443,0.9241275787353516,0.0004809622187167406,0.9422603249549866,0.9525477886199951,0.9494553208351135,3.5254946851637214e-05,0.9273126721382141,0.9583196043968201,0.945854902267456,0.0002896176010835916,0.9121697545051575,0.9406300783157349,0.9372588992118835,0.0003970616089645773
0,0.8982105255126953,0.9136625528335571,0.9118609428405762,0.00025323766749352217,0.9397377967834473,0.9435977339744568,0.9427917003631592,9.514162229606882e-06,0.9261118769645691,0.9344723224639893,0.9322102069854736,3.595789894461632e-05,0.9132368564605713,0.9225358963012695,0.9213096499443054,8.397673809668049e-05
1,0.918651282787323,0.948765754699707,0.9426475763320923,0.0003926680947188288,0.9501408934593201,0.9612250924110413,0.9577256441116333,3.700143497553654e-05,0.9291111826896667,0.9576226472854614,0.9524601101875305,0.000263100751908496,0.9192798137664795,0.9560458064079285,0.945047914981842,0.00039318299968726933
1,0.919907808303833,0.919907808303833,0.919907808303833,0.0,0.9539735317230225,0.9539735317230225,0.9539735317230225,0.0,0.9166671633720398,0.9166671633720398,0.9166671633720398,0.0,0.9079647660255432,0.9079647660255432,0.9079647660255432,0.0
1,0.9084131717681885,0.9084131717681885,0.9084131717681885,0.0,0.9544309377670288,0.9544309377670288,0.9544309377670288,0.0,0.9165254831314087,0.9165254831314087,0.9165254831314087,0.0,0.9139018058776855,0.9139018058776855,0.9139018058776855,0.0
0,0.878281831741333,0.9378891587257385,0.9215907454490662,0.0012536798603832722,0.9340587854385376,0.9642238020896912,0.9541982412338257,0.0003367401659488678,0.9220452904701233,0.961238443851471,0.9525543451309204,0.0006510854000225663,0.9087021946907043,0.9503663182258606,0.9406218528747559,0.0006769293686375022
0,0.8410075306892395,0.877322793006897,0.8636937141418457,0.0007626658771187067,0.9233381152153015,0.9368873834609985,0.9350957274436951,0.00010824618220794946,0.9065302610397339,0.9396647214889526,0.9307862520217896,0.0005217675934545696,0.8931808471679688,0.9158009886741638,0.9113243222236633,0.000305342604406178
1,0.9350486397743225,0.9350486397743225,0.9350486397743225,0.0,0.9458750486373901,0.9458750486373901,0.9458750486373901,0.0,0.9422174096107483,0.9422174096107483,0.9422174096107483,0.0,0.9267867207527161,0.9267867207527161,0.9267867207527161,0.0
0,0.8523765206336975,0.9004536271095276,0.8983001708984375,0.0010376530699431896,0.9292618036270142,0.9448370933532715,0.939966082572937,0.00013825998757965863,0.9188924431800842,0.9598621129989624,0.9501498937606812,0.0006735876086167991,0.8930731415748596,0.9439277052879333,0.9339215755462646,0.000995452981442213
0,0.885046660900116,0.9337900876998901,0.9337356686592102,0.002226764103397727,0.9460160136222839,0.9594424962997437,0.9586628079414368,0.0001320669980486855,0.914762020111084,0.9636947512626648,0.9609725475311279,0.0018368667224422097,0.9138097167015076,0.9468775987625122,0.9459758996963501,0.0010074262972921133
1,0.9212448596954346,0.9212448596954346,0.9212448596954346,0.0,0.9518686532974243,0.9518686532974243,0.9518686532974243,0.0,0.9187484383583069,0.9187484383583069,0.9187484383583069,0.0,0.9196425080299377,0.9196425080299377,0.9196425080299377,0.0
0,0.8506601452827454,0.9050813317298889,0.9046345949172974,0.00253690080717206,0.936618447303772,0.9559062123298645,0.951533317565918,0.00017349184781778604,0.9162936210632324,0.9437670707702637,0.9375618100166321,0.00044808178790844977,0.9023687243461609,0.9312516450881958,0.9239873886108398,0.00036266347160562873
1,0.0,0.0,0.0,0.0,0.0,0.0,0.0,0.0,0.0,0.0,0.0,0.0,0.0,0.0,0.0,0.0
0,0.0,0.0,0.0,0.0,0.0,0.0,0.0,0.0,0.0,0.0,0.0,0.0,0.0,0.0,0.0,0.0
1,0.9008609652519226,0.9328508973121643,0.9265038967132568,0.0006877198466099799,0.9372941851615906,0.9471944570541382,0.9468263387680054,0.0001618439273443073,0.9283487200737,0.9487308263778687,0.9459797739982605,0.00039627813384868205,0.9166890978813171,0.9351129531860352,0.9337286353111267,0.00045577320270240307
1,0.8950405716896057,0.8950405716896057,0.8950405716896057,0.0,0.9248852133750916,0.9248852133750916,0.9248852133750916,0.0,0.8856885433197021,0.8856885433197021,0.8856885433197021,0.0,0.8815476894378662,0.8815476894378662,0.8815476894378662,0.0
0,0.9030580520629883,0.9536421298980713,0.9306297302246094,0.0005452862824313343,0.9467991590499878,0.9621526002883911,0.9586848616600037,6.669613503618166e-05,0.9205179214477539,0.9668708443641663,0.9498893618583679,0.000551026314496994,0.9077447652816772,0.9627134799957275,0.9395714402198792,0.0005778242484666407
1,0.9365435242652893,0.9365435242652893,0.9365435242652893,0.0,0.9589639902114868,0.9589639902114868,0.9589639902114868,0.0,0.9573349952697754,0.9573349952697754,0.9573349952697754,0.0,0.9424511790275574,0.9424511790275574,0.9424511790275574,0.0
0,0.9242474436759949,0.9280120134353638,0.9277838468551636,2.062250678136479e-05,0.9510023593902588,0.9523348808288574,0.9520238041877747,1.0187869747824152e-06,0.9417234063148499,0.9454289078712463,0.9444739818572998,7.274599283846328e-06,0.9306408762931824,0.9365333914756775,0.9352508783340454,2.1286001356202178e-05
0,0.9051544666290283,0.9321503639221191,0.9267635345458984,0.00024257879704236984,0.9434769153594971,0.957125186920166,0.9517108798027039,4.3520700273802504e-05,0.926268994808197,0.9493299722671509,0.9410029649734497,0.00017296661098953336,0.9188710451126099,0.9403817653656006,0.9313771724700928,0.00014421131345443428
1,0.0,0.0,0.0,0.0,0.0,0.0,0.0,0.0,0.0,0.0,0.0,0.0,0.0,0.0,0.0,0.0
0,0.9076182842254639,0.9220550656318665,0.9185811281204224,0.0001164541463367641,0.9520055651664734,0.9618921875953674,0.9589441418647766,4.88782134198118e-05,0.9359602928161621,0.9460071921348572,0.9431962966918945,5.1158975111320615e-05,0.9259216785430908,0.9285213947296143,0.9283685088157654,9.93208959698677e-06
1,0.8824937343597412,0.8871316313743591,0.8869585990905762,3.5494420444592834e-05,0.9398675560951233,0.9433032870292664,0.94325852394104,2.210394995927345e-05,0.904327392578125,0.9077256917953491,0.9070700407028198,7.980538612173405e-06,0.899952232837677,0.903803288936615,0.9028034210205078,7.817857294867281e-06
1,0.9108759760856628,0.9521195292472839,0.938363254070282,0.0005051454063504934,0.9480070471763611,0.9612586498260498,0.9575676321983337,6.448921340052038e-05,0.921795129776001,0.9627246856689453,0.9469289183616638,0.0004388350935187191,0.9202746152877808,0.9549505114555359,0.9443479776382446,0.00036133744288235903
0,0.9236186146736145,0.9240429997444153,0.9239481091499329,1.075465192457159e-07,0.9507191181182861,0.9523589015007019,0.9521234035491943,2.4403241241088836e-06,0.9370112419128418,0.9442458748817444,0.9435858130455017,6.418858538381755e-05,0.9283738732337952,0.9368860721588135,0.9348404407501221,4.053004158777185e-05
1,0.9276241660118103,0.9276241660118103,0.9276241660118103,0.0,0.9569658041000366,0.9569658041000366,0.9569658041000366,0.0,0.9354243278503418,0.9354243278503418,0.9354243278503418,0.0,0.9334234595298767,0.9334234595298767,0.9334234595298767,0.0
1,0.8990764617919922,0.9367173314094543,0.9278823733329773,0.00036162411561235785,0.9367654919624329,0.9569870233535767,0.9508782625198364,9.899885480990633e-05,0.9133024215698242,0.9507260322570801,0.9424172043800354,0.0004677432298194617,0.9048184752464294,0.9466584920883179,0.9372016787528992,0.0005759450141340494
0,0.9283325672149658,0.9399521946907043,0.9380414485931396,0.00010886033851420507,0.9522266387939453,0.9576715230941772,0.9564447402954102,1.7580594430910423e-05,0.9463374018669128,0.9573799967765808,0.955298900604248,8.625347254564986e-05,0.9375789165496826,0.9499089121818542,0.9470032453536987,8.650461677461863e-05
0,0.8519074320793152,0.9140381217002869,0.9058260917663574,0.0026071183383464813,0.9324122071266174,0.9509558081626892,0.9487636089324951,0.00027887997566722333,0.9121726155281067,0.9427995681762695,0.9371628761291504,0.0006659324280917645,0.8978099226951599,0.9271688461303711,0.9248514175415039,0.0008367397822439671
1,0.8867828249931335,0.955291748046875,0.9187710881233215,0.0008347336552105844,0.9409252405166626,0.9593908786773682,0.9508331418037415,6.0284495702944696e-05,0.9124293327331543,0.9681582450866699,0.9398573040962219,0.0005618995055556297,0.8971872925758362,0.9620871543884277,0.9279156923294067,0.0006676017655991018
0,0.8746721148490906,0.8937826752662659,0.8913233280181885,0.00036123848985880613,0.9298798441886902,0.9342736005783081,0.933283805847168,1.144950874731876e-05,0.8935914039611816,0.9045588970184326,0.9042325019836426,0.00020655237312894315,0.8929672241210938,0.8990551829338074,0.8979739546775818,2.7786858481704257e-05
1,0.8978678584098816,0.9272396564483643,0.9258468747138977,0.0006921442109160125,0.9455119371414185,0.9535196423530579,0.9487666487693787,1.624695141799748e-05,0.9147116541862488,0.9372318983078003,0.9326327443122864,0.00020198276615701616,0.9094378352165222,0.9277456402778625,0.922819197177887,0.0001665006420807913
1,0.8778958320617676,0.906126081943512,0.8993104100227356,0.00044403632637113333,0.9434667229652405,0.9457899332046509,0.9453296661376953,3.632309699241887e-06,0.9122770428657532,0.9303346276283264,0.9265906810760498,0.0002097066753776744,0.8942973017692566,0.9197355508804321,0.9126326441764832,0.0003282072430010885
1,0.9147780537605286,0.9381257891654968,0.9351158738136292,0.00018113057012669742,0.9435094594955444,0.9604583978652954,0.9563770294189453,7.737631676718593e-05,0.9387643933296204,0.9603371024131775,0.9526101350784302,0.00020429815049283206,0.9206962585449219,0.9402848482131958,0.936759889125824,0.00023529326426796615
0,0.891503632068634,0.9110417366027832,0.9095728397369385,0.0002808692224789411,0.9415906071662903,0.9493705034255981,0.9488648772239685,5.5515800340799615e-05,0.9237720966339111,0.9417668581008911,0.9381598830223083,0.0001592335174791515,0.915432870388031,0.9264941215515137,0.9238286018371582,9.108730591833591e-05
0,0.9461469650268555,0.9461469650268555,0.9461469650268555,0.0,0.9667454361915588,0.9667454361915588,0.9667454361915588,0.0,0.9501394033432007,0.9501394033432007,0.9501394033432007,0.0,0.9433078169822693,0.9433078169822693,0.9433078169822693,0.0
0,0.8964746594429016,0.9080547094345093,0.9073659181594849,7.433997961925343e-05,0.948270320892334,0.9522445797920227,0.9517354965209961,8.319378139276523e-06,0.9439572691917419,0.958338737487793,0.9545121788978577,9.497683640802279e-05,0.9296257495880127,0.9422662854194641,0.9375501871109009,4.832768172491342e-05
1,0.8685489892959595,0.8685489892959595,0.8685489892959595,0.0,0.9198629260063171,0.9198629260063171,0.9198629260063171,0.0,0.8493906259536743,0.8493906259536743,0.8493906259536743,0.0,0.8532317280769348,0.8532317280769348,0.8532317280769348,0.0
1,0.9335805773735046,0.9471023082733154,0.9430632591247559,9.142368799075484e-05,0.9571223258972168,0.958782434463501,0.9586284160614014,3.3508852084196405e-06,0.9548222422599792,0.9619497656822205,0.9612855315208435,6.161522469483316e-05,0.9412343502044678,0.9490393996238708,0.9475007653236389,4.120333687751554e-05
1,0.9084731340408325,0.9084731340408325,0.9084731340408325,0.0,0.9313977956771851,0.9313977956771851,0.9313977956771851,0.0,0.8924423456192017,0.8924423456192017,0.8924423456192017,0.0,0.892255425453186,0.892255425453186,0.892255425453186,0.0
0,0.8734554648399353,0.9177452325820923,0.904773473739624,0.000982447061687708,0.9275693893432617,0.9459887742996216,0.9416042566299438,0.00019134739704895765,0.8890171647071838,0.9055539965629578,0.9046435356140137,0.0004101851081941277,0.879185676574707,0.8938434720039368,0.8931069374084473,0.00033078447449952364
1,0.9170247912406921,0.9170247912406921,0.9170247912406921,0.0,0.9483650922775269,0.9483650922775269,0.9483650922775269,0.0,0.9175318479537964,0.9175318479537964,0.9175318479537964,0.0,0.9129709601402283,0.9129709601402283,0.9129709601402283,0.0
1,0.9107165336608887,0.9107165336608887,0.9107165336608887,0.0,0.9456596374511719,0.9456596374511719,0.9456596374511719,0.0,0.916442334651947,0.916442334651947,0.916442334651947,0.0,0.9051721692085266,0.9051721692085266,0.9051721692085266,0.0
1,0.8787238597869873,0.8978636860847473,0.8959369659423828,0.00042576470877975225,0.9394657015800476,0.9477990865707397,0.9468650817871094,7.559409277746454e-05,0.9212940335273743,0.9297727346420288,0.929550290107727,0.0001257422991329804,0.8955333828926086,0.9134894609451294,0.9115634560585022,0.00036083077429793775
0,0.8780577778816223,0.9071732759475708,0.8990409970283508,0.00042990176007151604,0.9439738392829895,0.9516947865486145,0.950245201587677,4.23256860813126e-05,0.9133599400520325,0.9288052320480347,0.9241966605186462,0.00011928955791518092,0.8851671814918518,0.9132829308509827,0.9054800271987915,0.0004019005282316357
0,0.8535534739494324,0.9292452335357666,0.9069406390190125,0.0028673300985246897,0.9242703318595886,0.9585667848587036,0.9492706656455994,0.0006045510526746511,0.9047093987464905,0.9549479484558105,0.9405985474586487,0.0012706475099548697,0.8832729458808899,0.9420621991157532,0.9251955151557922,0.0017379714408889413
0,0.9073725938796997,0.9073725938796997,0.9073725938796997,0.0,0.9346452951431274,0.9346452951431274,0.9346452951431274,0.0,0.9090114235877991,0.9090114235877991,0.9090114235877991,0.0,0.9040746092796326,0.9040746092796326,0.9040746092796326,0.0
0,0.9252805113792419,0.9252805113792419,0.9252805113792419,0.0,0.9540135860443115,0.9540135860443115,0.9540135860443115,0.0,0.9327952861785889,0.9327952861785889,0.9327952861785889,0.0,0.9168820381164551,0.9168820381164551,0.9168820381164551,0.0
1,0.883184552192688,0.9543452858924866,0.9275554418563843,0.0012417053803801537,0.9407034516334534,0.9618382453918457,0.9535001516342163,0.0001241200661752373,0.8962303400039673,0.963554859161377,0.9196301102638245,0.0006672785384580493,0.8966689109802246,0.9526065587997437,0.925154447555542,0.0004968901630491018
0,0.8516449928283691,0.9126488566398621,0.8998017311096191,0.0018693626625463367,0.9354515671730042,0.9547584652900696,0.9481863975524902,0.00015192340651992708,0.9040927290916443,0.9381746053695679,0.9325318336486816,0.0006106575601734221,0.8826845288276672,0.9206464886665344,0.9176795482635498,0.0008341636857949197
0,0.9435901641845703,0.9435901641845703,0.9435901641845703,0.0,0.9668945074081421,0.9668945074081421,0.9668945074081421,0.0,0.9480162858963013,0.9480162858963013,0.9480162858963013,0.0,0.949975848197937,0.949975848197937,0.949975848197937,0.0
0,0.8950932621955872,0.9109658002853394,0.9065060615539551,0.00012748914014082402,0.93638014793396,0.9427729845046997,0.9414880871772766,2.7111602321383543e-05,0.9170247912406921,0.9326441287994385,0.9305428862571716,0.00023331773991230875,0.9052255749702454,0.9162521958351135,0.9153922200202942,0.00016067118849605322
1,0.9433150291442871,0.9433150291442871,0.9433150291442871,0.0,0.9559766054153442,0.9559766054153442,0.9559766054153442,0.0,0.9463939070701599,0.9463939070701599,0.9463939070701599,0.0,0.9417736530303955,0.9417736530303955,0.9417736530303955,0.0
1,0.8563854098320007,0.8982055187225342,0.8857337236404419,0.0005707672680728137,0.9320642352104187,0.9409366846084595,0.9388774633407593,2.8890688554383814e-05,0.9250127673149109,0.9430570006370544,0.9376978874206543,0.00013804776244796813,0.8924992680549622,0.9229989647865295,0.9105103015899658,0.00023218033311422914
0,0.8913589119911194,0.9060209393501282,0.9023903012275696,0.00011731701670214534,0.9406787753105164,0.9483827948570251,0.9473506212234497,5.694114952348173e-05,0.913729190826416,0.9207329750061035,0.9206724166870117,9.392789797857404e-05,0.8983810544013977,0.9095665812492371,0.9073070287704468,8.258124580606818e-05
0,0.8980138897895813,0.910653829574585,0.9082347750663757,0.00011129953054478392,0.942179262638092,0.9481598138809204,0.9464605450630188,1.8033411834039725e-05,0.9135892391204834,0.9397119879722595,0.9329703450202942,0.0003611883439589292,0.9068756699562073,0.9294373989105225,0.9235653281211853,0.0002679095487110317
1,0.8977612853050232,0.9217363595962524,0.9161287546157837,0.00020130386110395193,0.9473190307617188,0.9535889625549316,0.9532049894332886,2.1459180061356165e-05,0.9128754734992981,0.9201468825340271,0.9195458889007568,3.342512354720384e-05,0.9078524112701416,0.9187040328979492,0.9163092374801636,5.20553148817271e-05
1,0.0,0.0,0.0,0.0,0.0,0.0,0.0,0.0,0.0,0.0,0.0,0.0,0.0,0.0,0.0,0.0
1,0.0,0.0,0.0,0.0,0.0,0.0,0.0,0.0,0.0,0.0,0.0,0.0,0.0,0.0,0.0,0.0
1,0.9038539528846741,0.9038539528846741,0.9038539528846741,0.0,0.9379937648773193,0.9379937648773193,0.9379937648773193,0.0,0.8928970098495483,0.8928970098495483,0.8928970098495483,0.0,0.8965616822242737,0.8965616822242737,0.8965616822242737,0.0
0,0.866295576095581,0.93285071849823,0.918286919593811,0.001517691183835268,0.9287936091423035,0.9560170769691467,0.9533685445785522,0.00030603454797528684,0.9109742641448975,0.9463026523590088,0.940691351890564,0.0007638513925485313,0.8944340944290161,0.9367857575416565,0.9264273643493652,0.0007382144685834646
0,0.9273223876953125,0.9273223876953125,0.9273223876953125,0.0,0.952107310295105,0.952107310295105,0.952107310295105,0.0,0.9465055465698242,0.9465055465698242,0.9465055465698242,0.0,0.9309448003768921,0.9309448003768921,0.9309448003768921,0.0
0,0.889167308807373,0.92400723695755,0.9152171611785889,0.0006529433303512633,0.9473724365234375,0.9518343210220337,0.9517136216163635,3.467368151177652e-05,0.9174723029136658,0.9488641023635864,0.9396466016769409,0.0004933903110213578,0.9098475575447083,0.9400651454925537,0.9310107827186584,0.0004565527196973562
1,0.9255445003509521,0.9431715607643127,0.9389562606811523,0.00017454034241382033,0.9457135200500488,0.9502080082893372,0.9494758248329163,1.642736970097758e-05,0.9490933418273926,0.9507122039794922,0.9506930708885193,4.938227448292309e-06,0.937993049621582,0.9465963840484619,0.944076418876648,3.707081850734539e-05
1,0.8856666684150696,0.8962535858154297,0.8953964710235596,7.502972584916279e-05,0.9467304348945618,0.9503594636917114,0.9499558210372925,9.746846444613766e-06,0.9406833648681641,0.9500906467437744,0.9497445225715637,6.363051215885207e-05,0.9090769290924072,0.9232432246208191,0.9183516502380371,6.603603105759248e-05
1,0.8558714389801025,0.8655828833580017,0.8648885488510132,0.00012922851601615548,0.9272689819335938,0.9369087219238281,0.9343374967575073,4.817601802642457e-05,0.9048306941986084,0.9056634902954102,0.9055216908454895,5.413974122348009e-07,0.8843715190887451,0.888775110244751,0.8881027102470398,1.6708845578250475e-05
1,0.8471095561981201,0.9455595016479492,0.9086196422576904,0.0033130033407360315,0.9232878684997559,0.9558141231536865,0.9477981925010681,0.0005982815637253225,0.8945962190628052,0.9550697803497314,0.9290214776992798,0.0009599569602869451,0.8812689185142517,0.9400433301925659,0.919348955154419,0.000845469709020108
0,0.7803421020507812,0.9760150909423828,0.91893070936203,0.01048609334975481,0.9153645634651184,0.9895209670066833,0.9594953656196594,0.000942206708714366,0.8817057013511658,0.9959347248077393,0.9701100587844849,0.0029866397380828857,0.8715006709098816,0.9952806234359741,0.9601482152938843,0.0032839456107467413
1,0.8811230659484863,0.9349461793899536,0.9098057746887207,0.0006153338472358882,0.939477264881134,0.9594830870628357,0.9508253335952759,0.00011944584548473358,0.9009730815887451,0.9461852312088013,0.9229961633682251,0.0004135310009587556,0.8962007164955139,0.9404772520065308,0.9224270582199097,0.00040277306106872857
0,0.0,0.0,0.0,0.0,0.0,0.0,0.0,0.0,0.0,0.0,0.0,0.0,0.0,0.0,0.0,0.0
1,0.9182862043380737,0.9182862043380737,0.9182862043380737,0.0,0.9511066675186157,0.9511066675186157,0.9511066675186157,0.0,0.9453123211860657,0.9453123211860657,0.9453123211860657,0.0,0.9248867630958557,0.9248867630958557,0.9248867630958557,0.0
1,0.8964614272117615,0.9171148538589478,0.9127321243286133,0.0002680843754205853,0.9426420331001282,0.9539238810539246,0.9505828619003296,6.367188325384632e-05,0.9299482703208923,0.9366171360015869,0.9346973299980164,2.2345871911966242e-05,0.9076299071311951,0.9230064749717712,0.9186992049217224,0.0001197768360725604
1,0.9100370407104492,0.9585511684417725,0.931414008140564,0.00046780938282608986,0.9487487077713013,0.9631307125091553,0.9609444737434387,7.43758719181642e-05,0.9210611581802368,0.967705249786377,0.9385631680488586,0.000372825947124511,0.9126905202865601,0.9600075483322144,0.930779218673706,0.0003728849987965077
0,0.8610124588012695,0.895944356918335,0.8946009278297424,0.0008000996895134449,0.9275374412536621,0.9467960596084595,0.9411932229995728,0.00016339594731107354,0.9095120429992676,0.9404135942459106,0.9398677945137024,0.000738589558750391,0.8908789753913879,0.9277626276016235,0.9265785217285156,0.0008906922303140163
1,0.9297531843185425,0.9297531843185425,0.9297531843185425,0.0,0.9528341293334961,0.9528341293334961,0.9528341293334961,0.0,0.9430301189422607,0.9430301189422607,0.9430301189422607,0.0,0.9375658631324768,0.9375658631324768,0.9375658631324768,0.0
1,0.9275594353675842,0.9275594353675842,0.9275594353675842,0.0,0.9649415016174316,0.9649415016174316,0.9649415016174316,0.0,0.9443459510803223,0.9443459510803223,0.9443459510803223,0.0,0.931989848613739,0.931989848613739,0.931989848613739,0.0
1,0.8778640031814575,0.93217933177948,0.9087789058685303,0.0011308972025290132,0.9391595721244812,0.954626739025116,0.9511815905570984,0.00010780953743960708,0.9225625395774841,0.9571581482887268,0.9414971470832825,0.00033001057454384863,0.9087595343589783,0.9440528750419617,0.9260276556015015,0.0003445189504418522
0,0.8910748958587646,0.8990276455879211,0.8968688249588013,3.248166831326671e-05,0.9429983496665955,0.9459155797958374,0.9454030990600586,6.447496616601711e-06,0.9192348122596741,0.9303434491157532,0.9290632009506226,0.00013189988385420293,0.9080689549446106,0.9115726351737976,0.9112403988838196,1.4750596164958552e-05
1,0.9279589056968689,0.9279589056968689,0.9279589056968689,0.0,0.9514237642288208,0.9514237642288208,0.9514237642288208,0.0,0.9329012036323547,0.9329012036323547,0.9329012036323547,0.0,0.926934003829956,0.926934003829956,0.926934003829956,0.0
0,0.9481810331344604,0.9481810331344604,0.9481810331344604,0.0,0.9627001881599426,0.9627001881599426,0.9627001881599426,0.0,0.9481091499328613,0.9481091499328613,0.9481091499328613,0.0,0.9469791054725647,0.9469791054725647,0.9469791054725647,0.0
1,0.9154399633407593,0.9154399633407593,0.9154399633407593,0.0,0.9451925754547119,0.9451925754547119,0.9451925754547119,0.0,0.9204667806625366,0.9204667806625366,0.9204667806625366,0.0,0.9152733087539673,0.9152733087539673,0.9152733087539673,0.0
0,0.0,0.0,0.0,0.0,0.0,0.0,0.0,0.0,0.0,0.0,0.0,0.0,0.0,0.0,0.0,0.0
0,0.9333288669586182,0.9333288669586182,0.9333288669586182,0.0,0.9574869871139526,0.9574869871139526,0.9574869871139526,0.0,0.9397231340408325,0.9397231340408325,0.9397231340408325,0.0,0.9320562481880188,0.9320562481880188,0.9320562481880188,0.0
1,0.0,0.0,0.0,0.0,0.0,0.0,0.0,0.0,0.0,0.0,0.0,0.0,0.0,0.0,0.0,0.0
0,0.9043627381324768,0.9043627381324768,0.9043627381324768,0.0,0.9525681734085083,0.9525681734085083,0.9525681734085083,0.0,0.92241370677948,0.92241370677948,0.92241370677948,0.0,0.909831166267395,0.909831166267395,0.909831166267395,0.0
0,0.9225348234176636,0.941190779209137,0.9336636066436768,0.00012377793609630316,0.9490671157836914,0.9552257061004639,0.9514890909194946,6.927270533196861e-06,0.9288257360458374,0.9487841129302979,0.9434598088264465,0.00022857279691379517,0.924569308757782,0.9416528940200806,0.9412904977798462,0.0002588510396890342
1,0.898657500743866,0.9222588539123535,0.917526125907898,0.00037037269794382155,0.9370867609977722,0.9572532176971436,0.9519370198249817,0.00021231667778920382,0.9299772381782532,0.9420422911643982,0.9388715624809265,7.613892375957221e-05,0.9139204025268555,0.9353111386299133,0.9297872185707092,0.0002420828677713871
0,0.9105612635612488,0.9539382457733154,0.9425893425941467,0.0009869402274489403,0.9461116194725037,0.9666650295257568,0.9605371356010437,0.00021124597697053105,0.9271572232246399,0.9404155015945435,0.938788890838623,0.00017999696137849241,0.9214279651641846,0.95274817943573,0.9438360333442688,0.0004943826352246106
0,0.9101026654243469,0.9278640747070312,0.9258952736854553,0.00034584911190904677,0.9534409642219543,0.9629054069519043,0.9603211879730225,4.587251532939263e-05,0.9493176341056824,0.9560431838035583,0.9553079009056091,5.002439138479531e-05,0.9273778796195984,0.9414183497428894,0.9404099583625793,0.00026963953860104084
1,0.92573082447052,0.92573082447052,0.92573082447052,0.0,0.9570019245147705,0.9570019245147705,0.9570019245147705,0.0,0.9109556674957275,0.9109556674957275,0.9109556674957275,0.0,0.9235541224479675,0.9235541224479675,0.9235541224479675,0.0
1,0.9316735863685608,0.9316735863685608,0.9316735863685608,0.0,0.9510250091552734,0.9510250091552734,0.9510250091552734,0.0,0.9178811311721802,0.9178811311721802,0.9178811311721802,0.0,0.9160053730010986,0.9160053730010986,0.9160053730010986,0.0
0,0.8748422265052795,0.9357210397720337,0.9163063764572144,0.0013900790363550186,0.9276861548423767,0.9566048383712769,0.9495784044265747,0.00040763861034065485,0.8879783153533936,0.9379287958145142,0.9366384744644165,0.0018680364592000842,0.8842315077781677,0.9398082494735718,0.9328453540802002,0.001636357861571014
1,0.9004871845245361,0.9101244807243347,0.9083724617958069,6.806769670220092e-05,0.9385029673576355,0.941779613494873,0.9408519268035889,5.419154604169307e-06,0.9376345276832581,0.9413723349571228,0.9404584169387817,7.702483344473876e-06,0.9147229194641113,0.9179994463920593,0.9173197746276855,6.901223969180137e-06
0,0.8946330547332764,0.9418574571609497,0.9288597106933594,0.0012955942656844854,0.9398283958435059,0.9600054025650024,0.952987790107727,0.0001670304627623409,0.9161067605018616,0.9497374296188354,0.9371911287307739,0.00045921397395431995,0.9094981551170349,0.9485940337181091,0.9323223233222961,0.0006072173127904534
0,0.8255681991577148,0.9434807300567627,0.9019379615783691,0.0022382650058716536,0.9213141202926636,0.9542902708053589,0.9433783292770386,0.00024790942552499473,0.9076554775238037,0.9605723023414612,0.9357394576072693,0.0005347430123947561,0.8869150280952454,0.9415872097015381,0.9270026087760925,0.0007613281486555934
1,0.8961540460586548,0.9410022497177124,0.9339326024055481,0.000588537659496069,0.9459750056266785,0.9668517112731934,0.9573606252670288,7.214480137918144e-05,0.910584568977356,0.9452637434005737,0.934093713760376,0.00031736650271341205,0.9025700688362122,0.9419816732406616,0.9340405464172363,0.00043832743540406227
1,0.8586071133613586,0.9379562139511108,0.9308498501777649,0.003389867953956127,0.9366301894187927,0.9559093713760376,0.950934648513794,0.00022141981753520668,0.9014680981636047,0.9566962718963623,0.9493377804756165,0.0013992112362757325,0.886835515499115,0.9439301490783691,0.9346663355827332,0.00123123312368989
0,0.9046351313591003,0.9046351313591003,0.9046351313591003,0.0,0.9518094062805176,0.9518094062805176,0.9518094062805176,0.0,0.9024342894554138,0.9024342894554138,0.9024342894554138,0.0,0.9083885550498962,0.9083885550498962,0.9083885550498962,0.0
1,0.8952083587646484,0.8952083587646484,0.8952083587646484,0.0,0.9413402080535889,0.9413402080535889,0.9413402080535889,0.0,0.9213361740112305,0.9213361740112305,0.9213361740112305,0.0,0.9052438139915466,0.9052438139915466,0.9052438139915466,0.0
0,0.9323115944862366,0.9323115944862366,0.9323115944862366,0.0,0.9556223154067993,0.9556223154067993,0.9556223154067993,0.0,0.9313439130783081,0.9313439130783081,0.9313439130783081,0.0,0.9209560751914978,0.9209560751914978,0.9209560751914978,0.0
0,0.9398431777954102,0.9398431777954102,0.9398431777954102,0.0,0.9559364318847656,0.9559364318847656,0.9559364318847656,0.0,0.923906147480011,0.923906147480011,0.923906147480011,0.0,0.932106614112854,0.932106614112854,0.932106614112854,0.0
1,0.829491913318634,0.9009789824485779,0.8845625519752502,0.002976836636662483,0.9241564273834229,0.9538867473602295,0.9467136859893799,0.0004927579429931939,0.8956568837165833,0.9166673421859741,0.9129879474639893,0.00033545252517797053,0.8691902160644531,0.8900983333587646,0.8895611763000488,0.0007668058970011771
0,0.9014590382575989,0.931780993938446,0.9250494241714478,0.0005529282498173416,0.9438757300376892,0.951977014541626,0.9514216184616089,9.141030022874475e-05,0.9250016212463379,0.9477760195732117,0.9424728155136108,0.00029830727726221085,0.9122669696807861,0.9401869177818298,0.9331796765327454,0.0004209863254800439
1,0.8968174457550049,0.9403842687606812,0.9218823909759521,0.00033161338069476187,0.9422785639762878,0.9596637487411499,0.9532707929611206,8.599880675319582e-05,0.9145567417144775,0.9559803605079651,0.940794825553894,0.0003945036150980741,0.9056476950645447,0.9432430863380432,0.9280538558959961,0.0002674513962119818
0,0.8403093814849854,0.9123331308364868,0.8894456624984741,0.0015312773175537586,0.9254716038703918,0.9487664699554443,0.9409396648406982,0.000177400914253667,0.9114227890968323,0.9465880990028381,0.9331488609313965,0.0003038052818737924,0.8860502243041992,0.9292052984237671,0.9158598780632019,0.0004035136371385306
1,0.8888993263244629,0.9211291074752808,0.9130253791809082,0.0005602118326351047,0.9428439736366272,0.951040506362915,0.9490804672241211,3.774046854232438e-05,0.9208133816719055,0.9436523914337158,0.9371722936630249,0.0002631109382491559,0.9048102498054504,0.9283761978149414,0.9228489398956299,0.0003173332370352
1,0.0,0.0,0.0,0.0,0.0,0.0,0.0,0.0,0.0,0.0,0.0,0.0,0.0,0.0,0.0,0.0
1,0.896735668182373,0.896735668182373,0.896735668182373,0.0,0.951499342918396,0.951499342918396,0.951499342918396,0.0,0.92195725440979,0.92195725440979,0.92195725440979,0.0,0.8915834426879883,0.8915834426879883,0.8915834426879883,0.0
1,0.9143424034118652,0.9228334426879883,0.9209867119789124,4.422996789799072e-05,0.9462070465087891,0.9499046802520752,0.9488732814788818,6.937365014891839e-06,0.9351289868354797,0.9384063482284546,0.9378976225852966,9.12195446289843e-06,0.9355375170707703,0.9391120672225952,0.9387422800064087,1.4615209693147335e-05
0,0.9201922416687012,0.9201922416687012,0.9201922416687012,0.0,0.9567404985427856,0.9567404985427856,0.9567404985427856,0.0,0.9342546463012695,0.9342546463012695,0.9342546463012695,0.0,0.9317836165428162,0.9317836165428162,0.9317836165428162,0.0
1,0.9221054911613464,0.9221054911613464,0.9221054911613464,0.0,0.9545114040374756,0.9545114040374756,0.9545114040374756,0.0,0.9409183859825134,0.9409183859825134,0.9409183859825134,0.0,0.928882360458374,0.928882360458374,0.928882360458374,0.0
1,0.8168224692344666,0.9588459134101868,0.8825923204421997,0.0029442068189382553,0.9109442234039307,0.9632083773612976,0.9365372657775879,0.0005393768078647554,0.8792147040367126,0.9627285599708557,0.9112536907196045,0.001091469544917345,0.8683006167411804,0.9562835693359375,0.9168013334274292,0.0012565728975459933
1,0.9210649132728577,0.9227331876754761,0.9225555658340454,3.128787284367718e-06,0.9493914246559143,0.9530326724052429,0.9525771737098694,1.338886795565486e-05,0.9377900958061218,0.9461400508880615,0.9453023672103882,8.119235280901194e-05,0.9262204170227051,0.9367262125015259,0.9337661266326904,5.579844582825899e-05
0,0.91385817527771,0.91385817527771,0.91385817527771,0.0,0.949323296546936,0.949323296546936,0.949323296546936,0.0,0.9231746792793274,0.9231746792793274,0.9231746792793274,0.0,0.9223901033401489,0.9223901033401489,0.9223901033401489,0.0
1,0.0,0.0,0.0,0.0,0.0,0.0,0.0,0.0,0.0,0.0,0.0,0.0,0.0,0.0,0.0,0.0
1,0.9255897402763367,0.946984589099884,0.940673291683197,0.0002290625561727211,0.950930118560791,0.953655481338501,0.9534775018692017,1.053263622452505e-05,0.9493228793144226,0.9666346907615662,0.9622093439102173,0.0001596864458406344,0.9462307095527649,0.9621801376342773,0.9577488303184509,0.0001292754604946822
0,0.0,0.0,0.0,0.0,0.0,0.0,0.0,0.0,0.0,0.0,0.0,0.0,0.0,0.0,0.0,0.0
0,0.8530067205429077,0.896825909614563,0.8855366706848145,0.0006996731972321868,0.9326675534248352,0.9499297738075256,0.9453786611557007,9.569786197971553e-05,0.9080322980880737,0.9500288367271423,0.9307920932769775,0.0003361104754731059,0.8929922580718994,0.9367775917053223,0.9125972986221313,0.0003046395431738347
1,0.8939526677131653,0.8939526677131653,0.8939526677131653,0.0,0.9432590007781982,0.9432590007781982,0.9432590007781982,0.0,0.9164494276046753,0.9164494276046753,0.9164494276046753,0.0,0.9031484723091125,0.9031484723091125,0.9031484723091125,0.0
0,0.927808940410614,0.9454116225242615,0.9407401084899902,0.00011058140080422163,0.9510211944580078,0.960296630859375,0.9572768807411194,3.6564437323249876e-05,0.9561763405799866,0.9695055484771729,0.9681658744812012,0.00011840794468298554,0.947830855846405,0.9617953300476074,0.9583647847175598,6.887848576297984e-05
1,0.8806398510932922,0.9022064805030823,0.8965154886245728,0.00019215705106034875,0.9372603297233582,0.9455174207687378,0.9445838332176208,3.1503357604378834e-05,0.9196040034294128,0.9516370296478271,0.9450973272323608,0.0003984684299211949,0.9052782654762268,0.9293898344039917,0.9227906465530396,0.00024347165890503675
1,0.8940951228141785,0.8940951228141785,0.8940951228141785,0.0,0.9285132884979248,0.9285132884979248,0.9285132884979248,0.0,0.8833329677581787,0.8833329677581787,0.8833329677581787,0.0,0.8789623379707336,0.8789623379707336,0.8789623379707336,0.0
0,0.8427643775939941,0.955429196357727,0.9377341270446777,0.008949275128543377,0.9348854422569275,0.9622622728347778,0.9593670964241028,0.0005108821205794811,0.8780685067176819,0.9589012861251831,0.9483811259269714,0.0036410759203135967,0.8731774091720581,0.9521602392196655,0.9388993382453918,0.0031550575513392687
1,0.8906840682029724,0.9135693311691284,0.9094396829605103,0.00038662180304527283,0.9358466267585754,0.9467217326164246,0.9462187886238098,0.00018605416698846966,0.8908975124359131,0.9201806783676147,0.9122266173362732,0.000440258503658697,0.8920261263847351,0.9109101891517639,0.9066117405891418,0.00020943902200087905
1,0.8962371945381165,0.8962371945381165,0.8962371945381165,0.0,0.9476220011711121,0.9476220011711121,0.9476220011711121,0.0,0.9138747453689575,0.9138747453689575,0.9138747453689575,0.0,0.8994022011756897,0.8994022011756897,0.8994022011756897,0.0
1,0.0,0.0,0.0,0.0,0.0,0.0,0.0,0.0,0.0,0.0,0.0,0.0,0.0,0.0,0.0,0.0
0,0.839605987071991,0.9166761040687561,0.9019882082939148,0.004749790765345097,0.9209403991699219,0.9504052400588989,0.9457669854164124,0.0008407254936173558,0.8771458864212036,0.9437008500099182,0.9300742149353027,0.001950115547515452,0.8636434674263,0.9345333576202393,0.920295000076294,0.001962528098374605
1,0.8857430815696716,0.9476678371429443,0.9334855079650879,0.001477066776715219,0.9465008974075317,0.9646739959716797,0.9608232975006104,0.00012728679575957358,0.9042527079582214,0.9451160430908203,0.9405795335769653,0.0007054822635836899,0.9068085551261902,0.9485926628112793,0.9364798069000244,0.0006437220727093518
0,0.9436007142066956,0.9436007142066956,0.9436007142066956,0.0,0.9516223669052124,0.9516223669052124,0.9516223669052124,0.0,0.9590033888816833,0.9590033888816833,0.9590033888816833,0.0,0.942584216594696,0.942584216594696,0.942584216594696,0.0
1,0.8816462159156799,0.8816462159156799,0.8816462159156799,0.0,0.9431082010269165,0.9431082010269165,0.9431082010269165,0.0,0.9025789499282837,0.9025789499282837,0.9025789499282837,0.0,0.8860530257225037,0.8860530257225037,0.8860530257225037,0.0
0,0.0,0.0,0.0,0.0,0.0,0.0,0.0,0.0,0.0,0.0,0.0,0.0,0.0,0.0,0.0,0.0
0,0.8964959979057312,0.8964959979057312,0.8964959979057312,0.0,0.9474833607673645,0.9474833607673645,0.9474833607673645,0.0,0.8965799808502197,0.8965799808502197,0.8965799808502197,0.0,0.8898554444313049,0.8898554444313049,0.8898554444313049,0.0
0,0.898841381072998,0.9484514594078064,0.9284772872924805,0.0010453166905790567,0.9478859901428223,0.9607021808624268,0.9573054313659668,3.807350731221959e-05,0.9189121723175049,0.971415638923645,0.9475678205490112,0.0007193706114776433,0.9035342335700989,0.9540690183639526,0.9353100657463074,0.0007310055661946535
0,0.9002605676651001,0.9002605676651001,0.9002605676651001,0.0,0.9442367553710938,0.9442367553710938,0.9442367553710938,0.0,0.9085491895675659,0.9085491895675659,0.9085491895675659,0.0,0.8841812014579773,0.8841812014579773,0.8841812014579773,0.0
1,0.9015653133392334,0.9015653133392334,0.9015653133392334,0.0,0.9439085721969604,0.9439085721969604,0.9439085721969604,0.0,0.9348020553588867,0.9348020553588867,0.9348020553588867,0.0,0.9025027751922607,0.9025027751922607,0.9025027751922607,0.0
0,0.9198996424674988,0.9358119964599609,0.934878408908844,0.00031373233650811017,0.9472250938415527,0.9591917991638184,0.9587933421134949,6.351024785544723e-05,0.9225389361381531,0.9433077573776245,0.9432467818260193,0.0005933099309913814,0.9097725749015808,0.9335633516311646,0.9315304756164551,0.0006704833940602839
0,0.913716733455658,0.938774049282074,0.9316343665122986,0.00031631006277166307,0.9433045387268066,0.9536594152450562,0.9507389068603516,5.418814907898195e-05,0.9337933659553528,0.948615312576294,0.9449571967124939,0.00012020717986160889,0.9291699528694153,0.9428151249885559,0.9388860464096069,9.354584472021088e-05
1,0.8864041566848755,0.9595838189125061,0.9063327312469482,0.000734572357032448,0.9395893216133118,0.9626238942146301,0.9528766870498657,0.0001434037258150056,0.8974907398223877,0.9610520601272583,0.9222446084022522,0.0008112533250823617,0.8943507075309753,0.9604150652885437,0.9156455993652344,0.0006847397889941931
1,0.9196156859397888,0.9272562265396118,0.9251137375831604,2.9562417694251053e-05,0.9534893035888672,0.9569920301437378,0.9568961262702942,2.1333127733669244e-05,0.9337918162345886,0.9384315013885498,0.9378609657287598,2.20072251977399e-05,0.9301137924194336,0.9340072870254517,0.9337863326072693,2.2528149202116765e-05
0,0.9001877903938293,0.9116824269294739,0.910585343837738,0.00015820840781088918,0.9348669648170471,0.9381895065307617,0.9378368854522705,1.2435456483217422e-05,0.9385838508605957,0.9440901279449463,0.9430656433105469,2.171905907744076e-05,0.9168067574501038,0.9211739897727966,0.9202526211738586,1.2055633305863012e-05
1,0.8802527189254761,0.9518261551856995,0.922033429145813,0.001191185787320137,0.9388238787651062,0.9599801301956177,0.9517865777015686,0.00011074816575273871,0.9127920269966125,0.9614132642745972,0.9449926614761353,0.0006495483103208244,0.9044174551963806,0.9577184319496155,0.9357442259788513,0.0006695614429190755
0,0.8616640567779541,0.8769129514694214,0.8731743097305298,0.00012791274639312178,0.934380829334259,0.9378039240837097,0.9375829696655273,1.6685356968082488e-05,0.8951449990272522,0.9013910293579102,0.8996614813804626,1.9853187041007914e-05,0.8908990025520325,0.8980135321617126,0.8960296511650085,2.568554009485524e-05
1,0.9038584232330322,0.9389937520027161,0.9340041875839233,0.000606851011980325,0.936821699142456,0.9566478133201599,0.9538626670837402,0.00020881615637335926,0.921405553817749,0.954093337059021,0.9459874629974365,0.00037093402352184057,0.9165471196174622,0.9480574727058411,0.9405984878540039,0.0003267193678766489
0,0.9318151473999023,0.9318151473999023,0.9318151473999023,0.0,0.9633760452270508,0.9633760452270508,0.9633760452270508,0.0,0.9411333799362183,0.9411333799362183,0.9411333799362183,0.0,0.9343481659889221,0.9343481659889221,0.9343481659889221,0.0
1,0.9362092018127441,0.9452195167541504,0.9441450834274292,8.480413816869259e-05,0.953019917011261,0.9605891704559326,0.9584354758262634,2.8875174393760972e-05,0.9433779120445251,0.9591010212898254,0.9548473954200745,0.00012718485959339887,0.9336793422698975,0.9501780867576599,0.9456374645233154,0.00013889280671719462
1,0.9446178078651428,0.9446178078651428,0.9446178078651428,0.0,0.9548435211181641,0.9548435211181641,0.9548435211181641,0.0,0.956516444683075,0.956516444683075,0.956516444683075,0.0,0.943640947341919,0.943640947341919,0.943640947341919,0.0
1,0.947329580783844,0.9511664509773254,0.9503512382507324,9.240811777999625e-06,0.9570756554603577,0.9602280855178833,0.9594955444335938,5.726287781726569e-06,0.9498510956764221,0.9575496912002563,0.9560354948043823,4.017870014649816e-05,0.9471269249916077,0.9478229880332947,0.9477646350860596,6.196451067808084e-07
1,0.9011083245277405,0.9179578423500061,0.9132360816001892,0.00014380259381141514,0.9497960209846497,0.953174352645874,0.9527547955513,1.1586443179112393e-05,0.9396284222602844,0.9462540149688721,0.9461979269981384,8.413424802711233e-05,0.9225992560386658,0.9328294992446899,0.9315652251243591,0.00010661852866178378
1,0.9316521883010864,0.9316521883010864,0.9316521883010864,0.0,0.9488791227340698,0.9488791227340698,0.9488791227340698,0.0,0.9304828643798828,0.9304828643798828,0.9304828643798828,0.0,0.9210535287857056,0.9210535287857056,0.9210535287857056,0.0
1,0.9218101501464844,0.9260332584381104,0.9251545667648315,1.1429195183154661e-05,0.9419593811035156,0.9555090665817261,0.9522629976272583,0.00010297101835021749,0.9501424431800842,0.9508216977119446,0.9507873058319092,7.086966320457577e-07,0.9378179907798767,0.9397514462471008,0.9393555521965027,2.4342646156583214e-06
1,0.9377179741859436,0.9377179741859436,0.9377179741859436,0.0,0.9519847631454468,0.9519847631454468,0.9519847631454468,0.0,0.939929723739624,0.939929723739624,0.939929723739624,0.0,0.935806930065155,0.935806930065155,0.935806930065155,0.0
0,0.8747798800468445,0.9277012944221497,0.9086915254592896,0.0010087905684486032,0.9424793124198914,0.9600510597229004,0.9532518982887268,8.864677511155605e-05,0.9064457416534424,0.9635307788848877,0.9563916325569153,0.0022437539882957935,0.9057925343513489,0.9502431154251099,0.9328329563140869,0.0006339778774417937
1,0.9018164873123169,0.9509812593460083,0.9422127604484558,0.000804635405074805,0.9404274225234985,0.9679930210113525,0.9568402171134949,0.00020301823678892106,0.9223579168319702,0.962060272693634,0.9530169367790222,0.000678103941027075,0.9042669534683228,0.9526015520095825,0.9402728080749512,0.0008578812121413648
0,0.9014229774475098,0.9446848034858704,0.9332796335220337,0.0009770513279363513,0.9449613094329834,0.9597688317298889,0.955637514591217,0.00011124357843073085,0.9323975443840027,0.9584603309631348,0.9513901472091675,0.00034897716250270605,0.916221559047699,0.9479571580886841,0.938973605632782,0.0005083818105049431
0,0.9281325936317444,0.9281325936317444,0.9281325936317444,0.0,0.9502328634262085,0.9502328634262085,0.9502328634262085,0.0,0.9404239654541016,0.9404239654541016,0.9404239654541016,0.0,0.9257838129997253,0.9257838129997253,0.9257838129997253,0.0
1,0.9153070449829102,0.9193729162216187,0.9191893935203552,2.6162701033172198e-05,0.9452870488166809,0.9478142857551575,0.9472000002861023,3.5384139209782006e-06,0.9473612904548645,0.9492204189300537,0.949164092540741,5.918152965023182e-06,0.9300498366355896,0.931863009929657,0.9314173460006714,1.8049023537969333e-06
0,0.9139230847358704,0.936308741569519,0.9354673624038696,0.00045545390457846224,0.9519538283348083,0.962732195854187,0.9608628153800964,6.744623533450067e-05,0.9345779418945312,0.9451119899749756,0.944170355796814,8.170207001967356e-05,0.9213098883628845,0.9370478987693787,0.9339665174484253,0.00017169537022709846
1,0.9329177141189575,0.9329177141189575,0.9329177141189575,0.0,0.9535967707633972,0.9535967707633972,0.9535967707633972,0.0,0.924126923084259,0.924126923084259,0.924126923084259,0.0,0.9257482290267944,0.9257482290267944,0.9257482290267944,0.0
1,0.9507110714912415,0.9507110714912415,0.9507110714912415,0.0,0.968906581401825,0.968906581401825,0.968906581401825,0.0,0.9604588150978088,0.9604588150978088,0.9604588150978088,0.0,0.9539875388145447,0.9539875388145447,0.9539875388145447,0.0
0,0.9006550312042236,0.9051177501678467,0.9050664901733398,3.758706952794455e-05,0.9482666850090027,0.9491268396377563,0.9491137266159058,1.3696425185116823e-06,0.9203415513038635,0.943764328956604,0.9380220174789429,0.0003018127754330635,0.9142160415649414,0.9222897291183472,0.9208017587661743,4.7136752982623875e-05
1,0.8989555835723877,0.9320400357246399,0.9312285780906677,0.0005744016962125897,0.946801483631134,0.9586210250854492,0.9558749794960022,9.326009603682905e-05,0.9127091765403748,0.9474319815635681,0.9367274045944214,0.000528835051227361,0.9082740545272827,0.9397134184837341,0.9354825019836426,0.0004742142336908728
1,0.8992977142333984,0.9347425699234009,0.9207417964935303,0.0003635493922047317,0.9491465091705322,0.9632072448730469,0.958317220211029,6.568027311004698e-05,0.9270803928375244,0.9468395709991455,0.9439821243286133,0.000212325801840052,0.9152186512947083,0.9409900307655334,0.9281778931617737,0.00020000779477413744
1,0.884989321231842,0.9108778834342957,0.9052697420120239,0.0004127573629375547,0.928865373134613,0.9380582571029663,0.9369786381721497,8.919624815462157e-05,0.9194953441619873,0.9350428581237793,0.9315727949142456,0.00014462978288065642,0.8952109217643738,0.9169276356697083,0.9134911894798279,0.00039376996573992074
1,0.9031047224998474,0.9357449412345886,0.9334383010864258,0.0011791195720434189,0.9474861025810242,0.9617570638656616,0.9580037593841553,8.117542165564373e-05,0.912091076374054,0.9372595548629761,0.9359169602394104,0.0006691860035061836,0.9036238789558411,0.9304169416427612,0.9290900230407715,0.0006710228626616299
0,0.8844532370567322,0.9101173877716064,0.9084004163742065,0.0003370603371877223,0.945224940776825,0.9549212455749512,0.9507032632827759,2.883886372728739e-05,0.9219658970832825,0.9533016681671143,0.9509310722351074,0.0006205458776094019,0.912571907043457,0.9383813142776489,0.9376277923583984,0.00033754948526620865
1,0.9431388974189758,0.9431388974189758,0.9431388974189758,0.0,0.9471078515052795,0.9471078515052795,0.9471078515052795,0.0,0.9315844178199768,0.9315844178199768,0.9315844178199768,0.0,0.9317472577095032,0.9317472577095032,0.9317472577095032,0.0
0,0.8942429423332214,0.9080986976623535,0.9062531590461731,0.00018501875456422567,0.9484006762504578,0.9521239399909973,0.9512022733688354,7.566903605038533e-06,0.9262022376060486,0.947501003742218,0.9424731135368347,0.0002577255363576114,0.9106066823005676,0.9227245450019836,0.9204864501953125,0.00010596044739941135
0,0.9007167816162109,0.9175156354904175,0.9129853248596191,0.00014542524877469987,0.9461542963981628,0.9506460428237915,0.9504446387290955,3.198079139110632e-05,0.9369003772735596,0.9441169500350952,0.9424769282341003,3.063233816646971e-05,0.9158720970153809,0.9255115985870361,0.922773003578186,4.6851288061589e-05
0,0.9376972913742065,0.9504294395446777,0.9479696750640869,5.759887062595226e-05,0.9527075886726379,0.9591357707977295,0.959007203578949,1.9780254660872743e-05,0.9449949860572815,0.9659427404403687,0.9589255452156067,0.00010606083378661424,0.9302350878715515,0.9534192681312561,0.9474417567253113,0.00014083454152569175
1,0.8658517599105835,0.93446946144104,0.9150395393371582,0.0034956377930939198,0.9380571246147156,0.9599493741989136,0.9514832496643066,0.00023476753267459571,0.9080727696418762,0.9635146260261536,0.9474906325340271,0.00178288365714252,0.8957850933074951,0.9572745561599731,0.9359280467033386,0.002327496651560068
0,0.8635550141334534,0.9296072721481323,0.9221864938735962,0.0020008429419249296,0.9346388578414917,0.9545471668243408,0.9534127712249756,0.0002233758568763733,0.8912000060081482,0.9378629922866821,0.9325222373008728,0.0011319147888571024,0.8771542906761169,0.9281101822853088,0.9233912229537964,0.001463915454223752
0,0.9102625846862793,0.9212862253189087,0.9184001088142395,6.371494237100706e-05,0.9485884308815002,0.9538857340812683,0.9525619745254517,1.5204520423139911e-05,0.9387949109077454,0.946204662322998,0.9444721937179565,3.146153540001251e-05,0.9155802726745605,0.9318987727165222,0.9273080825805664,0.00013469623809214681
1,0.9256305694580078,0.963736891746521,0.9564698934555054,0.0009117849986068904,0.9478054046630859,0.962899923324585,0.9587211608886719,0.00012089847587049007,0.9373133778572083,0.9699242115020752,0.9594559669494629,0.000327702407957986,0.9306805729866028,0.9647278785705566,0.957276463508606,0.0005912930355407298
1,0.8780706524848938,0.9115119576454163,0.9006279706954956,0.00046728909364901483,0.9409146904945374,0.9550062417984009,0.9503377676010132,7.758446736261249e-05,0.898624837398529,0.9206078052520752,0.917076051235199,0.00024307280546054244,0.8912038207054138,0.9154024124145508,0.9100937843322754,0.000297506368951872
1,0.9289882779121399,0.9394018054008484,0.9363781809806824,5.438839798443951e-05,0.9483482241630554,0.9526166915893555,0.9517112374305725,1.1455052117526066e-05,0.9520018696784973,0.9575676321983337,0.9563499689102173,1.8894910681410693e-05,0.9407058358192444,0.9476169943809509,0.9457886219024658,2.4882270736270584e-05
0,0.0,0.0,0.0,0.0,0.0,0.0,0.0,0.0,0.0,0.0,0.0,0.0,0.0,0.0,0.0,0.0
1,0.9349685907363892,0.9563672542572021,0.9491204023361206,0.0001533574250061065,0.9602986574172974,0.9655510187149048,0.96449875831604,1.2777711162925698e-05,0.9422262907028198,0.9580866098403931,0.9528115391731262,8.593200618634e-05,0.9360145330429077,0.9561940431594849,0.9489110112190247,0.00012079045700374991
0,0.0,0.0,0.0,0.0,0.0,0.0,0.0,0.0,0.0,0.0,0.0,0.0,0.0,0.0,0.0,0.0
1,0.8932092785835266,0.9392228126525879,0.926782488822937,0.0010896171443164349,0.9366763234138489,0.9462935328483582,0.945395827293396,0.00011207826901227236,0.9127667546272278,0.9371433258056641,0.9369089603424072,0.0011322167702019215,0.9004072546958923,0.9264305830001831,0.9232038855552673,0.0006882601301185787
1,0.9153895378112793,0.9153895378112793,0.9153895378112793,0.0,0.9515793323516846,0.9515793323516846,0.9515793323516846,0.0,0.927281379699707,0.927281379699707,0.927281379699707,0.0,0.9269137382507324,0.9269137382507324,0.9269137382507324,0.0
0,0.8755908012390137,0.9403989911079407,0.9335434436798096,0.002585044363513589,0.9380106925964355,0.9512792825698853,0.9502068161964417,0.00010029617260443047,0.8819615840911865,0.9481480121612549,0.9370293021202087,0.0019737437833100557,0.8829575181007385,0.9424547553062439,0.9363111257553101,0.0021964353509247303
1,0.8854356408119202,0.9430500268936157,0.9191800951957703,0.0012812643544748425,0.9360702037811279,0.9536641836166382,0.9499353170394897,0.00017911156464833766,0.9191924333572388,0.9587652683258057,0.9484668374061584,0.0006931039970368147,0.905162513256073,0.9521497488021851,0.9303852915763855,0.0007542580133304
1,0.9406538605690002,0.9406538605690002,0.9406538605690002,0.0,0.9540526270866394,0.9540526270866394,0.9540526270866394,0.0,0.945206880569458,0.945206880569458,0.945206880569458,0.0,0.935498058795929,0.935498058795929,0.935498058795929,0.0
1,0.8713757991790771,0.8713757991790771,0.8713757991790771,0.0,0.9489713907241821,0.9489713907241821,0.9489713907241821,0.0,0.9115811586380005,0.9115811586380005,0.9115811586380005,0.0,0.890317440032959,0.890317440032959,0.890317440032959,0.0
1,0.9150629043579102,0.9311850070953369,0.9288415312767029,0.00023355749726761132,0.9478102326393127,0.9542853832244873,0.9525381922721863,2.1599842511932366e-05,0.9382510781288147,0.94856858253479,0.9465479254722595,7.247091707540676e-05,0.9333215355873108,0.9462655782699585,0.943452000617981,0.0001028427723213099
0,0.8528982400894165,0.9553313255310059,0.9109801054000854,0.0026861662045121193,0.929571270942688,0.9676081538200378,0.9514117240905762,0.0003984211361967027,0.9119113087654114,0.9681893587112427,0.9467887878417969,0.0005982268485240638,0.8936987519264221,0.9650759696960449,0.9312300682067871,0.0008539360132999718
1,0.8711457252502441,0.9147014617919922,0.9057910442352295,0.0008234793203882873,0.9390591382980347,0.9563089609146118,0.9507880806922913,9.976398723665625e-05,0.9114211201667786,0.947780966758728,0.9417322874069214,0.00038346979999914765,0.8946940898895264,0.9343187808990479,0.924345850944519,0.0005145898903720081
1,0.9364820718765259,0.9364820718765259,0.9364820718765259,0.0,0.950762152671814,0.950762152671814,0.950762152671814,0.0,0.9444622993469238,0.9444622993469238,0.9444622993469238,0.0,0.9321721196174622,0.9321721196174622,0.9321721196174622,0.0
0,0.95243239402771,0.9588958024978638,0.9578256607055664,1.983458969334606e-05,0.957268238067627,0.9629255533218384,0.9613326191902161,1.1533861652424093e-05,0.948818027973175,0.955852746963501,0.9543306231498718,4.6167842810973525e-05,0.949347198009491,0.95674067735672,0.9548788070678711,1.7981134078581817e-05
0,0.9005210399627686,0.9435309767723083,0.9352679252624512,0.0010184906423091888,0.9403190612792969,0.9541453123092651,0.9523276686668396,8.349058771273121e-05,0.9179863929748535,0.9553698301315308,0.9385510683059692,0.000360859528882429,0.9149975776672363,0.94527667760849,0.9330238103866577,0.0003086121578235179
1,0.9214572310447693,0.9214572310447693,0.9214572310447693,0.0,0.9502408504486084,0.9502408504486084,0.9502408504486084,0.0,0.9206289649009705,0.9206289649009705,0.9206289649009705,0.0,0.9192643165588379,0.9192643165588379,0.9192643165588379,0.0
1,0.8720016479492188,0.9015165567398071,0.8937916159629822,0.0004568280710373074,0.9384720325469971,0.9436067938804626,0.9428024888038635,2.2213638658286072e-05,0.8968179821968079,0.9073936939239502,0.9066827297210693,0.00015692898887209594,0.8902721405029297,0.9011462926864624,0.9008992314338684,0.00021064512839075178
1,0.9413592219352722,0.9413592219352722,0.9413592219352722,0.0,0.9597980976104736,0.9597980976104736,0.9597980976104736,0.0,0.9310438632965088,0.9310438632965088,0.9310438632965088,0.0,0.9313011765480042,0.9313011765480042,0.9313011765480042,0.0
1,0.8971177935600281,0.9310686588287354,0.9220301508903503,0.0005475968937389553,0.9482854008674622,0.9612700939178467,0.956688404083252,6.317628867691383e-05,0.9340866804122925,0.9531928300857544,0.9491173028945923,0.0001697093975963071,0.9184737205505371,0.9459102153778076,0.9379873871803284,0.00033377271029166877
1,0.8934690356254578,0.8934690356254578,0.8934690356254578,0.0,0.9466132521629333,0.9466132521629333,0.9466132521629333,0.0,0.8888051509857178,0.8888051509857178,0.8888051509857178,0.0,0.8935254216194153,0.8935254216194153,0.8935254216194153,0.0
1,0.8994209170341492,0.9383158087730408,0.9355831146240234,0.0010705898748710752,0.9417880177497864,0.9573726058006287,0.9557530879974365,0.00024617830058559775,0.9304533004760742,0.9564424753189087,0.9517629146575928,0.00040285979048348963,0.9099424481391907,0.9373347163200378,0.9370028376579285,0.0005808027926832438
0,0.9385948181152344,0.9385948181152344,0.9385948181152344,0.0,0.9469174146652222,0.9469174146652222,0.9469174146652222,0.0,0.9483727216720581,0.9483727216720581,0.9483727216720581,0.0,0.9405725002288818,0.9405725002288818,0.9405725002288818,0.0
0,0.9291989803314209,0.9371607899665833,0.9354557991027832,3.9482867578044534e-05,0.9496968388557434,0.9527069330215454,0.9519259929656982,4.7788557822059374e-06,0.918371856212616,0.9335623979568481,0.9296301007270813,0.0001218849210999906,0.9272204041481018,0.9320470094680786,0.9307498335838318,1.2026972399326041e-05
0,0.8878626227378845,0.9438830614089966,0.9171976447105408,0.0007648048340342939,0.9429019689559937,0.9643595814704895,0.9501107931137085,6.752916669938713e-05,0.9040624499320984,0.9424235820770264,0.928223729133606,0.000570121337659657,0.8931289911270142,0.945773184299469,0.9258090853691101,0.0006256952183321118
0,0.0,0.0,0.0,0.0,0.0,0.0,0.0,0.0,0.0,0.0,0.0,0.0,0.0,0.0,0.0,0.0
1,0.8865591883659363,0.9168593883514404,0.909935474395752,0.0006722157704643905,0.9376469254493713,0.952890932559967,0.948398232460022,9.757498628459871e-05,0.9275811314582825,0.9424959421157837,0.9421356916427612,0.00020773881988134235,0.9112045168876648,0.9340893030166626,0.9338341951370239,0.0005394023028202355
0,0.8887127041816711,0.8894699811935425,0.8892431855201721,2.8669168727901706e-07,0.9420468211174011,0.944298505783081,0.9440487027168274,5.5557552514073905e-06,0.9242028594017029,0.9400845170021057,0.9370927214622498,0.00017849008145276457,0.9056856632232666,0.908271074295044,0.9075618982315063,3.4156716992583824e-06
0,0.0,0.0,0.0,0.0,0.0,0.0,0.0,0.0,0.0,0.0,0.0,0.0,0.0,0.0,0.0,0.0
1,0.8538903594017029,0.9424470663070679,0.9167917370796204,0.003935003187507391,0.9145113825798035,0.9540207386016846,0.9452453851699829,0.0009383454453200102,0.89573073387146,0.9356648921966553,0.9284500479698181,0.0011758474865928292,0.8863009810447693,0.9333818554878235,0.92311692237854,0.0013565481640398502
1,0.9181996583938599,0.9181996583938599,0.9181996583938599,0.0,0.9450421333312988,0.9450421333312988,0.9450421333312988,0.0,0.9175457954406738,0.9175457954406738,0.9175457954406738,0.0,0.9175854325294495,0.9175854325294495,0.9175854325294495,0.0
1,0.8463091254234314,0.9133833050727844,0.8950021266937256,0.0017841886729001999,0.92683345079422,0.9501961469650269,0.945267915725708,0.00018554476264398545,0.8979456424713135,0.9513984322547913,0.937422513961792,0.0010932295117527246,0.8874644637107849,0.9439412355422974,0.926224946975708,0.0010434603318572044
1,0.9220981001853943,0.9220981001853943,0.9220981001853943,0.0,0.9556803107261658,0.9556803107261658,0.9556803107261658,0.0,0.9310064315795898,0.9310064315795898,0.9310064315795898,0.0,0.9234371781349182,0.9234371781349182,0.9234371781349182,0.0
0,0.9197087287902832,0.9296751022338867,0.9282817244529724,9.214609599439427e-05,0.9486062526702881,0.9525289535522461,0.9514423608779907,7.829313290130813e-06,0.9311476349830627,0.9352351427078247,0.9348214864730835,1.935825821419712e-05,0.9300565123558044,0.9324901700019836,0.9324294924736023,1.0430590918986127e-05
0,0.8590960502624512,0.9174309968948364,0.8926517963409424,0.0008773856679908931,0.9342992901802063,0.9413973093032837,0.9406812191009521,6.266369018703699e-05,0.9148678779602051,0.9403960704803467,0.9331936240196228,0.00022059009643271565,0.8910839557647705,0.9309000968933105,0.9095757007598877,0.00033970901858992875
0,0.9416636824607849,0.9489672183990479,0.9482235908508301,6.158882024465129e-05,0.9548528790473938,0.9567714929580688,0.9563912153244019,2.476205509083229e-06,0.955678403377533,0.961622953414917,0.9601461887359619,1.9235625586588867e-05,0.9488905072212219,0.949535608291626,0.9495106339454651,6.816840141254943e-07
1,0.8959798216819763,0.9144620299339294,0.9095057249069214,0.00017656636191532016,0.9470508694648743,0.9533455967903137,0.9519663453102112,2.413286711089313e-05,0.9329516291618347,0.9350970983505249,0.9349815845489502,6.949649105081335e-06,0.9096205830574036,0.9300388097763062,0.9239357709884644,0.00020845956169068813
0,0.888405978679657,0.9332613945007324,0.920464038848877,0.001013249158859253,0.9343683123588562,0.9460604190826416,0.9430380463600159,7.227775495266542e-05,0.9237880110740662,0.9403170943260193,0.9376775026321411,0.00022624402481596917,0.9112966656684875,0.9381251335144043,0.9303138852119446,0.0003608219849411398
1,0.8814361691474915,0.923080563545227,0.9118951559066772,0.0008956382516771555,0.9481625556945801,0.9584274291992188,0.9557784199714661,5.577226329478435e-05,0.9136231541633606,0.9440820813179016,0.9384022951126099,0.0006631569121964276,0.8981011509895325,0.9370173215866089,0.9259285926818848,0.0007629611645825207
0,0.8992938995361328,0.918541669845581,0.9136766791343689,0.00019902169879060239,0.9442827701568604,0.9515206813812256,0.9501305222511292,3.636619294411503e-05,0.9217577576637268,0.9360803365707397,0.9329273104667664,0.00012436935503501445,0.9099623560905457,0.9261802434921265,0.9236783981323242,0.00022461284243036062
1,0.9395872354507446,0.9395872354507446,0.9395872354507446,0.0,0.9596915245056152,0.9596915245056152,0.9596915245056152,0.0,0.949420690536499,0.949420690536499,0.949420690536499,0.0,0.9312164783477783,0.9312164783477783,0.9312164783477783,0.0
0,0.9410426020622253,0.9542506337165833,0.9505172967910767,8.810080908006057e-05,0.9541731476783752,0.957067608833313,0.9563412666320801,4.52482936452725e-06,0.9481053948402405,0.9615130424499512,0.9579193592071533,9.294394840253517e-05,0.9490973353385925,0.9582499265670776,0.9564465284347534,5.6686654716031626e-05
1,0.9008566737174988,0.9271844625473022,0.9216252565383911,0.00043777143582701683,0.9426981806755066,0.9497815370559692,0.9482601881027222,3.116161315119825e-05,0.9405545592308044,0.9554076194763184,0.9510324597358704,0.0001104157418012619,0.9094268679618835,0.9275856614112854,0.9226706027984619,0.00016959958884399384
0,0.9190569519996643,0.9190569519996643,0.9190569519996643,0.0,0.9476020336151123,0.9476020336151123,0.9476020336151123,0.0,0.9152734279632568,0.9152734279632568,0.9152734279632568,0.0,0.9052634835243225,0.9052634835243225,0.9052634835243225,0.0
1,0.9156903624534607,0.9156903624534607,0.9156903624534607,0.0,0.950538158416748,0.950538158416748,0.950538158416748,0.0,0.9266247153282166,0.9266247153282166,0.9266247153282166,0.0,0.9206546545028687,0.9206546545028687,0.9206546545028687,0.0
0,0.907322883605957,0.9354169964790344,0.9313024282455444,0.00035377105814404786,0.9476873278617859,0.9584134817123413,0.9541680812835693,3.460033985902555e-05,0.9365881085395813,0.9426324367523193,0.9425523281097412,2.5552350052748807e-05,0.9183028340339661,0.9308483004570007,0.9285417795181274,5.784505628980696e-05
0,0.8487971425056458,0.8847187757492065,0.8746610283851624,0.0006537908338941634,0.9311396479606628,0.9405797123908997,0.938563346862793,5.5645945394644514e-05,0.8925811648368835,0.9118139743804932,0.9090721607208252,0.0003377694229129702,0.8624078631401062,0.898428201675415,0.8885387182235718,0.0006627373513765633
0,0.8842339515686035,0.8976922631263733,0.8937236070632935,9.064177720574662e-05,0.9262797236442566,0.9408787488937378,0.9378503561019897,0.00013699998089578003,0.904390275478363,0.9183218479156494,0.9152126312255859,0.00011613695096457377,0.8923349380493164,0.8994497656822205,0.8988972902297974,6.70231893309392e-05
0,0.9146602153778076,0.9146602153778076,0.9146602153778076,0.0,0.9583026170730591,0.9583026170730591,0.9583026170730591,0.0,0.9033888578414917,0.9033888578414917,0.9033888578414917,0.0,0.9127399325370789,0.9127399325370789,0.9127399325370789,0.0
1,0.9227134585380554,0.9227134585380554,0.9227134585380554,0.0,0.954176664352417,0.954176664352417,0.954176664352417,0.0,0.9321044087409973,0.9321044087409973,0.9321044087409973,0.0,0.9220966100692749,0.9220966100692749,0.9220966100692749,0.0
1,0.9459205865859985,0.9459205865859985,0.9459205865859985,0.0,0.9548242092132568,0.9548242092132568,0.9548242092132568,0.0,0.9555203914642334,0.9555203914642334,0.9555203914642334,0.0,0.9468967318534851,0.9468967318534851,0.9468967318534851,0.0
0,0.9180949330329895,0.926904559135437,0.9244071841239929,3.915713386959396e-05,0.955618679523468,0.9601895809173584,0.9589215517044067,1.0623881280480418e-05,0.9432482123374939,0.9525576233863831,0.9508656859397888,6.353209755616263e-05,0.9341413378715515,0.9397417902946472,0.9395068883895874,5.049364335718565e-05
0,0.9376859664916992,0.9538719058036804,0.9503958821296692,0.00016271999629680067,0.9600672721862793,0.9663980603218079,0.9646180868148804,2.0276798750273883e-05,0.9454919695854187,0.9642499089241028,0.9604379534721375,0.0002308618713868782,0.9413900971412659,0.962433934211731,0.9575116634368896,0.00025366220506839454
0,0.9412297606468201,0.9412297606468201,0.9412297606468201,0.0,0.9611968994140625,0.9611968994140625,0.9611968994140625,0.0,0.9412328004837036,0.9412328004837036,0.9412328004837036,0.0,0.9434143900871277,0.9434143900871277,0.9434143900871277,0.0
1,0.8752713203430176,0.9159544110298157,0.9047884941101074,0.0008455478237010539,0.9349306225776672,0.9538897275924683,0.9484789371490479,0.00018100276065524668,0.8958094120025635,0.9124404788017273,0.9101527333259583,0.0002599357976578176,0.88425612449646,0.8966699838638306,0.8953681588172913,0.00017484783893451095
0,0.9263915419578552,0.9263915419578552,0.9263915419578552,0.0,0.9504184722900391,0.9504184722900391,0.9504184722900391,0.0,0.9483709335327148,0.9483709335327148,0.9483709335327148,0.0,0.9298117756843567,0.9298117756843567,0.9298117756843567,0.0
1,0.0,0.0,0.0,0.0,0.0,0.0,0.0,0.0,0.0,0.0,0.0,0.0,0.0,0.0,0.0,0.0
0,0.8916625380516052,0.9065715074539185,0.9028235077857971,0.00011989235645160079,0.9484133124351501,0.9517945051193237,0.9507901072502136,5.718031388823874e-06,0.8974490165710449,0.9108308553695679,0.9101928472518921,0.0002795534092001617,0.907270610332489,0.9209575653076172,0.9173704981803894,9.815663361223415e-05
1,0.9015009999275208,0.9186704158782959,0.9141488075256348,0.00015399108815472573,0.9451422691345215,0.9486544132232666,0.9486424326896667,2.42520709434757e-05,0.9357929229736328,0.9414786100387573,0.940366268157959,2.203129952249583e-05,0.9168735146522522,0.926777720451355,0.923827052116394,4.9053294787881896e-05
1,0.8961122632026672,0.9255448579788208,0.9094462990760803,0.00024474537349306047,0.9411646127700806,0.9522380828857422,0.9493376612663269,3.0136079658404924e-05,0.9174758195877075,0.9408040046691895,0.9363841414451599,0.00021963259496260434,0.9097577929496765,0.9303607940673828,0.9245541095733643,0.00033751834416761994
1,0.9501070976257324,0.9501070976257324,0.9501070976257324,0.0,0.9582724571228027,0.9582724571228027,0.9582724571228027,0.0,0.9495357275009155,0.9495357275009155,0.9495357275009155,0.0,0.9384219646453857,0.9384219646453857,0.9384219646453857,0.0
1,0.9434221982955933,0.9434221982955933,0.9434221982955933,0.0,0.960237443447113,0.960237443447113,0.960237443447113,0.0,0.9559248089790344,0.9559248089790344,0.9559248089790344,0.0,0.951752781867981,0.951752781867981,0.951752781867981,0.0
1,0.9204344749450684,0.9400898814201355,0.9355148673057556,0.00022227790032047778,0.9455708861351013,0.9491126537322998,0.9482612013816833,7.014763923507417e-06,0.9558456540107727,0.9629498720169067,0.9628569483757019,9.448141645407304e-05,0.939287006855011,0.9537542462348938,0.951570451259613,0.00018214785086456686
1,0.8905172348022461,0.9019144177436829,0.8997790217399597,9.241469524567947e-05,0.9395298957824707,0.9461297988891602,0.9452145099639893,4.067166446475312e-05,0.9272215962409973,0.9386134147644043,0.9363955855369568,8.887447620509192e-05,0.9035534858703613,0.9152926802635193,0.9119071364402771,6.921368913026527e-05
1,0.8780950307846069,0.9764147400856018,0.9261705279350281,0.00247381255030632,0.9362935423851013,0.9737210273742676,0.9571460485458374,0.0003723667759913951,0.8977088928222656,0.971656858921051,0.9426103830337524,0.002138531534001231,0.894160807132721,0.9657983183860779,0.9335977435112,0.0016488356050103903
1,0.9083902835845947,0.9083902835845947,0.9083902835845947,0.0,0.9447415471076965,0.9447415471076965,0.9447415471076965,0.0,0.9095488786697388,0.9095488786697388,0.9095488786697388,0.0,0.902065634727478,0.902065634727478,0.902065634727478,0.0
1,0.8989302515983582,0.8989302515983582,0.8989302515983582,0.0,0.9436954259872437,0.9436954259872437,0.9436954259872437,0.0,0.907092809677124,0.907092809677124,0.907092809677124,0.0,0.885494589805603,0.885494589805603,0.885494589805603,0.0
1,0.8847552537918091,0.9304891228675842,0.9282577633857727,0.001126617076806724,0.9350676536560059,0.9568365812301636,0.9481052160263062,9.699433576315641e-05,0.9111611247062683,0.9425963759422302,0.9418790340423584,0.0006524405907839537,0.9020949602127075,0.9344784021377563,0.9313427209854126,0.0005433139740489423
1,0.8621127009391785,0.9172697067260742,0.9133462905883789,0.002217270666733384,0.9302890300750732,0.9488658308982849,0.9481098055839539,0.0002510137564968318,0.9205581545829773,0.952263593673706,0.948853611946106,0.0005904127610847354,0.8973615169525146,0.9260163307189941,0.9247074127197266,0.0006934357224963605
1,0.0,0.0,0.0,0.0,0.0,0.0,0.0,0.0,0.0,0.0,0.0,0.0,0.0,0.0,0.0,0.0
0,0.9240826368331909,0.9240826368331909,0.9240826368331909,0.0,0.947699785232544,0.947699785232544,0.947699785232544,0.0,0.9167037010192871,0.9167037010192871,0.9167037010192871,0.0,0.9173463582992554,0.9173463582992554,0.9173463582992554,0.0
1,0.8419857025146484,0.9192426204681396,0.8887428045272827,0.0020688369404524565,0.9153928756713867,0.9407503604888916,0.93642258644104,0.0003378409892320633,0.8970604538917542,0.9480026364326477,0.9273281693458557,0.0006203035009093583,0.8809676170349121,0.9302551746368408,0.919336199760437,0.0006294013583101332
1,0.0,0.0,0.0,0.0,0.0,0.0,0.0,0.0,0.0,0.0,0.0,0.0,0.0,0.0,0.0,0.0
1,0.883729100227356,0.9089220762252808,0.9086840748786926,0.0004952504532411695,0.9357291460037231,0.94282066822052,0.9413583278656006,1.8065726180793718e-05,0.9187294840812683,0.9409743547439575,0.9366627335548401,0.0002503689320292324,0.9072939157485962,0.9207690358161926,0.9174624085426331,0.00012419023551046848
0,0.8977707028388977,0.9083045125007629,0.9082030653953552,0.00021140552416909486,0.9403780102729797,0.944926381111145,0.9438959956169128,1.220416834257776e-05,0.9312763214111328,0.9418092966079712,0.9409783482551575,0.00014587333134841174,0.9175264835357666,0.9289090037345886,0.9282283186912537,0.00018936848209705204
1,0.9104273915290833,0.9322478771209717,0.925620973110199,0.00016612838953733444,0.9440053105354309,0.9511792659759521,0.951099157333374,7.749495125608519e-05,0.9384076595306396,0.9499121904373169,0.9498904943466187,0.0001857783499872312,0.9282224774360657,0.9407275319099426,0.9375823736190796,8.149719360517338e-05
0,0.8801941871643066,0.9218191504478455,0.909398078918457,0.000866392336320132,0.9333556294441223,0.9467131495475769,0.9430690407752991,9.140974725596607e-05,0.8942744135856628,0.9169067740440369,0.9147201180458069,0.0006092526018619537,0.8845451474189758,0.910293459892273,0.9061447381973267,0.000544594309758395
1,0.8722169399261475,0.9148493409156799,0.9056546092033386,0.0011241626925766468,0.938399612903595,0.9530984163284302,0.9502061009407043,0.00014639929577242583,0.8989834785461426,0.9249085187911987,0.9188592433929443,0.00038583390414714813,0.8880687355995178,0.9178058505058289,0.9101821184158325,0.00047020273632369936
0,0.8929340839385986,0.9158672094345093,0.9120289087295532,0.00018916353292297572,0.939253032207489,0.9458683729171753,0.945159912109375,2.6480323867872357e-05,0.9292735457420349,0.9455962181091309,0.9412165284156799,0.00011707938392646611,0.912620484828949,0.9293470978736877,0.9268650412559509,0.00013975257752463222
1,0.8988458514213562,0.9125626087188721,0.9109082221984863,0.00019498802430462092,0.9400785565376282,0.9461861848831177,0.9461296200752258,7.12062101229094e-05,0.9236195683479309,0.9430140852928162,0.9379400014877319,0.00019730489293579012,0.9094002842903137,0.9180052280426025,0.9179603457450867,0.0001442622597096488
0,0.8620004057884216,0.9134727716445923,0.9042229652404785,0.0011990024941042066,0.9411125183105469,0.9520223140716553,0.9493423104286194,3.8327296351781115e-05,0.9101856350898743,0.9328914284706116,0.9319422841072083,0.0003117576416116208,0.8921155333518982,0.922410249710083,0.922385573387146,0.0006648083217442036
0,0.9376232624053955,0.9376232624053955,0.9376232624053955,0.0,0.9459661245346069,0.9459661245346069,0.9459661245346069,0.0,0.9375278353691101,0.9375278353691101,0.9375278353691101,0.0,0.9314988851547241,0.9314988851547241,0.9314988851547241,0.0
1,0.9242879152297974,0.9242879152297974,0.9242879152297974,0.0,0.9532868266105652,0.9532868266105652,0.9532868266105652,0.0,0.9323437809944153,0.9323437809944153,0.9323437809944153,0.0,0.9291090965270996,0.9291090965270996,0.9291090965270996,0.0
0,0.91860431432724,0.94474196434021,0.9384849667549133,0.0003834210510831326,0.9468399882316589,0.9548937082290649,0.9527697563171387,3.385475429240614e-05,0.9246311187744141,0.9459924697875977,0.9435754418373108,0.0004936709883622825,0.9229171276092529,0.9380722641944885,0.9379236698150635,0.0004372040566522628
0,0.8673712611198425,0.9060324430465698,0.8974727392196655,0.0005499749095179141,0.9417661428451538,0.9539698362350464,0.9479039907455444,4.00033823098056e-05,0.9299651980400085,0.9485290050506592,0.9454315304756165,0.00020877446513623,0.9095731973648071,0.9353192448616028,0.9264429807662964,0.00027813116321340203
0,0.9330167770385742,0.9506799578666687,0.9456425309181213,0.00015713371976744384,0.9635303020477295,0.9683493971824646,0.9673308730125427,1.4653215657745022e-05,0.950085461139679,0.9690073132514954,0.9633867740631104,0.00017906974244397134,0.9410845637321472,0.961711049079895,0.9555739164352417,0.00021276900952216238
0,0.8759009838104248,0.8787129521369934,0.8779517412185669,4.0666895984031726e-06,0.9354926943778992,0.9421648383140564,0.9403758645057678,2.3012822566670366e-05,0.9015355110168457,0.9044475555419922,0.9044017195701599,1.5660472854506224e-05,0.8943483233451843,0.8972495198249817,0.8966576457023621,5.500810857483884e-06
0,0.943774938583374,0.943774938583374,0.943774938583374,0.0,0.9530432224273682,0.9530432224273682,0.9530432224273682,0.0,0.9524144530296326,0.9524144530296326,0.9524144530296326,0.0,0.9414942264556885,0.9414942264556885,0.9414942264556885,0.0
0,0.0,0.0,0.0,0.0,0.0,0.0,0.0,0.0,0.0,0.0,0.0,0.0,0.0,0.0,0.0,0.0
1,0.9081025123596191,0.9081025123596191,0.9081025123596191,0.0,0.9538558125495911,0.9538558125495911,0.9538558125495911,0.0,0.9215384721755981,0.9215384721755981,0.9215384721755981,0.0,0.9129548668861389,0.9129548668861389,0.9129548668861389,0.0
0,0.9342777132987976,0.9342777132987976,0.9342777132987976,0.0,0.960915744304657,0.960915744304657,0.960915744304657,0.0,0.948487401008606,0.948487401008606,0.948487401008606,0.0,0.9356709718704224,0.9356709718704224,0.9356709718704224,0.0
0,0.9002066850662231,0.9362515211105347,0.931658148765564,0.0005260213511064649,0.9434489011764526,0.9568237066268921,0.955731987953186,5.439785309135914e-05,0.9224846959114075,0.9506153464317322,0.9426159858703613,0.0002858686784747988,0.9079811573028564,0.9381910562515259,0.9354737997055054,0.0004283393209334463
0,0.8965877890586853,0.9260704517364502,0.9202826023101807,0.00037866763886995614,0.9407370090484619,0.9545087218284607,0.950287401676178,7.770825322950259e-05,0.9319203495979309,0.9547089338302612,0.9457566738128662,0.00016768218483775854,0.9214768409729004,0.9321725964546204,0.9303770661354065,8.711768896318972e-05
0,0.0,0.0,0.0,0.0,0.0,0.0,0.0,0.0,0.0,0.0,0.0,0.0,0.0,0.0,0.0,0.0
1,0.8797239065170288,0.9444838762283325,0.9220287203788757,0.0010391189716756344,0.9423362612724304,0.9655202627182007,0.9574652910232544,0.00010190150351263583,0.928459644317627,0.9639992713928223,0.9502609968185425,0.0002725595550145954,0.9111701846122742,0.9528226256370544,0.936446487903595,0.00035595177905634046
0,0.0,0.0,0.0,0.0,0.0,0.0,0.0,0.0,0.0,0.0,0.0,0.0,0.0,0.0,0.0,0.0
1,0.9124552011489868,0.9645835757255554,0.9425183534622192,0.0006896763225086033,0.9476234912872314,0.9715094566345215,0.9608269929885864,0.00012360152322798967,0.9283768534660339,0.9734746813774109,0.9622119665145874,0.0008398900972679257,0.9187949299812317,0.9625614285469055,0.949194073677063,0.0006805076263844967
0,0.9045298099517822,0.9105949997901917,0.9102881550788879,5.65325899515301e-05,0.9522897601127625,0.9557120203971863,0.9554445147514343,1.5461262591998093e-05,0.9296331405639648,0.9350875616073608,0.9343671202659607,2.8855743948952295e-05,0.9127795100212097,0.9187178611755371,0.9174785614013672,2.253244565508794e-05
1,0.9271525740623474,0.9521375894546509,0.9440014362335205,0.000227433250984177,0.9532200694084167,0.9675328731536865,0.9637336134910583,9.123344352701679e-05,0.9341791868209839,0.9561176300048828,0.9512112736701965,0.0001804241182981059,0.9229410290718079,0.9499514698982239,0.944108784198761,0.00028953319997526705
0,0.8667777180671692,0.9089257717132568,0.901703417301178,0.0013782106107100844,0.9332146048545837,0.9514853358268738,0.9477166533470154,0.00021579023450613022,0.9025619029998779,0.9241490364074707,0.9198402166366577,0.0003112901176791638,0.8833489418029785,0.9069050550460815,0.9013770818710327,0.00031691312324255705
0,0.863895058631897,0.9377073645591736,0.8808283805847168,0.0005652608233503997,0.9374172687530518,0.9607378244400024,0.9444920420646667,6.077886064304039e-05,0.9085580706596375,0.9426957964897156,0.9263750314712524,0.0003228320274502039,0.9018761515617371,0.943248987197876,0.9137758612632751,0.0001977699139388278
0,0.9261087775230408,0.9352184534072876,0.9328572750091553,4.379622987471521e-05,0.9506587982177734,0.9556435346603394,0.9545771479606628,1.5491468730033375e-05,0.9486033320426941,0.9540351629257202,0.9531636834144592,2.4330394808202982e-05,0.9406998157501221,0.9492987394332886,0.9473340511322021,4.327426722738892e-05
1,0.8838933110237122,0.9224481582641602,0.9137041568756104,0.0004993784241378307,0.9481468200683594,0.9614298939704895,0.9577116370201111,5.8392008213559166e-05,0.8999765515327454,0.9404051303863525,0.9255596995353699,0.00040512060513719916,0.9028280973434448,0.9303380250930786,0.9251579642295837,0.0003043015021830797
0,0.8921061158180237,0.8921061158180237,0.8921061158180237,0.0,0.9462687969207764,0.9462687969207764,0.9462687969207764,0.0,0.908006489276886,0.908006489276886,0.908006489276886,0.0,0.908028781414032,0.908028781414032,0.908028781414032,0.0
0,0.8509286046028137,0.9007203578948975,0.8897563815116882,0.0015027611516416073,0.9216682314872742,0.9381725788116455,0.9355774521827698,0.00022872230329085141,0.9104323983192444,0.9287368059158325,0.9260866641998291,0.0003020609437953681,0.8832876682281494,0.9043382406234741,0.9029650688171387,0.0006286202115006745
0,0.8916546702384949,0.9471075534820557,0.9274111986160278,0.0008124765008687973,0.9444272518157959,0.9646615386009216,0.9533140659332275,6.958640733500943e-05,0.9206213355064392,0.9623913168907166,0.9538183212280273,0.0007790322415530682,0.9059354066848755,0.9486936926841736,0.9394352436065674,0.0010529576102271676
1,0.8626394867897034,0.9128999710083008,0.9078675508499146,0.0019519795896485448,0.9400643706321716,0.9622665643692017,0.9539477229118347,0.0001707691262708977,0.8763417601585388,0.9145240783691406,0.9143213033676147,0.0018897848203778267,0.8825734257698059,0.9291093945503235,0.9196022748947144,0.001460710191167891
0,0.8994612693786621,0.9253243207931519,0.9249557256698608,0.0003486621135380119,0.9514780044555664,0.9580782651901245,0.9578219056129456,3.951580947614275e-05,0.9432530403137207,0.9662208557128906,0.9636975526809692,0.00031415122793987393,0.9234545230865479,0.9463232159614563,0.945130467414856,0.00024567305808886886
1,0.8916642069816589,0.9236272573471069,0.9192755818367004,0.0009679658687673509,0.945692241191864,0.9575300812721252,0.9556030631065369,0.00011404277756810188,0.8992984890937805,0.9478021860122681,0.9382548332214355,0.0015935953706502914,0.8977134227752686,0.939570963382721,0.9315542578697205,0.001219634315930307
0,0.9195263981819153,0.9548254013061523,0.9473007321357727,0.0007795796263962984,0.9496724009513855,0.9650660157203674,0.9607977867126465,0.0001205234439112246,0.9420993328094482,0.9723429083824158,0.9657333493232727,0.0005584853352047503,0.926787793636322,0.966517984867096,0.9579088091850281,0.000971832952927798
0,0.9099931716918945,0.9285922646522522,0.9250850677490234,0.00024455212405882776,0.9508798122406006,0.960213840007782,0.9575504660606384,4.3873991671716794e-05,0.9444490075111389,0.9539916515350342,0.9512010216712952,4.5617820433108136e-05,0.926170825958252,0.9456371665000916,0.9417605400085449,0.0002537085092626512
1,0.8925393223762512,0.9249936938285828,0.9182206392288208,0.0006729948800057173,0.9488089680671692,0.954395055770874,0.9538023471832275,3.515405478538014e-05,0.9268686771392822,0.9481945037841797,0.942480742931366,0.00023519275418948382,0.9101473689079285,0.9364678859710693,0.9301895499229431,0.00039000858669169247
0,0.8499138951301575,0.9090802669525146,0.8941224217414856,0.0013917905744165182,0.9302473068237305,0.9471331834793091,0.9432601928710938,0.00014121313870418817,0.884755551815033,0.935154378414154,0.907831072807312,0.000443251192336902,0.883364737033844,0.927087664604187,0.9120675921440125,0.00043851867667399347
1,0.9456241130828857,0.9456241130828857,0.9456241130828857,0.0,0.9636222124099731,0.9636222124099731,0.9636222124099731,0.0,0.9526689648628235,0.9526689648628235,0.9526689648628235,0.0,0.9458953738212585,0.9458953738212585,0.9458953738212585,0.0
1,0.8643665313720703,0.9028255939483643,0.8938905596733093,0.0008524476434104145,0.9319917559623718,0.9390029907226562,0.9371230602264404,2.5411171009182e-05,0.8874037861824036,0.9033806324005127,0.9020774960517883,0.00033061744761653244,0.8793489933013916,0.8994753360748291,0.8979179263114929,0.0005371199804358184
0,0.896388053894043,0.9335577487945557,0.922517716884613,0.0003846358449663967,0.9430459141731262,0.9608708024024963,0.9536873698234558,5.6488475820515305e-05,0.9238107800483704,0.9549551010131836,0.9389802813529968,0.00019660821999423206,0.9069405794143677,0.9364262223243713,0.9280505180358887,0.00023437109484802932
0,0.9250859022140503,0.9250859022140503,0.9250859022140503,0.0,0.9571218490600586,0.9571218490600586,0.9571218490600586,0.0,0.9463093876838684,0.9463093876838684,0.9463093876838684,0.0,0.9311075806617737,0.9311075806617737,0.9311075806617737,0.0
0,0.9228339195251465,0.9228339195251465,0.9228339195251465,0.0,0.9569591283798218,0.9569591283798218,0.9569591283798218,0.0,0.922523021697998,0.922523021697998,0.922523021697998,0.0,0.922278881072998,0.922278881072998,0.922278881072998,0.0
1,0.9224119186401367,0.9427549242973328,0.937138557434082,0.00021086570632178336,0.9531250596046448,0.9614782333374023,0.9594892263412476,3.93418304156512e-05,0.9498419165611267,0.9575045108795166,0.9553560018539429,2.9734141207882203e-05,0.9389874935150146,0.9480096697807312,0.945909857749939,4.683724546339363e-05
0,0.9074561595916748,0.9265660643577576,0.9211716651916504,0.00018450456263963133,0.9414921402931213,0.9453812837600708,0.94446861743927,8.638305189379025e-06,0.9227511882781982,0.930667519569397,0.9299309849739075,7.607277802890167e-05,0.9143181443214417,0.9299891591072083,0.9265062212944031,0.00014752968854736537
1,0.9187666773796082,0.9187666773796082,0.9187666773796082,0.0,0.9447863101959229,0.9447863101959229,0.9447863101959229,0.0,0.9154964089393616,0.9154964089393616,0.9154964089393616,0.0,0.9125611782073975,0.9125611782073975,0.9125611782073975,0.0
0,0.9270591139793396,0.9372826814651489,0.934708833694458,5.6315850088139996e-05,0.9487829804420471,0.9521312713623047,0.9515282511711121,8.291656740766484e-06,0.9507317543029785,0.9553229808807373,0.9542490243911743,1.2074051483068615e-05,0.9367713332176208,0.9418566226959229,0.9412505626678467,2.7022810172638856e-05
0,0.0,0.0,0.0,0.0,0.0,0.0,0.0,0.0,0.0,0.0,0.0,0.0,0.0,0.0,0.0,0.0
0,0.901705265045166,0.9104472994804382,0.9100101590156555,0.0001178158781840466,0.9437605738639832,0.9517257809638977,0.9511480331420898,8.643241017125547e-05,0.9277015328407288,0.9373805522918701,0.9365481734275818,0.00011834874021587893,0.9268171787261963,0.9353860020637512,0.9334415793418884,4.3248113797744736e-05
1,0.9120204448699951,0.9270944595336914,0.9230915307998657,0.00011810706200776622,0.9366185665130615,0.9498148560523987,0.946018397808075,8.751058339839801e-05,0.9179057478904724,0.9324501752853394,0.9318219423294067,0.00033828383311629295,0.917153537273407,0.9299027919769287,0.9283512830734253,0.00016740454884711653
0,0.8923282623291016,0.9487161636352539,0.9335262179374695,0.0016394676640629768,0.938960075378418,0.9629092216491699,0.956555962562561,0.00029830358107574284,0.9271084666252136,0.9552744626998901,0.9469356536865234,0.0003968674864154309,0.9055116176605225,0.9544737935066223,0.9410321116447449,0.0012245634570717812
1,0.9020025134086609,0.914192795753479,0.9124560952186584,0.0001462148065911606,0.9480646252632141,0.9519845247268677,0.9516795873641968,1.1022351827705279e-05,0.9213859438896179,0.9355811476707458,0.9322788119316101,9.556205623084679e-05,0.9186312556266785,0.9286243915557861,0.9259793758392334,9.893508831737563e-05
0,0.8026962280273438,0.9310250282287598,0.8901425004005432,0.004000133369117975,0.9159692525863647,0.9672681093215942,0.9469720125198364,0.0005189228686504066,0.8856065273284912,0.9693459868431091,0.929762065410614,0.0014331825077533722,0.870877206325531,0.9695531129837036,0.9182237386703491,0.001434697536751628
1,0.8604809641838074,0.9650494456291199,0.9341924786567688,0.004126090556383133,0.9294642806053162,0.9726170301437378,0.9528998732566833,0.00044443365186452866,0.8925844430923462,0.9652665853500366,0.9437738060951233,0.002282321685925126,0.8864496946334839,0.9605184197425842,0.9381579160690308,0.0018646670505404472
1,0.9305763244628906,0.9305763244628906,0.9305763244628906,0.0,0.9478432536125183,0.9478432536125183,0.9478432536125183,0.0,0.9373925924301147,0.9373925924301147,0.9373925924301147,0.0,0.9284898042678833,0.9284898042678833,0.9284898042678833,0.0
0,0.8990806341171265,0.9534503817558289,0.9188595414161682,0.0003359262482263148,0.9468076825141907,0.968197226524353,0.9541563391685486,4.848513344768435e-05,0.9305328130722046,0.9706333875656128,0.9522403478622437,0.00040705749415792525,0.9148960709571838,0.964059591293335,0.9370126128196716,0.0004056794277857989
0,0.9108640551567078,0.9207422137260437,0.919467031955719,9.629371197661385e-05,0.9511259198188782,0.9515104293823242,0.9514060616493225,7.593065731725801e-08,0.9250009655952454,0.929497480392456,0.9288368821144104,1.80061069841031e-05,0.9205115437507629,0.9306704998016357,0.9293658137321472,0.00010223722347291186
1,0.9185747504234314,0.92906653881073,0.9281346201896667,0.0001368548400932923,0.9463441967964172,0.9477232098579407,0.9474086761474609,1.1147353689011652e-06,0.9427342414855957,0.9509079456329346,0.9487787485122681,3.514235504553653e-05,0.9342865347862244,0.948337972164154,0.9456169009208679,0.0001359422894893214
1,0.9213030338287354,0.9213030338287354,0.9213030338287354,0.0,0.9647746086120605,0.9647746086120605,0.9647746086120605,0.0,0.9193789958953857,0.9193789958953857,0.9193789958953857,0.0,0.9263719916343689,0.9263719916343689,0.9263719916343689,0.0
1,0.0,0.0,0.0,0.0,0.0,0.0,0.0,0.0,0.0,0.0,0.0,0.0,0.0,0.0,0.0,0.0
1,0.9027981758117676,0.9456207752227783,0.9330414533615112,0.0009180815541185439,0.9428248405456543,0.955025315284729,0.9515443444252014,7.496076432289556e-05,0.9372031688690186,0.9624603986740112,0.955267608165741,0.00032142610871233046,0.9167163372039795,0.9485061168670654,0.9389940500259399,0.0005053053610026836
1,0.9022804498672485,0.9022804498672485,0.9022804498672485,0.0,0.940904974937439,0.940904974937439,0.940904974937439,0.0,0.9192063808441162,0.9192063808441162,0.9192063808441162,0.0,0.8987452387809753,0.8987452387809753,0.8987452387809753,0.0
0,0.8877180814743042,0.9329333901405334,0.9249629378318787,0.0009207852417603135,0.9421318769454956,0.9598592519760132,0.9528467059135437,7.500323408748955e-05,0.9192693829536438,0.9611494541168213,0.941495418548584,0.00045418506488204,0.9056624174118042,0.9519141316413879,0.9339980483055115,0.000550719618331641
0,0.9124946594238281,0.9347978234291077,0.9305793642997742,0.0002234845160273835,0.9423055648803711,0.9518190622329712,0.9488394856452942,2.7770985980168916e-05,0.9332199096679688,0.9503270387649536,0.9473145008087158,0.0001269006752409041,0.9256460070610046,0.941325306892395,0.9390073418617249,0.00014513479254674166
1,0.8675747513771057,0.930612325668335,0.9128944873809814,0.0020106059964746237,0.9192028045654297,0.9586964845657349,0.9476147890090942,0.0007896650931797922,0.872957706451416,0.9335119128227234,0.9156808853149414,0.0018352799816057086,0.8159682154655457,0.9268366098403931,0.8939744234085083,0.006148540880531073
0,0.9088149666786194,0.9088149666786194,0.9088149666786194,0.0,0.9316717386245728,0.9316717386245728,0.9316717386245728,0.0,0.8952434062957764,0.8952434062957764,0.8952434062957764,0.0,0.8985583782196045,0.8985583782196045,0.8985583782196045,0.0
1,0.9219958782196045,0.9219958782196045,0.9219958782196045,0.0,0.9506293535232544,0.9506293535232544,0.9506293535232544,0.0,0.9259635210037231,0.9259635210037231,0.9259635210037231,0.0,0.918954610824585,0.918954610824585,0.918954610824585,0.0
1,0.8376069068908691,0.9179840087890625,0.9124517440795898,0.004966889973729849,0.9292492866516113,0.9517269134521484,0.9497793912887573,0.0003722906403709203,0.8762383460998535,0.9180086851119995,0.9141342639923096,0.0012997834710404277,0.850583553314209,0.9116172194480896,0.9099229574203491,0.0030850537586957216
1,0.9163073301315308,0.9163073301315308,0.9163073301315308,0.0,0.9391707181930542,0.9391707181930542,0.9391707181930542,0.0,0.8917873501777649,0.8917873501777649,0.8917873501777649,0.0,0.8909271955490112,0.8909271955490112,0.8909271955490112,0.0
1,0.9210091233253479,0.9397526383399963,0.934492826461792,0.0001778574223862961,0.9527924656867981,0.9563062787055969,0.955624520778656,8.484773388772737e-06,0.9476144909858704,0.9640439748764038,0.9591476321220398,0.0001349808881059289,0.9365035891532898,0.9557867050170898,0.9502127170562744,0.00018666236428543925
1,0.8853162527084351,0.9490886926651001,0.9250833988189697,0.001222872408106923,0.9426963925361633,0.9625006914138794,0.9544793963432312,0.00011262187035754323,0.9185523390769958,0.9640451073646545,0.9478680491447449,0.0005130735808052123,0.8992627859115601,0.9518742561340332,0.9325428605079651,0.0008615255355834961
0,0.9308751821517944,0.9308751821517944,0.9308751821517944,0.0,0.9498118758201599,0.9498118758201599,0.9498118758201599,0.0,0.9373828768730164,0.9373828768730164,0.9373828768730164,0.0,0.9437772631645203,0.9437772631645203,0.9437772631645203,0.0
1,0.8644410371780396,0.9461221694946289,0.9117165207862854,0.0022892470005899668,0.9300180673599243,0.9609960317611694,0.9498932957649231,0.0004916251637041569,0.9030809998512268,0.9552143216133118,0.9389830827713013,0.0007841147016733885,0.893282413482666,0.9492843151092529,0.9234794974327087,0.0008630181546323001
0,0.8959676027297974,0.8959676027297974,0.8959676027297974,0.0,0.9474920630455017,0.9474920630455017,0.9474920630455017,0.0,0.9252773523330688,0.9252773523330688,0.9252773523330688,0.0,0.9115244746208191,0.9115244746208191,0.9115244746208191,0.0
0,0.9293587803840637,0.9712783098220825,0.9481186866760254,0.0002612927637528628,0.9529102444648743,0.9659011363983154,0.9623642563819885,5.126593168824911e-05,0.9325571656227112,0.9716386795043945,0.9517889022827148,0.00033050644560717046,0.9265066981315613,0.9702515602111816,0.9463935494422913,0.00033014462678693235
1,0.843646228313446,0.906978964805603,0.8822832703590393,0.0010308572091162205,0.9230272173881531,0.9506734609603882,0.9372934103012085,0.00016598401998635381,0.9122538566589355,0.9314738512039185,0.9229306578636169,9.65121143963188e-05,0.8854731917381287,0.9165324568748474,0.9063526391983032,0.00035450374707579613
1,0.0,0.0,0.0,0.0,0.0,0.0,0.0,0.0,0.0,0.0,0.0,0.0,0.0,0.0,0.0,0.0
0,0.9125548601150513,0.9125548601150513,0.9125548601150513,0.0,0.9386863708496094,0.9386863708496094,0.9386863708496094,0.0,0.923764169216156,0.923764169216156,0.923764169216156,0.0,0.9085094928741455,0.9085094928741455,0.9085094928741455,0.0
1,0.936771035194397,0.936771035194397,0.936771035194397,0.0,0.956092357635498,0.956092357635498,0.956092357635498,0.0,0.9356871247291565,0.9356871247291565,0.9356871247291565,0.0,0.9439037442207336,0.9439037442207336,0.9439037442207336,0.0
0,0.0,0.0,0.0,0.0,0.0,0.0,0.0,0.0,0.0,0.0,0.0,0.0,0.0,0.0,0.0,0.0
1,0.933512806892395,0.933512806892395,0.933512806892395,0.0,0.9567009210586548,0.9567009210586548,0.9567009210586548,0.0,0.9388065934181213,0.9388065934181213,0.9388065934181213,0.0,0.922264039516449,0.922264039516449,0.922264039516449,0.0
0,0.9047333598136902,0.9540749788284302,0.9415852427482605,0.001306447316892445,0.9477594494819641,0.9589129686355591,0.9565057158470154,7.68896788940765e-05,0.9191830158233643,0.9599398374557495,0.9504332542419434,0.000953905750066042,0.9138614535331726,0.9572067260742188,0.9472096562385559,0.0010900611523538828
0,0.9394077062606812,0.9394077062606812,0.9394077062606812,0.0,0.9542653560638428,0.9542653560638428,0.9542653560638428,0.0,0.9526330232620239,0.9526330232620239,0.9526330232620239,0.0,0.9399660229682922,0.9399660229682922,0.9399660229682922,0.0
0,0.930854320526123,0.930854320526123,0.930854320526123,0.0,0.95079505443573,0.95079505443573,0.95079505443573,0.0,0.9436345100402832,0.9436345100402832,0.9436345100402832,0.0,0.9355272054672241,0.9355272054672241,0.9355272054672241,0.0
1,0.9191096425056458,0.9372296333312988,0.9339154958724976,0.00023920364037621766,0.952401876449585,0.9628678560256958,0.9604201912879944,6.275220221141353e-05,0.9353057742118835,0.9583834409713745,0.9537761211395264,0.0003556854499038309,0.9202253222465515,0.943122923374176,0.9397144317626953,0.0004617702215909958
1,0.9153696894645691,0.9324176907539368,0.928473174571991,0.00016812823014333844,0.9408612251281738,0.9489457011222839,0.9474195837974548,4.615616853698157e-05,0.9389259219169617,0.9512673616409302,0.9479039907455444,7.807226938894019e-05,0.9223113059997559,0.9412796497344971,0.9364418983459473,0.00019201911345589906
0,0.8766694664955139,0.9456710815429688,0.8996155261993408,0.0006810523336753249,0.938414454460144,0.95463627576828,0.9520965218544006,0.0001187472662422806,0.934839129447937,0.9655438661575317,0.9575504064559937,0.0002510546473786235,0.9137057065963745,0.9583654999732971,0.9385061860084534,0.00034823999158106744
0,0.8639166951179504,0.9217473268508911,0.9128865599632263,0.0015939624281600118,0.9375867247581482,0.951540470123291,0.9490349292755127,0.00011250309034949169,0.9006701111793518,0.9664711952209473,0.9553292989730835,0.0021712982561439276,0.8918054699897766,0.942474365234375,0.934054970741272,0.0012512587709352374
1,0.8298842906951904,0.8814705014228821,0.8771905899047852,0.0016383929178118706,0.9175809025764465,0.9394155740737915,0.9363646507263184,0.00019622102263383567,0.8993916511535645,0.9405289888381958,0.9300189018249512,0.0007697271066717803,0.8836414813995361,0.9238215684890747,0.9175955057144165,0.000845204689539969
0,0.8747889995574951,0.9334396719932556,0.9209120869636536,0.0019440337782725692,0.9341230392456055,0.95902019739151,0.9501627683639526,0.0002202781179221347,0.9185856580734253,0.9521478414535522,0.9424425959587097,0.00036172830732539296,0.8998698592185974,0.9351553320884705,0.9269899129867554,0.000579124956857413
1,0.8954017758369446,0.8984725475311279,0.8981408476829529,1.050645369105041e-05,0.9415003657341003,0.9457412362098694,0.944744348526001,1.0256552741338965e-05,0.9325222969055176,0.9430503249168396,0.9400644302368164,5.5915948905749246e-05,0.9170680046081543,0.9208524823188782,0.9207626581192017,2.5379355065524578e-05
1,0.8572255969047546,0.897442638874054,0.8790799379348755,0.00043658557115122676,0.9370297193527222,0.9497668147087097,0.9417862296104431,5.3495983593165874e-05,0.8974501490592957,0.9220927953720093,0.9095214009284973,0.00010123666288563982,0.8819350004196167,0.900439441204071,0.8958413600921631,0.00015969626838341355
0,0.8794815540313721,0.949279248714447,0.913162112236023,0.0011672793189063668,0.9382969737052917,0.9584313631057739,0.9499781727790833,9.489217336522415e-05,0.9149079322814941,0.9608734846115112,0.9382766485214233,0.0004637892416212708,0.8954941630363464,0.9551476836204529,0.9258145093917847,0.0007736883708275855
0,0.9502852559089661,0.952206015586853,0.9518893361091614,2.9678010378120234e-06,0.9535743594169617,0.9581320285797119,0.9570035338401794,1.1336550414853264e-05,0.9530523419380188,0.9568696022033691,0.9562827944755554,1.2482028978411108e-05,0.9482643008232117,0.9495393633842468,0.9493861794471741,1.6894464351935312e-06
1,0.8342373967170715,0.9433063864707947,0.8906788229942322,0.002989434404298663,0.9237549304962158,0.9518808722496033,0.942086935043335,0.0002495355438441038,0.8999229669570923,0.9651193022727966,0.9364293813705444,0.0015435053501278162,0.8879004120826721,0.9532893300056458,0.9238634705543518,0.0008907238370738924
1,0.8890321850776672,0.9277340769767761,0.9219968318939209,0.0005069432663731277,0.9399027824401855,0.9579555988311768,0.9527402520179749,0.00011052437912439927,0.904708981513977,0.9516314268112183,0.9368353486061096,0.0006461667944677174,0.8953418731689453,0.9434685111045837,0.9274366497993469,0.0006115126307122409
0,0.9292905926704407,0.9292905926704407,0.9292905926704407,0.0,0.9520626664161682,0.9520626664161682,0.9520626664161682,0.0,0.9216774702072144,0.9216774702072144,0.9216774702072144,0.0,0.9298157691955566,0.9298157691955566,0.9298157691955566,0.0
0,0.8757944107055664,0.8815849423408508,0.8815381526947021,6.438673153752461e-05,0.9505470395088196,0.9514670372009277,0.9513914585113525,1.092497427634953e-06,0.9173278212547302,0.9218775033950806,0.9207913875579834,1.1645191079878714e-05,0.9028916358947754,0.9035964608192444,0.9035925269126892,9.660038813308347e-07
1,0.8699302077293396,0.9009257555007935,0.8950927257537842,0.0005400586524046957,0.939312219619751,0.9476614594459534,0.9470250606536865,3.220356666133739e-05,0.9086622595787048,0.9352827072143555,0.9321169257164001,0.00047300950973294675,0.898007869720459,0.9229092001914978,0.9225624799728394,0.0005829422152601182
1,0.9366954565048218,0.9366954565048218,0.9366954565048218,0.0,0.9488939046859741,0.9488939046859741,0.9488939046859741,0.0,0.9488677978515625,0.9488677978515625,0.9488677978515625,0.0,0.9393349289894104,0.9393349289894104,0.9393349289894104,0.0
0,0.903644323348999,0.9281978011131287,0.9199177026748657,0.00022263085702434182,0.94549959897995,0.9536114931106567,0.9526559114456177,4.6233792090788484e-05,0.9488425254821777,0.9650645852088928,0.9567412734031677,5.8655397879192606e-05,0.9248784184455872,0.947424590587616,0.9363287687301636,0.00011889433517353609
1,0.9360234141349792,0.9445981979370117,0.9423933029174805,3.901459785993211e-05,0.9577112197875977,0.9614591002464294,0.9610944986343384,1.6643125491100363e-05,0.9522418975830078,0.9610949754714966,0.9588852524757385,4.250647543813102e-05,0.9478098750114441,0.9579304456710815,0.9557458162307739,6.329867028398439e-05
0,0.920799732208252,0.920799732208252,0.920799732208252,0.0,0.9453788995742798,0.9453788995742798,0.9453788995742798,0.0,0.9327789545059204,0.9327789545059204,0.9327789545059204,0.0,0.918903112411499,0.918903112411499,0.918903112411499,0.0
1,0.9262139201164246,0.9262139201164246,0.9262139201164246,0.0,0.9573073387145996,0.9573073387145996,0.9573073387145996,0.0,0.9391747117042542,0.9391747117042542,0.9391747117042542,0.0,0.92730712890625,0.92730712890625,0.92730712890625,0.0
1,0.871269941329956,0.871269941329956,0.871269941329956,0.0,0.9272470474243164,0.9272470474243164,0.9272470474243164,0.0,0.8589102029800415,0.8589102029800415,0.8589102029800415,0.0,0.8496108651161194,0.8496108651161194,0.8496108651161194,0.0
1,0.8745562434196472,0.9413829445838928,0.9302269816398621,0.0024188344832509756,0.9334827661514282,0.9602713584899902,0.9550508260726929,0.00035730170202441514,0.905593752861023,0.9493944048881531,0.9433608651161194,0.0012192917056381702,0.8904634714126587,0.9420090317726135,0.9322041273117065,0.001122209127061069
0,0.9306333065032959,0.9306333065032959,0.9306333065032959,0.0,0.9496303796768188,0.9496303796768188,0.9496303796768188,0.0,0.9402630925178528,0.9402630925178528,0.9402630925178528,0.0,0.919095516204834,0.919095516204834,0.919095516204834,0.0
0,0.0,0.0,0.0,0.0,0.0,0.0,0.0,0.0,0.0,0.0,0.0,0.0,0.0,0.0,0.0,0.0
0,0.9302354454994202,0.9302354454994202,0.9302354454994202,0.0,0.9466019868850708,0.9466019868850708,0.9466019868850708,0.0,0.9301444888114929,0.9301444888114929,0.9301444888114929,0.0,0.9261788725852966,0.9261788725852966,0.9261788725852966,0.0
0,0.9379035830497742,0.9431255459785461,0.9416648745536804,1.3821881111653056e-05,0.9498517513275146,0.9519031047821045,0.9516141414642334,3.879871201206697e-06,0.9510712027549744,0.959557056427002,0.9570649266242981,3.605318852351047e-05,0.9454019665718079,0.9489058256149292,0.9483253359794617,9.830841918301303e-06
1,0.9091395735740662,0.9629402756690979,0.9361189007759094,0.0004296250408515334,0.9447501301765442,0.9680494070053101,0.9562991857528687,7.933113374747336e-05,0.9259886741638184,0.964769184589386,0.9490694999694824,0.00042055657831951976,0.9089978337287903,0.9578115940093994,0.9345669150352478,0.00048373121535405517
1,0.9260218739509583,0.9260218739509583,0.9260218739509583,0.0,0.9433245062828064,0.9433245062828064,0.9433245062828064,0.0,0.9169503450393677,0.9169503450393677,0.9169503450393677,0.0,0.9173964262008667,0.9173964262008667,0.9173964262008667,0.0
1,0.0,0.0,0.0,0.0,0.0,0.0,0.0,0.0,0.0,0.0,0.0,0.0,0.0,0.0,0.0,0.0
0,0.9315593838691711,0.9485521912574768,0.9456827640533447,0.00022714144142810255,0.9527986645698547,0.9592094421386719,0.9577006101608276,2.3411383153870702e-05,0.9389166831970215,0.9533668160438538,0.951754093170166,0.00022792082745581865,0.9295549392700195,0.9478771090507507,0.9447654485702515,0.0002626566856633872
0,0.9043502807617188,0.9426497220993042,0.9326519966125488,0.0007705283351242542,0.9398333430290222,0.9559619426727295,0.9512789249420166,0.00013046871754340827,0.9124086499214172,0.9498144388198853,0.9390654563903809,0.0007033210713416338,0.9093944430351257,0.9378608465194702,0.9302880764007568,0.0004207569872960448
1,0.8470123410224915,0.9286773800849915,0.9072449803352356,0.001775391399860382,0.9265039563179016,0.9590163230895996,0.9438683390617371,0.0001925928663695231,0.9055700302124023,0.9444209337234497,0.9366081953048706,0.0005405772826634347,0.8819690942764282,0.930347740650177,0.9169831275939941,0.0006503207259811461
1,0.9068596363067627,0.9105861783027649,0.9103488922119141,1.986982715607155e-05,0.9469585418701172,0.9494364261627197,0.9492109417915344,7.540171736764023e-06,0.9419443607330322,0.9511797428131104,0.9496216773986816,6.715115887345746e-05,0.9247422218322754,0.9302467107772827,0.929061770439148,1.8775281205307692e-05
0,0.8841015696525574,0.9269932508468628,0.9136492609977722,0.0006681308732368052,0.942532479763031,0.9597823619842529,0.9516015648841858,6.41744991298765e-05,0.9236173629760742,0.9486773014068604,0.9412016868591309,0.0002558159758336842,0.9106758832931519,0.9414642453193665,0.9287328720092773,0.00024308939464390278
1,0.9350830316543579,0.9350830316543579,0.9350830316543579,0.0,0.9491384029388428,0.9491384029388428,0.9491384029388428,0.0,0.9214406609535217,0.9214406609535217,0.9214406609535217,0.0,0.9306653738021851,0.9306653738021851,0.9306653738021851,0.0
0,0.9273245334625244,0.9273245334625244,0.9273245334625244,0.0,0.9514200091362,0.9514200091362,0.9514200091362,0.0,0.9254364371299744,0.9254364371299744,0.9254364371299744,0.0,0.9202584624290466,0.9202584624290466,0.9202584624290466,0.0
1,0.8531906008720398,0.9094743728637695,0.8932801485061646,0.0015918881399556994,0.9282235503196716,0.9504578113555908,0.9449590444564819,0.00027005470474250615,0.9029517769813538,0.9401401877403259,0.9294630289077759,0.0006953179836273193,0.8867613673210144,0.922009289264679,0.9125531911849976,0.0006420504651032388
0,0.9082186818122864,0.9305204749107361,0.9242283701896667,0.0002841199457179755,0.9434522986412048,0.955418586730957,0.9539580941200256,8.761726348893717e-05,0.9441735148429871,0.9536151885986328,0.9520310163497925,3.460988591541536e-05,0.9356905817985535,0.9490333795547485,0.9466494917869568,0.00010149688023375347
0,0.942329466342926,0.942329466342926,0.942329466342926,0.0,0.9557573199272156,0.9557573199272156,0.9557573199272156,0.0,0.9514048099517822,0.9514048099517822,0.9514048099517822,0.0,0.9430497288703918,0.9430497288703918,0.9430497288703918,0.0
1,0.9230391979217529,0.9427475929260254,0.9380493760108948,0.00015792333579156548,0.9479499459266663,0.9579053521156311,0.9548388719558716,3.247264976380393e-05,0.940792977809906,0.9556030631065369,0.9518293142318726,8.290047844639048e-05,0.9333565831184387,0.9501725435256958,0.9500623941421509,0.00014086651208344847
0,0.9263346195220947,0.9421857595443726,0.9386486411094666,0.00015036435797810555,0.9545359015464783,0.9676335453987122,0.9652923345565796,0.00012780750694219023,0.9554181098937988,0.9625157117843628,0.9608559012413025,2.8861950340797193e-05,0.9435164928436279,0.9565691351890564,0.9534448385238647,9.562683408148587e-05
1,0.8923215866088867,0.9269804358482361,0.9206059575080872,0.0008703823550604284,0.9420381188392639,0.9540621042251587,0.9514303803443909,8.814758621156216e-05,0.9097146987915039,0.9291446805000305,0.9266876578330994,0.0003782645508181304,0.9053854942321777,0.9323334097862244,0.925676703453064,0.0003970640245825052
1,0.0,0.0,0.0,0.0,0.0,0.0,0.0,0.0,0.0,0.0,0.0,0.0,0.0,0.0,0.0,0.0
1,0.8851889967918396,0.9218549728393555,0.9123548865318298,0.0007096836343407631,0.9335882663726807,0.9556726813316345,0.950151801109314,0.0002641904284246266,0.9103043079376221,0.9381895661354065,0.933871328830719,0.0006618130137212574,0.8965896964073181,0.9289671778678894,0.9232147336006165,0.0007856160518713295
1,0.9420709013938904,0.9420709013938904,0.9420709013938904,0.0,0.9534134864807129,0.9534134864807129,0.9534134864807129,0.0,0.9262888431549072,0.9262888431549072,0.9262888431549072,0.0,0.9409725069999695,0.9409725069999695,0.9409725069999695,0.0
1,0.8690530061721802,0.9568588137626648,0.9190682768821716,0.0015511084347963333,0.9343567490577698,0.9595546126365662,0.9484974145889282,0.0001385209325235337,0.9059123396873474,0.9657337069511414,0.9465594291687012,0.001508506597019732,0.8992862105369568,0.9601194858551025,0.9360884428024292,0.0010060452623292804
1,0.8692300915718079,0.8913700580596924,0.8869240880012512,0.00018399005057290196,0.9412589073181152,0.9461612701416016,0.9451227784156799,1.787897417671047e-05,0.9167689681053162,0.9292134642601013,0.9259309768676758,5.6419612519675866e-05,0.9006152153015137,0.9123002886772156,0.9108272194862366,0.0001036613539326936
0,0.9035432934761047,0.9062674045562744,0.9060686230659485,1.0084432688017841e-05,0.9441030621528625,0.9493200778961182,0.9482651948928833,1.7947188098332845e-05,0.926234245300293,0.9315522909164429,0.9306570291519165,2.2311471184366383e-05,0.9147322773933411,0.9183659553527832,0.9174954295158386,7.405582891806262e-06
1,0.9262514710426331,0.9346762895584106,0.933761477470398,7.883013313403353e-05,0.9541924595832825,0.9573545455932617,0.9572593569755554,1.71385381690925e-05,0.9455743432044983,0.9524562358856201,0.9514245390892029,4.1460665670456365e-05,0.9345234036445618,0.9423525333404541,0.9404683113098145,3.424315946176648e-05
1,0.8793484568595886,0.9008257389068604,0.8960239291191101,0.0001961226953426376,0.9361554980278015,0.9443105459213257,0.9436060190200806,3.244043909944594e-05,0.9221177101135254,0.935015857219696,0.9337962865829468,8.37239422253333e-05,0.9158477783203125,0.9258172512054443,0.9245913624763489,5.4192310926737264e-05
0,0.9121348261833191,0.9406027793884277,0.9324997663497925,0.0004084002284798771,0.9440922737121582,0.9539529085159302,0.9526099562644958,9.209890413330868e-05,0.9294967651367188,0.9568749666213989,0.949640154838562,0.0003907432546839118,0.9249044060707092,0.9479684233665466,0.9413744807243347,0.0002677369338925928
1,0.8920164108276367,0.9491950869560242,0.9321914315223694,0.0016350786900147796,0.9331952929496765,0.9465202689170837,0.942973256111145,9.215951286023483e-05,0.927809476852417,0.9619926810264587,0.9534216523170471,0.0006315052160061896,0.9173027873039246,0.954745888710022,0.9440666437149048,0.0007061029900796711
1,0.9092389941215515,0.9092389941215515,0.9092389941215515,0.0,0.958314061164856,0.958314061164856,0.958314061164856,0.0,0.9256626963615417,0.9256626963615417,0.9256626963615417,0.0,0.9103295207023621,0.9103295207023621,0.9103295207023621,0.0
0,0.9054850339889526,0.9674465656280518,0.9537277817726135,0.00140748533885926,0.9486516118049622,0.9700443148612976,0.9620957970619202,0.00011489457392599434,0.9121355414390564,0.96486496925354,0.9611457586288452,0.001075690845027566,0.910670816898346,0.9641286730766296,0.953715443611145,0.0009105150238610804
1,0.88099205493927,0.88099205493927,0.88099205493927,0.0,0.9438357353210449,0.9438357353210449,0.9438357353210449,0.0,0.8811703324317932,0.8811703324317932,0.8811703324317932,0.0,0.8609811663627625,0.8609811663627625,0.8609811663627625,0.0
1,0.9256534576416016,0.9256534576416016,0.9256534576416016,0.0,0.9485348463058472,0.9485348463058472,0.9485348463058472,0.0,0.9303799867630005,0.9303799867630005,0.9303799867630005,0.0,0.9134522676467896,0.9134522676467896,0.9134522676467896,0.0
1,0.8748122453689575,0.9162328243255615,0.9023070931434631,0.0007276940159499645,0.9417427778244019,0.9506587982177734,0.9482747316360474,4.580527820507996e-05,0.9093137383460999,0.9424886703491211,0.9381104111671448,0.0008181733428500593,0.8929968476295471,0.9293073415756226,0.9184659719467163,0.0006317743100225925
1,0.9335654377937317,0.9335654377937317,0.9335654377937317,0.0,0.9545471668243408,0.9545471668243408,0.9545471668243408,0.0,0.9538580179214478,0.9538580179214478,0.9538580179214478,0.0,0.9380356073379517,0.9380356073379517,0.9380356073379517,0.0
0,0.8817124962806702,0.8957087993621826,0.8927839994430542,0.0001250018394785002,0.9445551037788391,0.9475516080856323,0.9467760920524597,4.743526915262919e-06,0.9140777587890625,0.9192347526550293,0.9189714193344116,4.076589902979322e-05,0.8804036974906921,0.8907527327537537,0.8905495405197144,0.00019386709027457982
0,0.938866138458252,0.9521926641464233,0.9482309222221375,8.88205468072556e-05,0.9536759853363037,0.956473708152771,0.9559831023216248,5.940129994996823e-06,0.9529144763946533,0.9589002728462219,0.9584859609603882,4.9721264076652005e-05,0.9452342987060547,0.9547464847564697,0.9523136019706726,4.819150854018517e-05
0,0.9113755822181702,0.9466879963874817,0.938197135925293,0.0005817175260744989,0.9473363161087036,0.9642572402954102,0.9551584720611572,4.929339775117114e-05,0.9287793040275574,0.9519398808479309,0.9456003904342651,0.00029530940810218453,0.9215618371963501,0.9496890306472778,0.9395941495895386,0.00033153590629808605
0,0.9403111934661865,0.9403111934661865,0.9403111934661865,0.0,0.955334484577179,0.955334484577179,0.955334484577179,0.0,0.9329582452774048,0.9329582452774048,0.9329582452774048,0.0,0.938598096370697,0.938598096370697,0.938598096370697,0.0
1,0.8219800591468811,0.9250437021255493,0.9213299751281738,0.006392213981598616,0.9169367551803589,0.9579182267189026,0.9515880346298218,0.0008205148624256253,0.8914400935173035,0.9449723958969116,0.9413383603096008,0.001404899056069553,0.8816949725151062,0.9400294423103333,0.9320935010910034,0.0014559219125658274
0,0.8983673453330994,0.900504469871521,0.9000963568687439,3.1887491331872297e-06,0.9452176690101624,0.9455794095993042,0.9454872608184814,6.989883871710845e-08,0.9324402809143066,0.9379662275314331,0.936499297618866,1.5875277313170955e-05,0.9164526462554932,0.9179766178131104,0.9178492426872253,2.9740585887338966e-06
1,0.8657224774360657,0.9545588493347168,0.9025264978408813,0.0016803659964352846,0.9328200221061707,0.9634069204330444,0.9433043599128723,0.00019306667672935873,0.9024985432624817,0.9584528207778931,0.9404876232147217,0.0015074892435222864,0.8909010291099548,0.9554551839828491,0.9316410422325134,0.0017031481256708503
1,0.8926358222961426,0.9313270449638367,0.9167217016220093,0.0004729935899376869,0.9452555775642395,0.9613457918167114,0.9565180540084839,5.9971160226268694e-05,0.902193546295166,0.931890606880188,0.9273300170898438,0.0005542165599763393,0.8985767364501953,0.9291163682937622,0.9222951531410217,0.00035696738632395864
1,0.8614445328712463,0.8966217041015625,0.8962830305099487,0.0008108931942842901,0.9288845062255859,0.9505162239074707,0.9430533051490784,0.0001864741207100451,0.9071810245513916,0.9393219947814941,0.9376592636108398,0.0007832639385014772,0.889514684677124,0.9266265630722046,0.9260104894638062,0.0009333487250842154
1,0.9163883328437805,0.9261757731437683,0.9235216975212097,4.922361404169351e-05,0.9511029720306396,0.9546395540237427,0.9540166258811951,9.451959158468526e-06,0.9400348663330078,0.9481359720230103,0.9472960829734802,7.497083424823359e-05,0.9271561503410339,0.9290130734443665,0.9287610650062561,3.2753898722148733e-06
1,0.8603689074516296,0.9164513945579529,0.9023411870002747,0.0016954391030594707,0.9301082491874695,0.9515031576156616,0.9462419152259827,0.000251190533163026,0.9184849858283997,0.9477440714836121,0.9412924647331238,0.0005182265886105597,0.8953514099121094,0.9245069622993469,0.9191000461578369,0.0006109231035225093
1,0.8779687881469727,0.8779687881469727,0.8779687881469727,0.0,0.933592677116394,0.933592677116394,0.933592677116394,0.0,0.9011090993881226,0.9011090993881226,0.9011090993881226,0.0,0.8858568072319031,0.8858568072319031,0.8858568072319031,0.0
1,0.9210379719734192,0.9364383816719055,0.9360754489898682,0.00042064639274030924,0.9532766342163086,0.9585435390472412,0.9578649401664734,2.7414565920480527e-05,0.9439718723297119,0.9558943510055542,0.9546481370925903,0.00016159555525518954,0.9334337115287781,0.9497518539428711,0.9481592178344727,0.00031495041912421584
0,0.8843404650688171,0.9101645350456238,0.9052045941352844,0.0003414831298869103,0.9366125464439392,0.9454043507575989,0.9453689455986023,8.101791172521189e-05,0.9249007701873779,0.9455886483192444,0.9429706931114197,0.0003426607290748507,0.9146008491516113,0.9420125484466553,0.9387716054916382,0.00042829581070691347
0,0.9167594909667969,0.9199487566947937,0.9196382761001587,1.2047609743603971e-05,0.951462984085083,0.9535670876502991,0.9533341526985168,4.85778082293109e-06,0.9259570240974426,0.9442553520202637,0.9416929483413696,0.00031021013273857534,0.9225596785545349,0.9314512014389038,0.9294760227203369,4.7517427447019145e-05
1,0.9442563652992249,0.9442563652992249,0.9442563652992249,0.0,0.9643685817718506,0.9643685817718506,0.9643685817718506,0.0,0.9542568325996399,0.9542568325996399,0.9542568325996399,0.0,0.9481221437454224,0.9481221437454224,0.9481221437454224,0.0
1,0.9383234977722168,0.9450197815895081,0.9441714882850647,2.972353649965953e-05,0.9575430750846863,0.963982105255127,0.9639818072319031,2.712443529162556e-05,0.9577298164367676,0.961836576461792,0.9614876508712769,1.2877067092631478e-05,0.9470008015632629,0.9529590010643005,0.9512631297111511,2.2498015823657624e-05
1,0.9270473718643188,0.9646710753440857,0.9504963755607605,0.00026235863333567977,0.950576901435852,0.970463216304779,0.9636133909225464,8.432364120380953e-05,0.9315166473388672,0.9697154760360718,0.9572767019271851,0.0003863057936541736,0.9231907725334167,0.9731736183166504,0.9563121795654297,0.0005154618411324918
0,0.9258484840393066,0.9464207291603088,0.9382821321487427,0.00013435346772894263,0.950931966304779,0.9545130133628845,0.9533874988555908,4.384869043860817e-06,0.9485484957695007,0.9584612250328064,0.9567812085151672,4.7732130042277277e-05,0.9358245730400085,0.9507337212562561,0.9489167928695679,0.00012578505265992135
1,0.8980902433395386,0.941769003868103,0.9200789928436279,0.0004037337494082749,0.944318413734436,0.9561787843704224,0.9511827230453491,4.463117147679441e-05,0.9057920575141907,0.9428796768188477,0.9313573241233826,0.0005930314655415714,0.8960670232772827,0.9396098852157593,0.9223331809043884,0.0005258019082248211
1,0.9207901954650879,0.9738458395004272,0.9599707126617432,0.0010202289558947086,0.9554235339164734,0.9725283980369568,0.9674972295761108,0.00012696954945567995,0.9364166259765625,0.9768413305282593,0.9686793684959412,0.0008985985768958926,0.9238486886024475,0.9739744663238525,0.9638499617576599,0.0011177380802109838
1,0.0,0.0,0.0,0.0,0.0,0.0,0.0,0.0,0.0,0.0,0.0,0.0,0.0,0.0,0.0,0.0
0,0.898269772529602,0.9274568557739258,0.9233842492103577,0.0004018957552034408,0.946308434009552,0.9588208198547363,0.9561316967010498,8.021231042221189e-05,0.9184557199478149,0.9446251392364502,0.9389187693595886,0.000255752558587119,0.9063169360160828,0.9352683424949646,0.9302678108215332,0.0003549587563611567
1,0.8865750432014465,0.9090375304222107,0.9058800935745239,0.000295553618343547,0.9435105323791504,0.9518890380859375,0.9506865739822388,7.35023568267934e-05,0.9388101696968079,0.9594863653182983,0.9510630369186401,0.00012076876737410203,0.9137108325958252,0.9366147518157959,0.9333333373069763,0.0002515173691790551
1,0.9158352017402649,0.9158352017402649,0.9158352017402649,0.0,0.9418119192123413,0.9418119192123413,0.9418119192123413,0.0,0.9202542901039124,0.9202542901039124,0.9202542901039124,0.0,0.9161028861999512,0.9161028861999512,0.9161028861999512,0.0
0,0.9024794101715088,0.9187533855438232,0.9178236722946167,0.00017157768888864666,0.9510117173194885,0.9556487798690796,0.9549744129180908,9.4901124612079e-06,0.9051613807678223,0.9213392734527588,0.9199439287185669,0.00016715280071366578,0.9046015739440918,0.9225887060165405,0.9196125864982605,0.00013274498633109033
1,0.8324258923530579,1.000000238418579,0.9299744963645935,0.00975037645548582,0.9230765700340271,1.000000238418579,0.957194447517395,0.0010365861235186458,0.8700640797615051,1.000000238418579,0.9492061734199524,0.006559309083968401,0.8737822771072388,1.0,0.9473156929016113,0.004842841532081366
0,0.9367493391036987,0.9367493391036987,0.9367493391036987,0.0,0.9555137753486633,0.9555137753486633,0.9555137753486633,0.0,0.9313113689422607,0.9313113689422607,0.9313113689422607,0.0,0.935403048992157,0.935403048992157,0.935403048992157,0.0
0,0.9140926003456116,0.9524998664855957,0.9367929100990295,0.0003959819732699543,0.949940025806427,0.9630646705627441,0.9612529277801514,6.592988211195916e-05,0.9310253262519836,0.9542883634567261,0.9505881071090698,0.00027691904688254,0.9236798286437988,0.9497745037078857,0.9421662092208862,0.00023073986812960356
0,0.8980000615119934,0.9042665362358093,0.9035582542419434,4.2512972868280485e-05,0.9349565505981445,0.9503084421157837,0.9461190700531006,0.00012072682147845626,0.9251101016998291,0.9354720711708069,0.93434739112854,0.00011928315507248044,0.9129366874694824,0.9274051189422607,0.9244558811187744,0.00013692706124857068
0,0.8894770741462708,0.9082738161087036,0.9067155122756958,0.00024469580966979265,0.9313390851020813,0.9472646713256836,0.9432724714279175,0.00014776995521970093,0.9271371960639954,0.9449317455291748,0.944340705871582,0.0003610420972108841,0.9110545516014099,0.9290773868560791,0.9279590249061584,0.00037561950739473104
1,0.8931655883789062,0.8931655883789062,0.8931655883789062,0.0,0.9450255036354065,0.9450255036354065,0.9450255036354065,0.0,0.9083564281463623,0.9083564281463623,0.9083564281463623,0.0,0.8973014950752258,0.8973014950752258,0.8973014950752258,0.0
1,0.8750087022781372,0.9404993057250977,0.9163956642150879,0.001131432130932808,0.9388867020606995,0.9613483548164368,0.9528775811195374,0.00013084802776575089,0.9139254689216614,0.9546170234680176,0.9435840249061584,0.000574758043512702,0.8957077264785767,0.9403030872344971,0.9244202375411987,0.0006136663141660392
1,0.9129319190979004,0.9129319190979004,0.9129319190979004,0.0,0.9374985098838806,0.9374985098838806,0.9374985098838806,0.0,0.8843746781349182,0.8843746781349182,0.8843746781349182,0.0,0.8968104720115662,0.8968104720115662,0.8968104720115662,0.0
0,0.8796228170394897,0.9340457320213318,0.9243971109390259,0.0020152349025011063,0.9358934164047241,0.9608938097953796,0.951433539390564,0.0003623507800512016,0.9095752835273743,0.9554344415664673,0.9389027953147888,0.0007859479519538581,0.9017226696014404,0.9497597217559814,0.9359776973724365,0.0010185936698690057
0,0.8791243433952332,0.9078648090362549,0.9000335335731506,0.0004234312509652227,0.9320116639137268,0.9397355318069458,0.9383731484413147,4.5022006815997884e-05,0.8990805745124817,0.9110275506973267,0.9092764258384705,0.0001273598609259352,0.8968231081962585,0.9177968502044678,0.9116047024726868,0.00022011599503457546
0,0.9156479835510254,0.9346235990524292,0.9325756430625916,0.00040144400554709136,0.9480788111686707,0.9551504850387573,0.9543553590774536,5.432685065898113e-05,0.9318049550056458,0.9496632814407349,0.9466158151626587,0.0002483947027940303,0.9230937957763672,0.9417887926101685,0.940079391002655,0.00042813338222913444
1,0.9345083236694336,0.9345083236694336,0.9345083236694336,0.0,0.9522942900657654,0.9522942900657654,0.9522942900657654,0.0,0.9323985576629639,0.9323985576629639,0.9323985576629639,0.0,0.9286203384399414,0.9286203384399414,0.9286203384399414,0.0
0,0.8884312510490417,0.9365687370300293,0.9211329221725464,0.0012213228037580848,0.9302567839622498,0.9497657418251038,0.9446050524711609,0.000270469841780141,0.9275370836257935,0.947910726070404,0.9436340928077698,0.00022238670499064028,0.9147593379020691,0.9453192949295044,0.9371941685676575,0.00048782036174088717
0,0.8969813585281372,0.9525094628334045,0.9406019449234009,0.0012317206710577011,0.9409831166267395,0.9638477563858032,0.9584820866584778,0.00020320793555583805,0.9066712856292725,0.9537733793258667,0.9416764974594116,0.000991174136288464,0.8941047787666321,0.9511919021606445,0.9440824389457703,0.0018655239837244153
0,0.0,0.0,0.0,0.0,0.0,0.0,0.0,0.0,0.0,0.0,0.0,0.0,0.0,0.0,0.0,0.0
1,0.8837507963180542,0.9533394575119019,0.9293619394302368,0.0016929435078054667,0.9399021863937378,0.962772011756897,0.953639566898346,0.00013592773757409304,0.913692831993103,0.9694566130638123,0.9502425789833069,0.0010570995509624481,0.9061158895492554,0.9560739398002625,0.9393978714942932,0.0007606793660670519
0,0.9010601043701172,0.9120336174964905,0.9092470407485962,6.446689803851768e-05,0.9417166709899902,0.9469077587127686,0.945713460445404,1.566968967381399e-05,0.9241988062858582,0.9304662346839905,0.9290723204612732,2.3582215362694114e-05,0.9166797995567322,0.926803708076477,0.9237810969352722,5.125091047375463e-05
1,0.8247684836387634,0.9334903359413147,0.8930222988128662,0.004797583911567926,0.9248887300491333,0.9550852179527283,0.9430476427078247,0.00031485053477808833,0.8677584528923035,0.934475302696228,0.9214397668838501,0.0031122888904064894,0.8733287453651428,0.946077287197113,0.9183891415596008,0.0019265359733253717
1,0.8965171575546265,0.9553561210632324,0.9458847641944885,0.0014913128688931465,0.9452966451644897,0.9614487290382385,0.9551505446434021,8.213858382077888e-05,0.9193019866943359,0.9625235795974731,0.9434911608695984,0.0005830531008541584,0.9120479822158813,0.957105278968811,0.9377253651618958,0.0004946207627654076
1,0.9333681464195251,0.9333681464195251,0.9333681464195251,0.0,0.9536644220352173,0.9536644220352173,0.9536644220352173,0.0,0.9187366366386414,0.9187366366386414,0.9187366366386414,0.0,0.9294833540916443,0.9294833540916443,0.9294833540916443,0.0
0,0.9292894601821899,0.9292894601821899,0.9292894601821899,0.0,0.9560127854347229,0.9560127854347229,0.9560127854347229,0.0,0.9440232515335083,0.9440232515335083,0.9440232515335083,0.0,0.9253798127174377,0.9253798127174377,0.9253798127174377,0.0
1,0.8713261485099792,0.9318737983703613,0.8942543864250183,0.0005576529656536877,0.940046489238739,0.9509158134460449,0.948179304599762,3.958216984756291e-05,0.9176561236381531,0.94536292552948,0.927800178527832,0.00016435139696113765,0.9082474708557129,0.938632607460022,0.9198935031890869,0.00012798911484424025
0,0.8932707905769348,0.9159113168716431,0.9065911769866943,0.00017211803060490638,0.9368321299552917,0.9460831880569458,0.944431483745575,3.984246723121032e-05,0.9284704923629761,0.9435520172119141,0.9432942867279053,9.489430522080511e-05,0.9176675081253052,0.9325548410415649,0.9318327903747559,0.00014585093595087528
0,0.9361381530761719,0.9361381530761719,0.9361381530761719,0.0,0.9543935656547546,0.9543935656547546,0.9543935656547546,0.0,0.9403887987136841,0.9403887987136841,0.9403887987136841,0.0,0.9219200015068054,0.9219200015068054,0.9219200015068054,0.0
1,0.8973026871681213,0.909504771232605,0.9067047238349915,8.678832091391087e-05,0.940458357334137,0.9464496970176697,0.9452664256095886,2.423377736704424e-05,0.9287360310554504,0.944725751876831,0.9407244920730591,0.00013838564336765558,0.91961669921875,0.9295759201049805,0.926702618598938,4.981175879947841e-05
0,0.7124050259590149,1.0000001192092896,0.9137216210365295,0.041355449706315994,0.8963974118232727,1.0,0.9689192175865173,0.005366742145270109,0.8549962639808655,1.0,0.9564988613128662,0.010513038374483585,0.8311233520507812,0.9999998807907104,0.9493369460105896,0.014259633608162403
0,0.0,0.0,0.0,0.0,0.0,0.0,0.0,0.0,0.0,0.0,0.0,0.0,0.0,0.0,0.0,0.0
1,0.873125433921814,0.9489309787750244,0.9317800998687744,0.002934703603386879,0.9300206303596497,0.9665757417678833,0.9550389051437378,0.0006232422310858965,0.906132698059082,0.9548136591911316,0.9465303421020508,0.0013862858759239316,0.8928382992744446,0.9467748403549194,0.9337536096572876,0.0016606963472440839
0,0.8747932314872742,0.8747932314872742,0.8747932314872742,0.0,0.9197002053260803,0.9197002053260803,0.9197002053260803,0.0,0.8565353155136108,0.8565353155136108,0.8565353155136108,0.0,0.8610864281654358,0.8610864281654358,0.8610864281654358,0.0
0,0.8881574273109436,0.9152485132217407,0.9142988920211792,0.0006597886676900089,0.9350449442863464,0.945499062538147,0.9449712038040161,0.00011868956062244251,0.9254602789878845,0.9538635015487671,0.9486449956893921,0.00047463984810747206,0.9103428721427917,0.9372353553771973,0.9280189275741577,0.000457415560958907
0,0.954745888710022,0.954745888710022,0.954745888710022,0.0,0.9646872282028198,0.9646872282028198,0.9646872282028198,0.0,0.949741005897522,0.949741005897522,0.949741005897522,0.0,0.9519916772842407,0.9519916772842407,0.9519916772842407,0.0
1,0.9440737366676331,0.9440737366676331,0.9440737366676331,0.0,0.9561330080032349,0.9561330080032349,0.9561330080032349,0.0,0.9663683772087097,0.9663683772087097,0.9663683772087097,0.0,0.953368604183197,0.953368604183197,0.953368604183197,0.0
1,0.8695164322853088,0.9434807300567627,0.9297924041748047,0.00651755603030324,0.9347075819969177,0.9663703441619873,0.9533659219741821,0.0006290540331974626,0.9058473110198975,0.9527217149734497,0.9462293982505798,0.0021985904313623905,0.896065354347229,0.945164680480957,0.9368098378181458,0.002078407211229205
1,0.8493390083312988,0.9145779609680176,0.8867582678794861,0.001041193725541234,0.9245991110801697,0.9528322219848633,0.940077006816864,0.00019017579325009137,0.9167253375053406,0.9466536045074463,0.9415930509567261,0.0005502482526935637,0.8814440369606018,0.9159372448921204,0.9111244678497314,0.0005869948654435575
1,0.0,0.0,0.0,0.0,0.0,0.0,0.0,0.0,0.0,0.0,0.0,0.0,0.0,0.0,0.0,0.0
1,0.8730239868164062,0.9170818328857422,0.9118067026138306,0.0009712433675304055,0.9375807642936707,0.9553363919258118,0.9495011568069458,0.00012024083116557449,0.9158767461776733,0.9392045736312866,0.9373918175697327,0.00035378619213588536,0.8959997296333313,0.918022871017456,0.9164689183235168,0.000418529671151191
0,0.9261307716369629,0.9390010833740234,0.9365887641906738,0.00011780322529375553,0.9519474506378174,0.9577085375785828,0.9561384320259094,1.7012562238960527e-05,0.9097731709480286,0.9304162859916687,0.9260016083717346,0.0002657738223206252,0.9223114848136902,0.9345651865005493,0.9333692193031311,0.0001775970886228606
0,0.8706166744232178,0.8886592388153076,0.8853895664215088,0.00023931643227115273,0.9320588111877441,0.9434382915496826,0.9405385851860046,6.91519962856546e-05,0.9041494727134705,0.9356918334960938,0.927976131439209,0.0005483270506374538,0.8959315419197083,0.9257858991622925,0.9171817302703857,0.0004477056208997965
0,0.9194579720497131,0.9277468323707581,0.9261200428009033,4.667482789955102e-05,0.9558885097503662,0.9574352502822876,0.9573324918746948,3.3710050502122613e-06,0.9379364848136902,0.9443636536598206,0.9432395696640015,3.143078720313497e-05,0.9312999844551086,0.936391294002533,0.9356582760810852,2.3477965441998094e-05
0,0.8845256567001343,0.8845256567001343,0.8845256567001343,0.0,0.9169252514839172,0.9169252514839172,0.9169252514839172,0.0,0.8715870380401611,0.8715870380401611,0.8715870380401611,0.0,0.8816747069358826,0.8816747069358826,0.8816747069358826,0.0
0,0.8926190137863159,0.9398970603942871,0.9221590757369995,0.0004404962819535285,0.9473671317100525,0.9683878421783447,0.9565919637680054,5.327866165316664e-05,0.9314614534378052,0.9638579487800598,0.9532024264335632,0.000320822698995471,0.9177474975585938,0.9557692408561707,0.939012348651886,0.00027160532772541046
1,0.8575024604797363,0.917896568775177,0.8942612409591675,0.000959288387093693,0.9364740252494812,0.9483075141906738,0.9462801814079285,7.778077997500077e-05,0.916742742061615,0.9460541009902954,0.9346396327018738,0.00022788789647165686,0.8900361657142639,0.930842399597168,0.9095468521118164,0.0003497986763250083
1,0.8706669807434082,0.9108601212501526,0.9034679532051086,0.0011705647921189666,0.9376969337463379,0.9485906362533569,0.9458903074264526,6.470997323049232e-05,0.9043059349060059,0.9196767807006836,0.9186098575592041,0.0003275045892223716,0.8853196501731873,0.9053085446357727,0.8999000787734985,0.00020554580260068178
0,0.9120929837226868,0.9322336316108704,0.9289205074310303,0.0003269520530011505,0.9480364322662354,0.9565703868865967,0.9549701809883118,5.177316415938549e-05,0.937305748462677,0.9459215998649597,0.9457443356513977,0.0001337150315521285,0.9258726239204407,0.9367983341217041,0.9366443157196045,0.00022230924514587969
1,0.9175097346305847,0.9533883333206177,0.9431338906288147,0.0006479568546637893,0.9442462921142578,0.959225058555603,0.9550958275794983,0.00011439534137025476,0.9386932253837585,0.9627788662910461,0.9555920362472534,0.0002900852414313704,0.9273405075073242,0.9584380984306335,0.950080931186676,0.0004992784815840423
1,0.851946234703064,0.9290903806686401,0.9081326127052307,0.004190836101770401,0.9210341572761536,0.950149655342102,0.946751594543457,0.0006855718675069511,0.8972195386886597,0.9506281614303589,0.9362410306930542,0.0013510789722204208,0.8870823979377747,0.9441369771957397,0.9239286184310913,0.0013739620335400105
0,0.9466129541397095,0.9466129541397095,0.9466129541397095,0.0,0.9490218758583069,0.9490218758583069,0.9490218758583069,0.0,0.9450315237045288,0.9450315237045288,0.9450315237045288,0.0,0.9381791353225708,0.9381791353225708,0.9381791353225708,0.0
1,0.8733150362968445,0.9007269144058228,0.8931973576545715,0.0003837355470750481,0.9376131892204285,0.9503586292266846,0.9468235969543457,8.261128095909953e-05,0.9214601516723633,0.9227352142333984,0.922674298286438,2.53678763328935e-06,0.8988097310066223,0.9065417647361755,0.9053677320480347,5.176554259378463e-05
1,0.8787797689437866,0.9348450303077698,0.917010486125946,0.0010952143929898739,0.9402167201042175,0.9615336060523987,0.9520535469055176,0.00011345362872816622,0.909773588180542,0.9613242745399475,0.9410590529441833,0.000559358682949096,0.8986155390739441,0.945171058177948,0.9310166835784912,0.0006357163074426353
0,0.9131248593330383,0.929073691368103,0.9268023371696472,0.00023245818738359958,0.9471952319145203,0.9515408873558044,0.9514141082763672,3.252828537370078e-05,0.9366260170936584,0.9554717540740967,0.9514229893684387,0.00022051105042919517,0.9245553016662598,0.9383343458175659,0.9368376731872559,0.00021083075262140483
1,0.8772681355476379,0.9665201902389526,0.9232935309410095,0.0017506997101008892,0.9398458003997803,0.9602454900741577,0.9545109272003174,0.00014598420239053667,0.8802263140678406,0.958023190498352,0.9220985770225525,0.0010911502176895738,0.8923064470291138,0.9571840167045593,0.9316545128822327,0.0009398909751325846
0,0.9230014681816101,0.9230014681816101,0.9230014681816101,0.0,0.9576454162597656,0.9576454162597656,0.9576454162597656,0.0,0.9283426403999329,0.9283426403999329,0.9283426403999329,0.0,0.9342886209487915,0.9342886209487915,0.9342886209487915,0.0
0,0.9222428202629089,0.9222428202629089,0.9222428202629089,0.0,0.9474195837974548,0.9474195837974548,0.9474195837974548,0.0,0.9293968677520752,0.9293968677520752,0.9293968677520752,0.0,0.9202404022216797,0.9202404022216797,0.9202404022216797,0.0
1,0.881284236907959,0.9170643091201782,0.9089925289154053,0.0007582359830848873,0.9421183466911316,0.9479793310165405,0.9464768171310425,1.8266175175085664e-05,0.9149295687675476,0.9245196580886841,0.9239721894264221,0.0001364325435133651,0.9130298495292664,0.9246894121170044,0.9239722490310669,0.00019684777362272143
1,0.9418900609016418,0.9418900609016418,0.9418900609016418,0.0,0.95856773853302,0.95856773853302,0.95856773853302,0.0,0.9403100609779358,0.9403100609779358,0.9403100609779358,0.0,0.9377251267433167,0.9377251267433167,0.9377251267433167,0.0
0,0.9377315640449524,0.9377315640449524,0.9377315640449524,0.0,0.950131893157959,0.950131893157959,0.950131893157959,0.0,0.9290475845336914,0.9290475845336914,0.9290475845336914,0.0,0.9267762899398804,0.9267762899398804,0.9267762899398804,0.0
1,0.874840259552002,0.9048430919647217,0.9032191634178162,0.0005219352897256613,0.9395009875297546,0.9543003439903259,0.9496506452560425,8.443296974292025e-05,0.9201634526252747,0.9488524198532104,0.9391571283340454,0.00025687049492262304,0.904790461063385,0.9309591054916382,0.930610179901123,0.00040845642797648907
1,0.8635214567184448,0.9464324712753296,0.9275045990943909,0.001845060265623033,0.9318585991859436,0.9536558389663696,0.9502788186073303,0.0001660999987507239,0.9108573794364929,0.9662498831748962,0.9543998837471008,0.0009005414904095232,0.8974490165710449,0.9560051560401917,0.9452390074729919,0.0010199599200859666
0,0.8927502632141113,0.9090306162834167,0.9043092131614685,0.00013296537508722395,0.9456279873847961,0.9507462382316589,0.9495530128479004,1.5050495676405262e-05,0.9276490807533264,0.9292384386062622,0.9292327761650085,4.962341790815117e-06,0.9051192402839661,0.9238436818122864,0.9189796447753906,0.0001847605308284983
0,0.8175302743911743,0.8175302743911743,0.8175302743911743,0.0,0.8883970379829407,0.8883970379829407,0.8883970379829407,0.0,0.8462318181991577,0.8462318181991577,0.8462318181991577,0.0,0.8421622514724731,0.8421622514724731,0.8421622514724731,0.0
0,0.8995456695556641,0.9105953574180603,0.9082168936729431,7.869146793382242e-05,0.9461411833763123,0.9491198062896729,0.9482905268669128,4.77058756587212e-06,0.9381206631660461,0.9484360218048096,0.946668267250061,7.111245213309303e-05,0.9177887439727783,0.9362427592277527,0.9298123121261597,0.00012019625137327239
0,0.8910878300666809,0.9183550477027893,0.9116828441619873,0.0004096497141290456,0.9382074475288391,0.9450791478157043,0.9450241327285767,9.070996748050675e-05,0.9383638501167297,0.9532634019851685,0.9491212368011475,0.00011278848251095042,0.9198471903800964,0.9302347302436829,0.9280124306678772,6.726958235958591e-05
0,0.8758767247200012,0.9048430919647217,0.9025784730911255,0.0005033650086261332,0.9399323463439941,0.9554107189178467,0.9515029191970825,9.960440365830436e-05,0.9228549599647522,0.9522099494934082,0.9408358931541443,0.0002550574718043208,0.9047643542289734,0.9309591054916382,0.9295405149459839,0.00040186126716434956
1,0.9115663766860962,0.9115663766860962,0.9115663766860962,0.0,0.949997067451477,0.949997067451477,0.949997067451477,0.0,0.9185392260551453,0.9185392260551453,0.9185392260551453,0.0,0.9109823107719421,0.9109823107719421,0.9109823107719421,0.0
0,0.9219003915786743,0.9219003915786743,0.9219003915786743,0.0,0.9441456198692322,0.9441456198692322,0.9441456198692322,0.0,0.9095019102096558,0.9095019102096558,0.9095019102096558,0.0,0.9165701270103455,0.9165701270103455,0.9165701270103455,0.0
1,0.8698164224624634,0.958520770072937,0.935542106628418,0.0037118978798389435,0.932842493057251,0.9631713628768921,0.9569263458251953,0.0005698714521713555,0.9011421203613281,0.9603193998336792,0.943156898021698,0.001626904821023345,0.8893035650253296,0.9568464756011963,0.9329269528388977,0.001718457555398345
1,0.9091921448707581,0.9262650609016418,0.9226528406143188,0.00018372717022430152,0.9473684430122375,0.9495531916618347,0.94942706823349,7.05625097907614e-06,0.9393630027770996,0.9535714387893677,0.9506174921989441,0.0001294791727559641,0.9176688194274902,0.9282679557800293,0.9268283843994141,0.00010663955617928877
1,0.9033991098403931,0.9033991098403931,0.9033991098403931,0.0,0.9407494068145752,0.9407494068145752,0.9407494068145752,0.0,0.9203983545303345,0.9203983545303345,0.9203983545303345,0.0,0.9084976315498352,0.9084976315498352,0.9084976315498352,0.0
0,0.9238680005073547,0.9371022582054138,0.9356817603111267,0.00019592624448705465,0.9489643573760986,0.9547698497772217,0.9533247947692871,1.8317992726224475e-05,0.9429633617401123,0.9538864493370056,0.9517095685005188,7.982482202351093e-05,0.9234668612480164,0.9428083896636963,0.9391003847122192,0.00026015876210294664
1,0.8594176173210144,0.935472846031189,0.9119638800621033,0.0018765772692859173,0.9335670471191406,0.9587295055389404,0.9518869519233704,0.000327356334310025,0.907149076461792,0.9540282487869263,0.9360380172729492,0.000732283340767026,0.8877657651901245,0.9515825510025024,0.9242607355117798,0.0009324437705799937
0,0.7969344258308411,0.7969344258308411,0.7969344258308411,0.0,0.9154433012008667,0.9154433012008667,0.9154433012008667,0.0,0.8081523180007935,0.8081523180007935,0.8081523180007935,0.0,0.7946609258651733,0.7946609258651733,0.7946609258651733,0.0
0,0.9251866340637207,0.9331246614456177,0.9328295588493347,0.00010405154898762703,0.9434037208557129,0.9484337568283081,0.947166919708252,1.3628447049995884e-05,0.9368584156036377,0.949161171913147,0.9478222727775574,0.0001678718690527603,0.9350423812866211,0.9418728351593018,0.9409177899360657,4.3277697841404006e-05
0,0.9364066123962402,0.9364066123962402,0.9364066123962402,0.0,0.9628369808197021,0.9628369808197021,0.9628369808197021,0.0,0.9380064606666565,0.9380064606666565,0.9380064606666565,0.0,0.9400668144226074,0.9400668144226074,0.9400668144226074,0.0
0,0.9323673248291016,0.9522237181663513,0.9447389841079712,0.0001861598138930276,0.9517083168029785,0.9656845331192017,0.9640727639198303,7.016529707470909e-05,0.9315489530563354,0.9539257287979126,0.9486784934997559,0.00023214546672534198,0.922690212726593,0.946498453617096,0.941222071647644,0.0003839722485281527
0,0.9005590677261353,0.9005590677261353,0.9005590677261353,0.0,0.947576642036438,0.947576642036438,0.947576642036438,0.0,0.9148105382919312,0.9148105382919312,0.9148105382919312,0.0,0.9013915061950684,0.9013915061950684,0.9013915061950684,0.0
0,0.9076290130615234,0.9105861783027649,0.91046541929245,1.4161654689814895e-05,0.9479755759239197,0.9497995376586914,0.949726939201355,5.417100055638002e-06,0.9426382184028625,0.9522333741188049,0.9504646062850952,6.655861943727359e-05,0.9252559542655945,0.9302467107772827,0.9291293621063232,1.4859172551950905e-05
0,0.9167085289955139,0.9167085289955139,0.9167085289955139,0.0,0.9479858875274658,0.9479858875274658,0.9479858875274658,0.0,0.944740891456604,0.944740891456604,0.944740891456604,0.0,0.9246821403503418,0.9246821403503418,0.9246821403503418,0.0
0,0.8677253723144531,0.8992054462432861,0.8875492215156555,0.0002581168955657631,0.9372685551643372,0.948072075843811,0.9473581314086914,5.662555849994533e-05,0.9227390289306641,0.9468753337860107,0.9387850761413574,0.00023485005658585578,0.8988669514656067,0.9249420166015625,0.9174846410751343,0.00021283369278535247
1,0.8459064960479736,0.8802112340927124,0.8749091625213623,0.001003301003947854,0.9217869639396667,0.9426367878913879,0.9382886290550232,0.00027795261121354997,0.8898536562919617,0.9263790249824524,0.9226548671722412,0.0015391036868095398,0.8677077293395996,0.8962225317955017,0.8907247185707092,0.0005622631288133562
1,0.8761138319969177,0.9135456085205078,0.9033303260803223,0.0007177162915468216,0.9383023381233215,0.9452135562896729,0.9431461691856384,2.3882790628704242e-05,0.9146265983581543,0.9426866769790649,0.9350335597991943,0.0004034345329273492,0.8859830498695374,0.9268345832824707,0.9148823618888855,0.0008359556668438017
1,0.0,0.0,0.0,0.0,0.0,0.0,0.0,0.0,0.0,0.0,0.0,0.0,0.0,0.0,0.0,0.0
0,0.9317519664764404,0.9317519664764404,0.9317519664764404,0.0,0.9418216943740845,0.9418216943740845,0.9418216943740845,0.0,0.9106813669204712,0.9106813669204712,0.9106813669204712,0.0,0.923153281211853,0.923153281211853,0.923153281211853,0.0
1,0.9291285872459412,0.9291285872459412,0.9291285872459412,0.0,0.9599850177764893,0.9599850177764893,0.9599850177764893,0.0,0.9451558589935303,0.9451558589935303,0.9451558589935303,0.0,0.9361459016799927,0.9361459016799927,0.9361459016799927,0.0
0,0.9258909821510315,0.9258909821510315,0.9258909821510315,0.0,0.9531595706939697,0.9531595706939697,0.9531595706939697,0.0,0.9384284019470215,0.9384284019470215,0.9384284019470215,0.0,0.9290860295295715,0.9290860295295715,0.9290860295295715,0.0
1,0.9559093713760376,0.9559093713760376,0.9559093713760376,0.0,0.947725772857666,0.947725772857666,0.947725772857666,0.0,0.952022135257721,0.952022135257721,0.952022135257721,0.0,0.9519565105438232,0.9519565105438232,0.9519565105438232,0.0
1,0.0,0.0,0.0,0.0,0.0,0.0,0.0,0.0,0.0,0.0,0.0,0.0,0.0,0.0,0.0,0.0
0,0.9096697568893433,0.9478166103363037,0.9339639544487,0.00032940981327556074,0.9426136016845703,0.9591512680053711,0.9531802535057068,7.279850251507014e-05,0.9191296696662903,0.9607247114181519,0.947753369808197,0.000549276068340987,0.9133840799331665,0.9500715136528015,0.9387392401695251,0.0003382819122634828
0,0.8841953277587891,0.8894151449203491,0.888350784778595,1.781616265361663e-05,0.9295290112495422,0.9403820037841797,0.9379932284355164,7.14253619662486e-05,0.8993775248527527,0.9386235475540161,0.9272608160972595,0.0007729404605925083,0.880780041217804,0.919546365737915,0.9083924293518066,0.0007551894523203373
0,0.9136981964111328,0.9367967844009399,0.930607795715332,0.0002759135386440903,0.9388852715492249,0.9479877948760986,0.9458613395690918,4.7514186007902026e-05,0.9362597465515137,0.9412550926208496,0.9400290250778198,1.3714629858441185e-05,0.9228048920631409,0.9368871450424194,0.9334473609924316,0.0001094220788218081
1,0.9063787460327148,0.9063787460327148,0.9063787460327148,0.0,0.9499012231826782,0.9499012231826782,0.9499012231826782,0.0,0.9045182466506958,0.9045182466506958,0.9045182466506958,0.0,0.9058362245559692,0.9058362245559692,0.9058362245559692,0.0
1,0.8983182907104492,0.9338107109069824,0.9243295192718506,0.0006525359931401908,0.9475933909416199,0.9502942562103271,0.9500057697296143,8.185362275980879e-06,0.913516104221344,0.9570733308792114,0.9446525573730469,0.0009555782307870686,0.906665027141571,0.9435946941375732,0.9334457516670227,0.0006963160703890026
0,0.8582828640937805,0.9374409914016724,0.9159721732139587,0.003219536505639553,0.9363909363746643,0.9523230195045471,0.9476616382598877,0.0001271479850402102,0.9039629101753235,0.951928436756134,0.9395589828491211,0.0012183593353256583,0.8985495567321777,0.9466683864593506,0.9335317015647888,0.001185829285532236
1,0.873702347278595,0.956222414970398,0.9085432291030884,0.0014681280590593815,0.9357828497886658,0.9626049995422363,0.9490202069282532,0.00022450050164479762,0.9021661281585693,0.9622728228569031,0.9348747730255127,0.0010728978086262941,0.8875758051872253,0.9571411609649658,0.9182327389717102,0.0010260785929858685
1,0.942068338394165,0.942068338394165,0.942068338394165,0.0,0.9479310512542725,0.9479310512542725,0.9479310512542725,0.0,0.9413977861404419,0.9413977861404419,0.9413977861404419,0.0,0.9411287903785706,0.9411287903785706,0.9411287903785706,0.0
1,0.8761677145957947,0.9425758123397827,0.9092569947242737,0.0010623004054650664,0.9393901228904724,0.9594261050224304,0.9494069814682007,9.325186692876741e-05,0.9129794239997864,0.9531129002571106,0.9333827495574951,0.0003885950136464089,0.8928678631782532,0.9499620795249939,0.9214590787887573,0.0007345780613832176
1,0.9139857292175293,0.9139857292175293,0.9139857292175293,0.0,0.9567598104476929,0.9567598104476929,0.9567598104476929,0.0,0.9308804273605347,0.9308804273605347,0.9308804273605347,0.0,0.908747136592865,0.908747136592865,0.908747136592865,0.0
0,0.9287108778953552,0.9287108778953552,0.9287108778953552,0.0,0.9497438669204712,0.9497438669204712,0.9497438669204712,0.0,0.9338571429252625,0.9338571429252625,0.9338571429252625,0.0,0.9294928312301636,0.9294928312301636,0.9294928312301636,0.0
1,0.8876881003379822,0.956341028213501,0.9367505311965942,0.0015510431258007884,0.9355030655860901,0.9640203714370728,0.9555634260177612,0.00026790969423018396,0.9158722162246704,0.9784705638885498,0.9538940787315369,0.0009546478395350277,0.8993238806724548,0.9668715000152588,0.9413878321647644,0.001089947996661067
1,0.9278700351715088,0.9278700351715088,0.9278700351715088,0.0,0.942575216293335,0.942575216293335,0.942575216293335,0.0,0.9275956153869629,0.9275956153869629,0.9275956153869629,0.0,0.9169206619262695,0.9169206619262695,0.9169206619262695,0.0
1,0.8825631737709045,0.93734210729599,0.923623263835907,0.0007982994429767132,0.9394204020500183,0.9583672285079956,0.9525399804115295,9.516650607110932e-05,0.9203186631202698,0.9571821689605713,0.9457436800003052,0.00044560094829648733,0.9079788327217102,0.9445488452911377,0.9383431077003479,0.00040558085311204195
1,0.9028803706169128,0.9130731225013733,0.911450982093811,8.62996093928814e-05,0.9544709324836731,0.9623623490333557,0.9605376124382019,3.6044777516508475e-05,0.9343738555908203,0.9444040060043335,0.9435511231422424,0.000127787992823869,0.9147612452507019,0.9275745749473572,0.9240328073501587,8.361381333088502e-05
0,0.9244234561920166,0.9337348937988281,0.9320175647735596,6.265054253162816e-05,0.9497418403625488,0.9520829319953918,0.9514564275741577,2.836295834640623e-06,0.9480622410774231,0.9542006254196167,0.9531137943267822,2.833148028003052e-05,0.9339019656181335,0.9407716393470764,0.9396368861198425,3.789248876273632e-05
0,0.8532092571258545,0.8971976637840271,0.8802145719528198,0.0005522904102690518,0.9229428768157959,0.946341872215271,0.9398611783981323,0.00023287023941520602,0.9035985469818115,0.9367822408676147,0.9189562797546387,0.00024631546693854034,0.8752522468566895,0.9130433201789856,0.8958747386932373,0.00037356276880018413
1,0.8803184628486633,0.910919725894928,0.9026452302932739,0.0004818952875211835,0.9423155784606934,0.9496501684188843,0.9480234384536743,3.238307544961572e-05,0.9118550419807434,0.9228183627128601,0.9197016358375549,6.059124643797986e-05,0.8861984610557556,0.9150254726409912,0.9068740606307983,0.0004196101799607277
0,0.9556925892829895,0.9556925892829895,0.9556925892829895,0.0,0.9665387272834778,0.9665387272834778,0.9665387272834778,0.0,0.9504395127296448,0.9504395127296448,0.9504395127296448,0.0,0.9556687474250793,0.9556687474250793,0.9556687474250793,0.0
1,0.9041795134544373,0.9450078010559082,0.9327782392501831,0.0008334804442711174,0.942058265209198,0.9585279822349548,0.9548816084861755,0.00016355590196326375,0.9172687530517578,0.9556028842926025,0.9453052282333374,0.0007588577573187649,0.9121655821800232,0.941308319568634,0.9338303804397583,0.000451315805548802
1,0.8584004044532776,0.9122857451438904,0.9022960066795349,0.0007912159780971706,0.930684506893158,0.9529802799224854,0.9456037282943726,0.00011343375808792189,0.926102876663208,0.9709312915802002,0.9548928737640381,0.0004025414527859539,0.9068536162376404,0.9528490304946899,0.9387996792793274,0.00047798658488318324
1,0.8817979693412781,0.9299130439758301,0.9101192951202393,0.0008058693492785096,0.9363201856613159,0.94950270652771,0.9480845928192139,8.776732283877209e-05,0.9055735468864441,0.9399651885032654,0.9289763569831848,0.0004760765586979687,0.9035037755966187,0.9301396608352661,0.9259648323059082,0.000454282941063866
1,0.8294404745101929,0.9059597253799438,0.8822059631347656,0.002110237954184413,0.9236424565315247,0.950236439704895,0.9446619749069214,0.00038948707515373826,0.8871315717697144,0.9371727705001831,0.9271824359893799,0.0011232595425099134,0.8849350810050964,0.9280698299407959,0.9113133549690247,0.0006109962123446167
0,0.9229370951652527,0.9288160800933838,0.9280909299850464,3.5257649869890884e-05,0.9463825821876526,0.9543997049331665,0.952972948551178,4.809093297808431e-05,0.9299572110176086,0.9389058351516724,0.9384292364120483,0.00012129126116633415,0.9306581616401672,0.9327587485313416,0.9323739409446716,3.2092013952933485e-06
0,0.8898653984069824,0.9456863403320312,0.9305647015571594,0.00160197913646698,0.9393019080162048,0.962180495262146,0.9565958976745605,0.0002889783645514399,0.921797513961792,0.9521275758743286,0.9474061727523804,0.0007793502882122993,0.9151971936225891,0.9531199932098389,0.9439414143562317,0.0007996094063855708
1,0.8680484890937805,0.9042208194732666,0.8986067771911621,0.0010113754542544484,0.9354543685913086,0.946610689163208,0.9406354427337646,2.7055015380028635e-05,0.906536877155304,0.9323149919509888,0.9319382309913635,0.0005795355536974967,0.9067656993865967,0.9247962832450867,0.9244507551193237,0.0002920140395872295
0,0.8717566132545471,0.8857430815696716,0.8831354379653931,0.0001255759852938354,0.9218279719352722,0.9316580295562744,0.9288241267204285,3.1262319680536166e-05,0.9122353196144104,0.9327560067176819,0.927250862121582,0.0002166372287319973,0.904810905456543,0.9147729277610779,0.9139900207519531,8.792136213742197e-05
0,0.9312981963157654,0.9312981963157654,0.9312981963157654,0.0,0.9544549584388733,0.9544549584388733,0.9544549584388733,0.0,0.9446492195129395,0.9446492195129395,0.9446492195129395,0.0,0.9269474744796753,0.9269474744796753,0.9269474744796753,0.0
0,0.900886058807373,0.900886058807373,0.900886058807373,0.0,0.9556992053985596,0.9556992053985596,0.9556992053985596,0.0,0.9042608141899109,0.9042608141899109,0.9042608141899109,0.0,0.8987801671028137,0.8987801671028137,0.8987801671028137,0.0
0,0.9076002836227417,0.9310915470123291,0.9289806485176086,0.00018853225628845394,0.9433099627494812,0.9536921977996826,0.9496750831604004,4.190918116364628e-05,0.9332311749458313,0.9559118151664734,0.9543588161468506,0.00022132371668703854,0.9136629104614258,0.9366934299468994,0.9344353675842285,0.0003389233897905797
0,0.9322376847267151,0.9322376847267151,0.9322376847267151,0.0,0.9409303665161133,0.9409303665161133,0.9409303665161133,0.0,0.9394641518592834,0.9394641518592834,0.9394641518592834,0.0,0.929145872592926,0.929145872592926,0.929145872592926,0.0
1,0.9035947918891907,0.9275010228157043,0.9229613542556763,0.00022366347548086196,0.9506198763847351,0.95816969871521,0.9572598934173584,2.811169542837888e-05,0.9071393013000488,0.9333710074424744,0.9320895671844482,0.00037282262928783894,0.9090087413787842,0.929267168045044,0.9284778833389282,0.00020727184892166406
0,0.9156635999679565,0.9460785984992981,0.9367357492446899,0.0004618006350938231,0.9506889581680298,0.9615676403045654,0.9578207731246948,3.665518670459278e-05,0.9319778680801392,0.9660967588424683,0.9535282850265503,0.0005981842405162752,0.9273504614830017,0.9509672522544861,0.9441102147102356,0.00023501536634285003
1,0.8615638613700867,0.8825283050537109,0.877620279788971,0.00025155566981993616,0.9410397410392761,0.9435042142868042,0.9430688619613647,4.577194431476528e-06,0.8897765278816223,0.9088253974914551,0.9049710035324097,0.00023910554591566324,0.8777680993080139,0.8908568620681763,0.8877459168434143,9.674707689555362e-05
0,0.8866345882415771,0.9541764259338379,0.9412111639976501,0.001377572538331151,0.9457163214683533,0.9650093913078308,0.9624184370040894,0.0001483000669395551,0.930845320224762,0.9772142767906189,0.9662269353866577,0.0007014771108515561,0.9135910868644714,0.9647837281227112,0.9527432918548584,0.0007357448921538889
1,0.8991343379020691,0.9095408320426941,0.9084312319755554,0.0001216379678226076,0.944077730178833,0.9482625722885132,0.9481301307678223,2.9776885639876127e-05,0.9289104342460632,0.9322147369384766,0.9319451451301575,1.4139614904706832e-05,0.9203550815582275,0.9223797917366028,0.9221881628036499,4.930588602292119e-06
1,0.9209733009338379,0.9608029127120972,0.9496838450431824,0.000565214257221669,0.9484860897064209,0.9561275839805603,0.9559808969497681,5.2675768529297784e-05,0.9268506169319153,0.9611498117446899,0.9508899450302124,0.0003782725252676755,0.9245388507843018,0.9655494689941406,0.9511714577674866,0.0004835056606680155
0,0.926999032497406,0.926999032497406,0.926999032497406,0.0,0.953057050704956,0.953057050704956,0.953057050704956,0.0,0.9410887360572815,0.9410887360572815,0.9410887360572815,0.0,0.9336349964141846,0.9336349964141846,0.9336349964141846,0.0
0,0.8799921274185181,0.921939492225647,0.9102987051010132,0.0011749848490580916,0.9365649819374084,0.9507800340652466,0.9494672417640686,0.00012691746815107763,0.9071980714797974,0.940719485282898,0.9283461570739746,0.0004483425582293421,0.8984584212303162,0.922028124332428,0.9184982776641846,0.00048577142297290266
1,0.9395864605903625,0.9395864605903625,0.9395864605903625,0.0,0.9556649327278137,0.9556649327278137,0.9556649327278137,0.0,0.9428846836090088,0.9428846836090088,0.9428846836090088,0.0,0.9271883964538574,0.9271883964538574,0.9271883964538574,0.0
1,0.8587654232978821,0.9332479238510132,0.9127017259597778,0.0028277363162487745,0.914320170879364,0.9493618607521057,0.9405450820922852,0.0006618862389586866,0.8894967436790466,0.9240995645523071,0.9192016124725342,0.0010997147765010595,0.8592488169670105,0.9149260520935059,0.9049254655838013,0.0022987264674156904
1,0.8914117217063904,0.9235641360282898,0.9211053848266602,0.0007388966041617095,0.9371578097343445,0.9484043121337891,0.946455180644989,8.958583930507302e-05,0.9302603602409363,0.9510867595672607,0.9472566246986389,0.00030043136212043464,0.9154374599456787,0.9392515420913696,0.9350407123565674,0.00038472816231660545
1,0.9195658564567566,0.943243145942688,0.9371576309204102,0.0002046072913799435,0.9541587829589844,0.9608081579208374,0.9562954902648926,1.1932034794881474e-05,0.9377642869949341,0.9535871744155884,0.9498686790466309,0.00010089711577165872,0.9289177060127258,0.9580717086791992,0.9409448504447937,0.00017673395632300526
0,0.8735204339027405,0.932917594909668,0.9133020639419556,0.0010535056935623288,0.9396165013313293,0.971869945526123,0.9530051946640015,0.00012915418483316898,0.9086774587631226,0.9585603475570679,0.9412194490432739,0.0006662947125732899,0.8993721008300781,0.9468390345573425,0.9295254349708557,0.0005573383532464504
0,0.9045267701148987,0.945792555809021,0.9371174573898315,0.0005342132644727826,0.9459717869758606,0.9608737230300903,0.9587233662605286,7.5991076300852e-05,0.9306782484054565,0.9639122486114502,0.9564411640167236,0.0003881292068399489,0.9153748750686646,0.9480496644973755,0.9406841397285461,0.0004504211829043925
0,0.8896195292472839,0.9518417119979858,0.9422696828842163,0.0017427103593945503,0.9456560015678406,0.9608435034751892,0.955965518951416,7.793593249516562e-05,0.9125641584396362,0.9694667458534241,0.9442425966262817,0.0007342578028328717,0.9039710760116577,0.9590346813201904,0.9384083151817322,0.0008218353614211082
1,0.9180155396461487,0.9180155396461487,0.9180155396461487,0.0,0.9447925090789795,0.9447925090789795,0.9447925090789795,0.0,0.9119720458984375,0.9119720458984375,0.9119720458984375,0.0,0.9098480939865112,0.9098480939865112,0.9098480939865112,0.0
0,0.8877689838409424,0.9210402965545654,0.9168635606765747,0.0007168453303165734,0.9382011294364929,0.9511607885360718,0.9500477313995361,0.000178692935151048,0.9234941005706787,0.9540809392929077,0.9438285827636719,0.00027923821471631527,0.9060173034667969,0.940447211265564,0.9259026050567627,0.0004051892610732466
1,0.8847479820251465,0.9372816681861877,0.9215571880340576,0.0013799173757433891,0.9260087013244629,0.9550505876541138,0.9467025399208069,0.0004239307891111821,0.9313216209411621,0.9480178952217102,0.9442178606987,0.00016373580729123205,0.9133114218711853,0.943962574005127,0.9360096454620361,0.0004954746109433472
0,0.842454731464386,0.9174374341964722,0.879895806312561,0.001001090044155717,0.9234567880630493,0.9543912410736084,0.9378653764724731,0.00017352467693854123,0.9010326266288757,0.9445837736129761,0.9323313236236572,0.0007198504754342139,0.8830740451812744,0.9281498193740845,0.9103729724884033,0.00041371179395355284
0,0.9414652585983276,0.9414652585983276,0.9414652585983276,0.0,0.9472994804382324,0.9472994804382324,0.9472994804382324,0.0,0.9553749561309814,0.9553749561309814,0.9553749561309814,0.0,0.9449433088302612,0.9449433088302612,0.9449433088302612,0.0
0,0.9203723669052124,0.9601750373840332,0.9469244480133057,0.0009477910352870822,0.9534748792648315,0.9618211984634399,0.9610781669616699,4.367148721939884e-05,0.9299628138542175,0.9633806943893433,0.9575034976005554,0.0008238147129304707,0.9207782745361328,0.9583156108856201,0.9479260444641113,0.0007789600640535355
1,0.8300329446792603,0.922385573387146,0.9175890684127808,0.005951182451099157,0.9240310788154602,0.9583995342254639,0.9549244046211243,0.0006341515691019595,0.8477507829666138,0.9208035469055176,0.9170182943344116,0.00415776576846838,0.859889805316925,0.9297809600830078,0.92165607213974,0.003432163503021002
0,0.9195485711097717,0.9195485711097717,0.9195485711097717,0.0,0.9536672234535217,0.9536672234535217,0.9536672234535217,0.0,0.902539849281311,0.902539849281311,0.902539849281311,0.0,0.915111243724823,0.915111243724823,0.915111243724823,0.0
1,0.915452778339386,0.9284432530403137,0.926226794719696,0.00013145386765245348,0.9454324841499329,0.9489086866378784,0.9485864639282227,1.4697173355671111e-05,0.9436035752296448,0.9514390230178833,0.9495013952255249,3.35401164193172e-05,0.9264633059501648,0.9343069195747375,0.9320687651634216,3.098119850619696e-05
0,0.9211320281028748,0.9314091205596924,0.9287228584289551,5.5434353271266446e-05,0.945976972579956,0.9543105363845825,0.95260089635849,4.5137112465454265e-05,0.9385867118835449,0.9516686797142029,0.9498319625854492,0.00015822116984054446,0.9228222370147705,0.9330087304115295,0.9311690330505371,7.653630746062845e-05
1,0.936766505241394,0.936766505241394,0.936766505241394,0.0,0.9542211294174194,0.9542211294174194,0.9542211294174194,0.0,0.9450026750564575,0.9450026750564575,0.9450026750564575,0.0,0.9435700178146362,0.9435700178146362,0.9435700178146362,0.0
0,0.904796838760376,0.9407888650894165,0.9264587163925171,0.0003876980335917324,0.9515700936317444,0.9579488039016724,0.9568085074424744,3.311611362732947e-05,0.940345048904419,0.9492769241333008,0.9489333629608154,6.960321479709819e-05,0.9253640174865723,0.9470531940460205,0.9385218620300293,0.0001501857623225078
0,0.0,0.0,0.0,0.0,0.0,0.0,0.0,0.0,0.0,0.0,0.0,0.0,0.0,0.0,0.0,0.0
0,0.892343282699585,0.9410645365715027,0.9147785305976868,0.0004994230112060905,0.9444398880004883,0.9619712829589844,0.955857515335083,8.088384493021294e-05,0.9248517751693726,0.9553634524345398,0.9395113587379456,0.00016599225637037307,0.9109982252120972,0.940193772315979,0.9198187589645386,0.00010874940926441923
0,0.9190030097961426,0.9392255544662476,0.9355321526527405,0.0002983536396641284,0.9520611763000488,0.9595417976379395,0.958227276802063,4.2385556298540905e-05,0.9465117454528809,0.9618676900863647,0.9581874012947083,0.00013220783148426563,0.9299713969230652,0.949880838394165,0.9457074403762817,0.0002521604474168271
0,0.9374380111694336,0.9374380111694336,0.9374380111694336,0.0,0.948259711265564,0.948259711265564,0.948259711265564,0.0,0.9470406770706177,0.9470406770706177,0.9470406770706177,0.0,0.9326090812683105,0.9326090812683105,0.9326090812683105,0.0
1,0.8939992785453796,0.9168264865875244,0.914863646030426,0.0006583231152035296,0.9435537457466125,0.9497599601745605,0.9488680362701416,3.4938606404466555e-05,0.9316143989562988,0.9444606900215149,0.944042980670929,0.00027930643409490585,0.9220027327537537,0.9344369769096375,0.933786153793335,0.0002353562886128202
1,0.8484563231468201,0.8966494202613831,0.8741390705108643,0.0005806635017506778,0.9230688214302063,0.941088080406189,0.9358566999435425,0.00018369690224062651,0.9083802103996277,0.9451929330825806,0.9257444739341736,0.0003149877011310309,0.8785157799720764,0.9168038964271545,0.9014835357666016,0.00044032387086190283
0,0.0,0.0,0.0,0.0,0.0,0.0,0.0,0.0,0.0,0.0,0.0,0.0,0.0,0.0,0.0,0.0
1,0.8895125389099121,0.9273145198822021,0.9194668531417847,0.0009178400505334139,0.9384593963623047,0.9553523063659668,0.950484573841095,0.00014335280866362154,0.9046198725700378,0.9291316866874695,0.9229727387428284,0.00032420127536170185,0.8916152119636536,0.9228110313415527,0.9140071868896484,0.0004917207988910377
1,0.9377315640449524,0.9377315640449524,0.9377315640449524,0.0,0.950131893157959,0.950131893157959,0.950131893157959,0.0,0.9290475845336914,0.9290475845336914,0.9290475845336914,0.0,0.9267762899398804,0.9267762899398804,0.9267762899398804,0.0
1,0.8808301091194153,0.9291864633560181,0.9155414700508118,0.00089323113206774,0.9433012008666992,0.9611460566520691,0.954270601272583,9.034455433720723e-05,0.9224839806556702,0.9567798376083374,0.9439496397972107,0.0003444789908826351,0.9052615761756897,0.9464679956436157,0.9323825240135193,0.0004197907692287117
1,0.8572586178779602,0.9252709150314331,0.9094727039337158,0.002666340209543705,0.9225159287452698,0.9568852782249451,0.9480962157249451,0.0006292216712608933,0.9077655673027039,0.9285525679588318,0.9227216839790344,0.00021878554252907634,0.8853015899658203,0.9373639225959778,0.9239444732666016,0.0014358562184497714
1,0.9086126685142517,0.9230073094367981,0.9205132126808167,0.000159071059897542,0.9474484324455261,0.9572110176086426,0.9544440507888794,4.809075835510157e-05,0.9116480350494385,0.9293097257614136,0.9263813495635986,0.0002495948865544051,0.9033985733985901,0.9238572120666504,0.9179700613021851,0.0002103234874084592
1,0.9251940250396729,0.9251940250396729,0.9251940250396729,0.0,0.9491977691650391,0.9491977691650391,0.9491977691650391,0.0,0.9456684589385986,0.9456684589385986,0.9456684589385986,0.0,0.9356518387794495,0.9356518387794495,0.9356518387794495,0.0
0,0.9131566882133484,0.9131566882133484,0.9131566882133484,0.0,0.9520599842071533,0.9520599842071533,0.9520599842071533,0.0,0.8979870676994324,0.8979870676994324,0.8979870676994324,0.0,0.8999975323677063,0.8999975323677063,0.8999975323677063,0.0
1,0.9068766236305237,0.9210425615310669,0.9173283576965332,0.0001051162471412681,0.9431563019752502,0.9474724531173706,0.9474666118621826,3.700745583046228e-05,0.9309549927711487,0.9466748237609863,0.9442668557167053,0.00021233355801086873,0.9310356974601746,0.937233030796051,0.9361020922660828,2.804426731017884e-05
1,0.8688750267028809,0.9066353440284729,0.8954110741615295,0.0007130995509214699,0.9363536834716797,0.9400931596755981,0.9397180080413818,1.6285341189359315e-05,0.9212592244148254,0.9365224838256836,0.9325057864189148,0.00012175349547760561,0.8962197303771973,0.9260490536689758,0.9177497029304504,0.00045192442485131323
1,0.9351879954338074,0.9351879954338074,0.9351879954338074,0.0,0.9523612260818481,0.9523612260818481,0.9523612260818481,0.0,0.9345364570617676,0.9345364570617676,0.9345364570617676,0.0,0.9297162294387817,0.9297162294387817,0.9297162294387817,0.0
0,0.8988186717033386,0.9002864360809326,0.9000434279441833,1.7259368405575515e-06,0.948023796081543,0.9521044492721558,0.9513667821884155,1.2271425475773867e-05,0.9115574955940247,0.9233365654945374,0.9200131297111511,7.010996341705322e-05,0.9168233871459961,0.9209112524986267,0.9201058745384216,1.1308912689855788e-05
0,0.9121559262275696,0.935300886631012,0.929961621761322,0.000310737726977095,0.9481651782989502,0.9600465297698975,0.957321286201477,8.231913670897484e-05,0.9323690533638,0.9500495195388794,0.9457945823669434,0.00017464584379922599,0.9245160222053528,0.9471176862716675,0.9407272338867188,0.00025795245892368257
0,0.8907324075698853,0.9204258322715759,0.9179202318191528,0.0005270632682368159,0.9462757110595703,0.9619181752204895,0.9552198648452759,9.684328688308597e-05,0.8926275968551636,0.9168305397033691,0.9156726598739624,0.00046172080328688025,0.8941608667373657,0.932425320148468,0.9158665537834167,0.0004484484379645437
0,0.8883743286132812,0.8964852690696716,0.8942177891731262,4.863739377469756e-05,0.9355766177177429,0.9410699605941772,0.9401453137397766,1.4938855201762635e-05,0.9270251393318176,0.9470328092575073,0.9408735632896423,0.0001408416428603232,0.9133124351501465,0.9248179197311401,0.9220383763313293,4.9148788093589246e-05
0,0.9454058408737183,0.9454058408737183,0.9454058408737183,0.0,0.9598442316055298,0.9598442316055298,0.9598442316055298,0.0,0.9509726762771606,0.9509726762771606,0.9509726762771606,0.0,0.9468454122543335,0.9468454122543335,0.9468454122543335,0.0
1,0.8999895453453064,0.9477680921554565,0.9340479373931885,0.0013903692597523332,0.9419411420822144,0.9662160873413086,0.9565004110336304,0.00018054424435831606,0.9040770530700684,0.9460855722427368,0.9349160194396973,0.0008021857938729227,0.901027500629425,0.9480647444725037,0.9339452981948853,0.0009925712365657091
1,0.9179205894470215,0.9179205894470215,0.9179205894470215,0.0,0.9389066100120544,0.9389066100120544,0.9389066100120544,0.0,0.934389591217041,0.934389591217041,0.934389591217041,0.0,0.9190319180488586,0.9190319180488586,0.9190319180488586,0.0
1,0.9185137152671814,0.9185137152671814,0.9185137152671814,0.0,0.9403266906738281,0.9403266906738281,0.9403266906738281,0.0,0.9236668348312378,0.9236668348312378,0.9236668348312378,0.0,0.9164996147155762,0.9164996147155762,0.9164996147155762,0.0
0,0.9252580404281616,0.9252580404281616,0.9252580404281616,0.0,0.952367901802063,0.952367901802063,0.952367901802063,0.0,0.915798008441925,0.915798008441925,0.915798008441925,0.0,0.9195043444633484,0.9195043444633484,0.9195043444633484,0.0
1,0.8402217030525208,0.9514438509941101,0.9185404777526855,0.006361604202538729,0.9280371069908142,0.9637959599494934,0.9503755569458008,0.0005991013022139668,0.8806175589561462,0.9628152847290039,0.9453703761100769,0.004005229100584984,0.8732982277870178,0.9543384313583374,0.9319411516189575,0.0032701981253921986
0,0.9347962737083435,0.9538399577140808,0.9491366147994995,0.00019832380348816514,0.9467134475708008,0.9575752019882202,0.9556608200073242,8.910295582609251e-05,0.9317998886108398,0.9415839910507202,0.938911497592926,4.901473948848434e-05,0.9359548687934875,0.9452451467514038,0.9430326223373413,4.8656598664820194e-05
1,0.903428316116333,0.9058232307434082,0.9054073095321655,4.3934360292041674e-06,0.9452468752861023,0.9533716440200806,0.9510034918785095,3.308607483631931e-05,0.9347519278526306,0.9382345080375671,0.9378257393836975,1.280564447370125e-05,0.9253497123718262,0.934118390083313,0.9319720268249512,4.235365122440271e-05
0,0.920269787311554,0.9339489936828613,0.9328679442405701,0.00024583516642451286,0.9475862383842468,0.9574517011642456,0.9552979469299316,5.9487560065463185e-05,0.94195157289505,0.956295907497406,0.9529204964637756,0.00011722793715307489,0.9317936301231384,0.9422916769981384,0.9404863715171814,8.521691779606044e-05
0,0.9456558227539062,0.9456558227539062,0.9456558227539062,0.0,0.9552346467971802,0.9552346467971802,0.9552346467971802,0.0,0.9560717344284058,0.9560717344284058,0.9560717344284058,0.0,0.9504282474517822,0.9504282474517822,0.9504282474517822,0.0
1,0.8634548187255859,0.8634548187255859,0.8634548187255859,0.0,0.9165192246437073,0.9165192246437073,0.9165192246437073,0.0,0.8788145780563354,0.8788145780563354,0.8788145780563354,0.0,0.8541030287742615,0.8541030287742615,0.8541030287742615,0.0
1,0.9445151090621948,0.9445151090621948,0.9445151090621948,0.0,0.9595047831535339,0.9595047831535339,0.9595047831535339,0.0,0.9411462545394897,0.9411462545394897,0.9411462545394897,0.0,0.9440647959709167,0.9440647959709167,0.9440647959709167,0.0
0,0.8963766098022461,0.9213235378265381,0.9123351573944092,0.0001673008082434535,0.9432322382926941,0.9557954668998718,0.9515111446380615,8.11018908279948e-05,0.940346896648407,0.966195821762085,0.9553431272506714,0.00017823271628003567,0.9192144274711609,0.9479959607124329,0.9391335248947144,0.000238043736317195
0,0.8923226594924927,0.9108860492706299,0.9083244204521179,0.00018952378013636917,0.9399906992912292,0.9505542516708374,0.9502810835838318,6.617816688958555e-05,0.8968545198440552,0.9361060857772827,0.9304786324501038,0.0005164339090697467,0.9027854204177856,0.9277516007423401,0.9177213311195374,0.00021007921895943582
0,0.8942684531211853,0.9402716755867004,0.9140483140945435,0.0004125614941585809,0.9407445192337036,0.9563396573066711,0.9533822536468506,0.00011622464808169752,0.9211150407791138,0.9587041139602661,0.9459995031356812,0.0004315126861911267,0.9136242270469666,0.9504958987236023,0.9326367378234863,0.00026808225084096193
0,0.8645826578140259,0.9344674348831177,0.9137563705444336,0.0015154078137129545,0.934232234954834,0.959438681602478,0.9492005109786987,0.00012479591532610357,0.9013136029243469,0.9499118328094482,0.9380373358726501,0.0008683029445819557,0.893161952495575,0.9466870427131653,0.9247214794158936,0.0007439384353347123
1,0.9025047421455383,0.9025047421455383,0.9025047421455383,0.0,0.9521706104278564,0.9521706104278564,0.9521706104278564,0.0,0.9112781882286072,0.9112781882286072,0.9112781882286072,0.0,0.8970939517021179,0.8970939517021179,0.8970939517021179,0.0
0,0.9140092134475708,0.9437927603721619,0.9313201308250427,0.0002002064575208351,0.9518104791641235,0.9629212617874146,0.9596182703971863,5.113795486977324e-05,0.9358373880386353,0.9708255529403687,0.9575549960136414,0.00029558356618508697,0.9224827885627747,0.9569453001022339,0.9430410265922546,0.00029918152722530067
1,0.938836932182312,0.938836932182312,0.938836932182312,0.0,0.9447205066680908,0.9447205066680908,0.9447205066680908,0.0,0.9460357427597046,0.9460357427597046,0.9460357427597046,0.0,0.9385749697685242,0.9385749697685242,0.9385749697685242,0.0
0,0.9209737777709961,0.9209737777709961,0.9209737777709961,0.0,0.9477256536483765,0.9477256536483765,0.9477256536483765,0.0,0.9212903380393982,0.9212903380393982,0.9212903380393982,0.0,0.917559027671814,0.917559027671814,0.917559027671814,0.0
0,0.8839015960693359,0.8997325897216797,0.8971531391143799,0.000203783274628222,0.9356033205986023,0.9441422820091248,0.9429787397384644,6.903603207319975e-05,0.918220043182373,0.9411174058914185,0.935477077960968,0.0002873163321055472,0.894136905670166,0.9170960187911987,0.911586344242096,0.00029521252145059407
1,0.8858208656311035,0.9372546076774597,0.916385293006897,0.0005738413310609758,0.9393776059150696,0.9632580280303955,0.9530224204063416,0.00011005945270881057,0.9030733704566956,0.9499120116233826,0.9365872144699097,0.001214294694364071,0.8949021697044373,0.9464331269264221,0.9276689887046814,0.0009919534204527736
0,0.8571082949638367,0.9404676556587219,0.9204373359680176,0.0016983365640044212,0.9288700819015503,0.9651980400085449,0.9542229771614075,0.00028417425346560776,0.9112255573272705,0.9702038764953613,0.9440178871154785,0.0007251987117342651,0.8932771682739258,0.9600458145141602,0.9333521127700806,0.0008113559451885521
1,0.9442267417907715,0.9442267417907715,0.9442267417907715,0.0,0.9616137742996216,0.9616137742996216,0.9616137742996216,0.0,0.9461047053337097,0.9461047053337097,0.9461047053337097,0.0,0.9457619190216064,0.9457619190216064,0.9457619190216064,0.0
0,0.9271607398986816,0.9452195167541504,0.9411680102348328,0.00019416473514866084,0.9480864405632019,0.9605891704559326,0.9570183157920837,7.869856199249625e-05,0.933506429195404,0.9591010212898254,0.951592743396759,0.0003280238015577197,0.926826536655426,0.9501780867576599,0.9434650540351868,0.00027407196466811
0,0.8799808025360107,0.9071294665336609,0.9027693271636963,0.00036793953040614724,0.936501681804657,0.9492144584655762,0.9472386837005615,0.00010162862599827349,0.9201865792274475,0.958224892616272,0.9411822557449341,0.00031863749609328806,0.905884325504303,0.9363077878952026,0.9196791648864746,0.00021582642511930317
0,0.9018309116363525,0.9475868344306946,0.9410383701324463,0.0015254445606842637,0.9348850250244141,0.9605676531791687,0.955644965171814,0.0005154330283403397,0.9176559448242188,0.9612646102905273,0.9530189037322998,0.0008145796018652618,0.9053359627723694,0.9498417973518372,0.9430834054946899,0.001123804715462029
0,0.9022594094276428,0.9183401465415955,0.9125680923461914,7.819316670065746e-05,0.9483403563499451,0.9525587558746338,0.9508382081985474,7.371510491793742e-06,0.942194938659668,0.9487407207489014,0.9479241371154785,2.9531685868278146e-05,0.9272535443305969,0.9347442388534546,0.9343907237052917,3.123874921584502e-05
0,0.9297817945480347,0.9297817945480347,0.9297817945480347,0.0,0.9518159031867981,0.9518159031867981,0.9518159031867981,0.0,0.9444938898086548,0.9444938898086548,0.9444938898086548,0.0,0.9358865022659302,0.9358865022659302,0.9358865022659302,0.0
0,0.9174864888191223,0.9333827495574951,0.9298181533813477,0.00015051754598971456,0.9465472102165222,0.9549915790557861,0.9533870816230774,5.003334445063956e-05,0.9338952898979187,0.9450547695159912,0.94267737865448,7.796251156833023e-05,0.9237591624259949,0.9374018907546997,0.9333365559577942,9.307489381171763e-05
1,0.8846985697746277,0.9156007766723633,0.9071677327156067,0.00037408294156193733,0.9405096173286438,0.9579063653945923,0.9520953893661499,9.403064177604392e-05,0.9351771473884583,0.9508085250854492,0.9483609199523926,0.00016987898561637849,0.9150641560554504,0.9295797348022461,0.9256589412689209,8.137814438669011e-05
1,0.9040344953536987,0.9462788105010986,0.9361499547958374,0.0005554089439101517,0.9449276924133301,0.9647496938705444,0.9562662839889526,0.000102548161521554,0.9217822551727295,0.9482524394989014,0.9426151514053345,0.00029087200528010726,0.9103939533233643,0.9441791772842407,0.9359748363494873,0.00039121718145906925
1,0.8639633655548096,0.9387584924697876,0.9223830103874207,0.002395084360614419,0.9290938377380371,0.9601675868034363,0.952438235282898,0.0003835401148535311,0.9044279456138611,0.9562950134277344,0.9436360597610474,0.001147044007666409,0.8946532607078552,0.946923017501831,0.9312639832496643,0.0009917051065713167
0,0.8511845469474792,0.8862698078155518,0.8799334764480591,0.0008318654145114124,0.9298965334892273,0.9426761269569397,0.9423402547836304,0.00013622500409837812,0.881331741809845,0.9222286343574524,0.9024052619934082,0.0004194568900857121,0.8740550875663757,0.8872947692871094,0.8853713870048523,0.00012908338976558298
0,0.9445772171020508,0.9445772171020508,0.9445772171020508,0.0,0.9650949239730835,0.9650949239730835,0.9650949239730835,0.0,0.955248236656189,0.955248236656189,0.955248236656189,0.0,0.950859546661377,0.950859546661377,0.950859546661377,0.0
1,0.8992119431495667,0.9412754774093628,0.9385659098625183,0.001110976911149919,0.944933295249939,0.9614762663841248,0.9596765637397766,0.00014041687245480716,0.917624831199646,0.9394545555114746,0.9382672905921936,0.0003571989946067333,0.9107299447059631,0.9462592601776123,0.9385694265365601,0.0005550153437070549
1,0.9362536072731018,0.9362536072731018,0.9362536072731018,0.0,0.9526286125183105,0.9526286125183105,0.9526286125183105,0.0,0.9426634311676025,0.9426634311676025,0.9426634311676025,0.0,0.9365557432174683,0.9365557432174683,0.9365557432174683,0.0
0,0.9132734537124634,0.9132734537124634,0.9132734537124634,0.0,0.9450399875640869,0.9450399875640869,0.9450399875640869,0.0,0.930814266204834,0.930814266204834,0.930814266204834,0.0,0.9135137796401978,0.9135137796401978,0.9135137796401978,0.0
0,0.8969597220420837,0.9117652177810669,0.9093510508537292,0.00017811422003433108,0.9382095336914062,0.942138671875,0.9412217736244202,8.861657079251017e-06,0.9277850985527039,0.9369102716445923,0.9360378980636597,9.961460455087945e-05,0.9106213450431824,0.9177376627922058,0.9165210723876953,3.937467045034282e-05
1,0.9281994104385376,0.9281994104385376,0.9281994104385376,0.0,0.9544984698295593,0.9544984698295593,0.9544984698295593,0.0,0.9442956447601318,0.9442956447601318,0.9442956447601318,0.0,0.9337800741195679,0.9337800741195679,0.9337800741195679,0.0
0,0.8642349243164062,0.9064379930496216,0.897601842880249,0.0008875855128280818,0.9397242069244385,0.949329137802124,0.9483239650726318,5.405913179856725e-05,0.9207105040550232,0.9619249701499939,0.9552855491638184,0.001106910640373826,0.9100721478462219,0.9322649240493774,0.929057240486145,0.00027140325983054936
1,0.923816442489624,0.923816442489624,0.923816442489624,0.0,0.9507436752319336,0.9507436752319336,0.9507436752319336,0.0,0.9345505237579346,0.9345505237579346,0.9345505237579346,0.0,0.9284479022026062,0.9284479022026062,0.9284479022026062,0.0
0,0.9052740931510925,0.9318106770515442,0.9251821041107178,0.000377353688236326,0.9445746541023254,0.9482385516166687,0.9476370215415955,7.416435892082518e-06,0.9267174601554871,0.93983393907547,0.9359715580940247,6.713395123369992e-05,0.913591742515564,0.9249429702758789,0.9241899847984314,0.0001311560918111354
0,0.9143664240837097,0.9143664240837097,0.9143664240837097,0.0,0.9474056959152222,0.9474056959152222,0.9474056959152222,0.0,0.9096355438232422,0.9096355438232422,0.9096355438232422,0.0,0.9082411527633667,0.9082411527633667,0.9082411527633667,0.0
1,0.8901118636131287,0.9426200985908508,0.9289631247520447,0.001302849967032671,0.9431836009025574,0.9619078040122986,0.9567150473594666,0.00012054238322889432,0.9259892702102661,0.962325394153595,0.9464823603630066,0.0004048385308124125,0.9097519516944885,0.9528188109397888,0.9397381544113159,0.000590228009968996
1,0.8401017189025879,0.8981894850730896,0.8827438354492188,0.0012537830043584108,0.9301918745040894,0.9455190300941467,0.9405727386474609,0.0001232316135428846,0.898610532283783,0.933851957321167,0.9287946224212646,0.0006622786750085652,0.879517138004303,0.9224697351455688,0.9094699621200562,0.0005974211962893605
1,0.9417008757591248,0.9466485381126404,0.9463725090026855,3.657194247352891e-05,0.9523780941963196,0.9586073756217957,0.957381010055542,2.6279829398845322e-05,0.9534198641777039,0.9642322063446045,0.9615646600723267,6.398653204087168e-05,0.9486201405525208,0.9530246257781982,0.9527199268341064,2.6924530175165273e-05
1,0.9331362843513489,0.9486518502235413,0.9449449777603149,0.00013533614401239902,0.9540544152259827,0.96038818359375,0.9592130780220032,2.881963700929191e-05,0.9441547393798828,0.9527744054794312,0.950732409954071,4.2079424019902945e-05,0.9395666122436523,0.9542953372001648,0.9505444765090942,0.00011589963833102956
0,0.8992242217063904,0.930223822593689,0.9239456057548523,0.0006326641887426376,0.9361478686332703,0.9462140798568726,0.945550262928009,0.00014318383182398975,0.9263903498649597,0.9447722434997559,0.9424296617507935,0.00033663513022474945,0.9151164889335632,0.9332939386367798,0.9316936135292053,0.0004126315179746598
1,0.8850463032722473,0.9026067852973938,0.8980366587638855,0.00016230624169111252,0.9490389227867126,0.9583033323287964,0.9555914998054504,4.2990726797143e-05,0.9106159210205078,0.9235916137695312,0.9214767813682556,0.00013686447346117347,0.8929473757743835,0.903907835483551,0.9024880528450012,0.00011824414104921743
1,0.9285423159599304,0.9285423159599304,0.9285423159599304,0.0,0.956496000289917,0.956496000289917,0.956496000289917,0.0,0.9389954805374146,0.9389954805374146,0.9389954805374146,0.0,0.9346112012863159,0.9346112012863159,0.9346112012863159,0.0
0,0.8338170051574707,0.9001032114028931,0.8677115440368652,0.0009283499093726277,0.9146892428398132,0.9338861703872681,0.9328058958053589,0.000406049337470904,0.877000629901886,0.928846001625061,0.9194145202636719,0.0023707826621830463,0.8706386685371399,0.9277341365814209,0.9077744483947754,0.002543996088206768
1,0.9107257723808289,0.9107257723808289,0.9107257723808289,0.0,0.9446167945861816,0.9446167945861816,0.9446167945861816,0.0,0.9180654883384705,0.9180654883384705,0.9180654883384705,0.0,0.9080287218093872,0.9080287218093872,0.9080287218093872,0.0
0,0.8587005138397217,0.9182663559913635,0.9005241990089417,0.0017743161879479885,0.9413922429084778,0.9632760286331177,0.9575582146644592,0.00025141501100733876,0.9004004001617432,0.9449692368507385,0.9322537779808044,0.0010003456845879555,0.876175582408905,0.9245283603668213,0.9110212326049805,0.0011856158962473273
0,0.8492543697357178,0.9144777059555054,0.9041429162025452,0.002067842287942767,0.9221501350402832,0.9528961777687073,0.9442603588104248,0.00037212271126918495,0.9103725552558899,0.9464098215103149,0.9409070014953613,0.000662187347188592,0.8832883238792419,0.925818920135498,0.9178138971328735,0.0008665197528898716
0,0.8571674227714539,0.8945844769477844,0.8762452602386475,0.0003869676438625902,0.9362386465072632,0.9517720937728882,0.9466198682785034,0.0001041094510583207,0.8940450549125671,0.9250338673591614,0.9098154902458191,0.00018567735969554633,0.8820290565490723,0.9010751247406006,0.895986795425415,0.00018364904099144042
1,0.0,0.0,0.0,0.0,0.0,0.0,0.0,0.0,0.0,0.0,0.0,0.0,0.0,0.0,0.0,0.0
0,0.9109589457511902,0.9369269609451294,0.9312241673469543,0.00025332075892947614,0.9539040923118591,0.9638419151306152,0.9596676230430603,2.3014510588836856e-05,0.9428629279136658,0.9636017084121704,0.9602885842323303,0.00020119694818276912,0.9325764179229736,0.9560291767120361,0.9473488926887512,0.00015902346058283
0,0.9112237691879272,0.9112237691879272,0.9112237691879272,0.0,0.9501788020133972,0.9501788020133972,0.9501788020133972,0.0,0.9215042591094971,0.9215042591094971,0.9215042591094971,0.0,0.9143505692481995,0.9143505692481995,0.9143505692481995,0.0
1,0.9232003092765808,0.9523538947105408,0.9439419507980347,0.0004268275515642017,0.9515795111656189,0.9607506990432739,0.9581650495529175,4.2513336666161194e-05,0.9411962032318115,0.9563881158828735,0.9537127614021301,0.00017444149125367403,0.9240289330482483,0.9455747008323669,0.9420904517173767,0.0003800655249506235
0,0.8757908940315247,0.8812811374664307,0.8805731534957886,2.9769073080387898e-05,0.9431745409965515,0.9468920826911926,0.9459235668182373,7.26886491975165e-06,0.9184215068817139,0.9281550049781799,0.9261474609375,6.124788342276588e-05,0.9051142334938049,0.9134350419044495,0.9115678071975708,4.121235178899951e-05
1,0.9268691539764404,0.9268691539764404,0.9268691539764404,0.0,0.9611074328422546,0.9611074328422546,0.9611074328422546,0.0,0.9390904307365417,0.9390904307365417,0.9390904307365417,0.0,0.9346269965171814,0.9346269965171814,0.9346269965171814,0.0
1,0.9223917126655579,0.9223917126655579,0.9223917126655579,0.0,0.9533229470252991,0.9533229470252991,0.9533229470252991,0.0,0.9411950707435608,0.9411950707435608,0.9411950707435608,0.0,0.9162276983261108,0.9162276983261108,0.9162276983261108,0.0
1,0.912367045879364,0.9305805563926697,0.9269326329231262,0.0002208359510404989,0.9500084519386292,0.9566984176635742,0.9555432796478271,3.447072595008649e-05,0.9328746795654297,0.9447914361953735,0.9425135254859924,9.904790931614116e-05,0.9266737103462219,0.9465315341949463,0.9425655007362366,0.00026325383805669844
1,0.939490795135498,0.939490795135498,0.939490795135498,0.0,0.9584724307060242,0.9584724307060242,0.9584724307060242,0.0,0.9367967247962952,0.9367967247962952,0.9367967247962952,0.0,0.9315629601478577,0.9315629601478577,0.9315629601478577,0.0
1,0.8778495192527771,0.9216337203979492,0.8990800380706787,0.0004081711813341826,0.937463104724884,0.9521780610084534,0.9450588226318359,4.811552935279906e-05,0.927902102470398,0.953203558921814,0.9430093765258789,0.00017290560936089605,0.9097246527671814,0.9351837635040283,0.9286842346191406,0.0002134396054316312
0,0.9348499774932861,0.9385350942611694,0.9383047819137573,1.955730294866953e-05,0.9555395245552063,0.9615589380264282,0.9602349996566772,2.1986061256029643e-05,0.9633310437202454,0.9664068222045898,0.9656456112861633,5.164781669009244e-06,0.9487239718437195,0.956530749797821,0.9551481604576111,4.5816141209797934e-05
1,0.9094969630241394,0.935300886631012,0.9287086725234985,0.0003549231914803386,0.95088130235672,0.9600465297698975,0.9581634402275085,5.4513442591996863e-05,0.927028477191925,0.9500495195388794,0.944535493850708,0.00029729006928391755,0.9214113354682922,0.9471176862716675,0.9395298361778259,0.0003306630824226886
1,0.9016745686531067,0.9392749071121216,0.9285292625427246,0.0007116536726243794,0.945225715637207,0.9591487646102905,0.9551804065704346,9.765074355527759e-05,0.9312686920166016,0.9509402513504028,0.9462729096412659,0.00021887198090553284,0.9142315983772278,0.9397129416465759,0.934497058391571,0.000422940676799044
0,0.8830898404121399,0.9270690679550171,0.9197437167167664,0.0007580104866065085,0.9392426013946533,0.9538068771362305,0.9512223601341248,6.890168879181147e-05,0.9243971705436707,0.9536045789718628,0.944741427898407,0.00019343660096637905,0.9088603854179382,0.9383139610290527,0.9303316473960876,0.00022714478836860508
1,0.8957827687263489,0.931430995464325,0.9229365587234497,0.000457447866210714,0.9427127242088318,0.9526046514511108,0.9500709772109985,3.321225813124329e-05,0.9253187775611877,0.9562053680419922,0.9417594075202942,0.0002574337413534522,0.9114689230918884,0.9404207468032837,0.935697615146637,0.00037749679177068174
0,0.9149129986763,0.9303130507469177,0.9285529851913452,0.0002548995544202626,0.9421016573905945,0.9448332786560059,0.9442247152328491,4.47226875621709e-06,0.9272055625915527,0.9315066337585449,0.9302904605865479,9.34110903472174e-06,0.9202634692192078,0.9279869794845581,0.9264713525772095,4.0531656850362197e-05
0,0.9375709891319275,0.9375709891319275,0.9375709891319275,0.0,0.9497755169868469,0.9497755169868469,0.9497755169868469,0.0,0.9487323760986328,0.9487323760986328,0.9487323760986328,0.0,0.9368374943733215,0.9368374943733215,0.9368374943733215,0.0
1,0.0,0.0,0.0,0.0,0.0,0.0,0.0,0.0,0.0,0.0,0.0,0.0,0.0,0.0,0.0,0.0
0,0.8461724519729614,0.9414605498313904,0.8957979679107666,0.0017019937513396144,0.9285436272621155,0.9628824591636658,0.9415771961212158,0.00020730879623442888,0.9168363213539124,0.973278820514679,0.9524545669555664,0.0008074770448729396,0.8849083185195923,0.965041995048523,0.9442622661590576,0.0021810103207826614
1,0.0,0.0,0.0,0.0,0.0,0.0,0.0,0.0,0.0,0.0,0.0,0.0,0.0,0.0,0.0,0.0
0,0.9032022953033447,0.9032022953033447,0.9032022953033447,0.0,0.9460592269897461,0.9460592269897461,0.9460592269897461,0.0,0.9206405282020569,0.9206405282020569,0.9206405282020569,0.0,0.9070942401885986,0.9070942401885986,0.9070942401885986,0.0
0,0.8964543342590332,0.9100301265716553,0.9095025658607483,0.00010923430818365887,0.9434638023376465,0.9481320977210999,0.9469553232192993,1.044449436449213e-05,0.9439408183097839,0.9588214755058289,0.9529078006744385,6.011249570292421e-05,0.9248147010803223,0.9362412095069885,0.9334630966186523,6.433652015402913e-05
1,0.9118521809577942,0.9299355149269104,0.9251848459243774,0.00019037575111724436,0.9459850192070007,0.9533085823059082,0.9487456679344177,1.5959140000632033e-05,0.9348697662353516,0.9560445547103882,0.9525091648101807,0.0002251593687105924,0.9242324829101562,0.9440619349479675,0.9392822980880737,0.00016645321738906205
1,0.8727709650993347,0.9639387130737305,0.9339865446090698,0.004424341022968292,0.933044970035553,0.9657960534095764,0.9577962160110474,0.0005825875559821725,0.8965556025505066,0.9555075764656067,0.9321821331977844,0.0018717689672484994,0.8837045431137085,0.9552671909332275,0.9277409315109253,0.002176356501877308
0,0.9278059005737305,0.9278059005737305,0.9278059005737305,0.0,0.9598540663719177,0.9598540663719177,0.9598540663719177,0.0,0.9388933777809143,0.9388933777809143,0.9388933777809143,0.0,0.9283207058906555,0.9283207058906555,0.9283207058906555,0.0
1,0.9173330068588257,0.9173330068588257,0.9173330068588257,0.0,0.9524294137954712,0.9524294137954712,0.9524294137954712,0.0,0.9305250644683838,0.9305250644683838,0.9305250644683838,0.0,0.9156129956245422,0.9156129956245422,0.9156129956245422,0.0
1,0.941741943359375,0.941741943359375,0.941741943359375,0.0,0.9518014192581177,0.9518014192581177,0.9518014192581177,0.0,0.9516666531562805,0.9516666531562805,0.9516666531562805,0.0,0.9400037527084351,0.9400037527084351,0.9400037527084351,0.0
1,0.833811342716217,0.909056544303894,0.8882483243942261,0.00288286036811769,0.9148457646369934,0.9408363103866577,0.9342541694641113,0.00036235968582332134,0.8867871761322021,0.9207863807678223,0.9141010046005249,0.0007838241872377694,0.8675782680511475,0.904820442199707,0.8979517817497253,0.0010022306814789772
0,0.9132488369941711,0.9373598694801331,0.9304907321929932,0.0002703480131458491,0.9504852294921875,0.9583950042724609,0.9578306078910828,4.440291741047986e-05,0.9432454705238342,0.9573148488998413,0.9557390809059143,0.00014366947289090604,0.9319033026695251,0.9455927610397339,0.9437738656997681,0.00014879585069138557
1,0.8905485272407532,0.8991362452507019,0.898853063583374,0.00012451520888134837,0.9481842517852783,0.9505883455276489,0.9502155780792236,4.913857537758304e-06,0.9182021021842957,0.9361355900764465,0.9317445158958435,0.00017710459360387176,0.9097915291786194,0.9186951518058777,0.9174597859382629,7.399330206681043e-05
1,0.9086430668830872,0.9311580061912537,0.9262874722480774,0.00031261565163731575,0.9454665184020996,0.946759819984436,0.9465972185134888,1.682862603047397e-06,0.9393394589424133,0.9541645050048828,0.9505432844161987,0.00012126941146561876,0.9201475977897644,0.9348831176757812,0.933499813079834,0.00026232615346089005
1,0.922587513923645,0.961765468120575,0.948433518409729,0.0005323606892488897,0.9491939544677734,0.9674785137176514,0.9616394639015198,9.218375635100529e-05,0.923611044883728,0.9611819982528687,0.9501795768737793,0.0006106736836954951,0.9236210584640503,0.9620150327682495,0.9509403109550476,0.0004928372800350189
0,0.9312612414360046,0.9312612414360046,0.9312612414360046,0.0,0.9477914571762085,0.9477914571762085,0.9477914571762085,0.0,0.9443032741546631,0.9443032741546631,0.9443032741546631,0.0,0.9332255721092224,0.9332255721092224,0.9332255721092224,0.0
0,0.9137231111526489,0.9137231111526489,0.9137231111526489,0.0,0.9510434865951538,0.9510434865951538,0.9510434865951538,0.0,0.9137411713600159,0.9137411713600159,0.9137411713600159,0.0,0.8946427702903748,0.8946427702903748,0.8946427702903748,0.0
0,0.9325339794158936,0.9325339794158936,0.9325339794158936,0.0,0.9367893934249878,0.9367893934249878,0.9367893934249878,0.0,0.918009877204895,0.918009877204895,0.918009877204895,0.0,0.9191679358482361,0.9191679358482361,0.9191679358482361,0.0
1,0.8489346504211426,0.9028500914573669,0.8866835832595825,0.0008401654195040464,0.9313972592353821,0.9443389177322388,0.9411900639533997,6.506403587991372e-05,0.9226250052452087,0.937056839466095,0.9369484186172485,0.00017753923020791262,0.8978040814399719,0.9194368720054626,0.9162800312042236,0.0002098726254189387
0,0.9327747821807861,0.9327747821807861,0.9327747821807861,0.0,0.9562876224517822,0.9562876224517822,0.9562876224517822,0.0,0.9209983348846436,0.9209983348846436,0.9209983348846436,0.0,0.9190001487731934,0.9190001487731934,0.9190001487731934,0.0
1,0.9170424342155457,0.9233310222625732,0.9226036667823792,4.216972229187377e-05,0.9524075984954834,0.9575265645980835,0.9565396904945374,1.812190021155402e-05,0.942271888256073,0.945618748664856,0.9454649686813354,1.765143133525271e-05,0.9366828799247742,0.9423643946647644,0.9412462711334229,2.1868612748221494e-05
1,0.9419794082641602,0.9419794082641602,0.9419794082641602,0.0,0.9548275470733643,0.9548275470733643,0.9548275470733643,0.0,0.9432405233383179,0.9432405233383179,0.9432405233383179,0.0,0.9398054480552673,0.9398054480552673,0.9398054480552673,0.0
0,0.6721084117889404,0.6721084117889404,0.6721084117889404,0.0,0.8996926546096802,0.8996926546096802,0.8996926546096802,0.0,0.7650431990623474,0.7650431990623474,0.7650431990623474,0.0,0.7485876679420471,0.7485876679420471,0.7485876679420471,0.0
0,0.921046257019043,0.921046257019043,0.921046257019043,0.0,0.9435176849365234,0.9435176849365234,0.9435176849365234,0.0,0.9327016472816467,0.9327016472816467,0.9327016472816467,0.0,0.9179613590240479,0.9179613590240479,0.9179613590240479,0.0
0,0.9418097734451294,0.9418097734451294,0.9418097734451294,0.0,0.9465842247009277,0.9465842247009277,0.9465842247009277,0.0,0.9576372504234314,0.9576372504234314,0.9576372504234314,0.0,0.9483924508094788,0.9483924508094788,0.9483924508094788,0.0
1,0.9021756052970886,0.9216158986091614,0.9161407351493835,0.00019108546257484704,0.9494536519050598,0.9548484086990356,0.9532797336578369,1.4592721527151298e-05,0.9294016361236572,0.9433827996253967,0.9422529339790344,0.0002542520232964307,0.916736900806427,0.9347162246704102,0.9298152923583984,0.0001656774984439835
0,0.9261435270309448,0.9261435270309448,0.9261435270309448,0.0,0.957809329032898,0.957809329032898,0.957809329032898,0.0,0.9348793029785156,0.9348793029785156,0.9348793029785156,0.0,0.923297643661499,0.923297643661499,0.923297643661499,0.0
0,0.9454034566879272,0.9454034566879272,0.9454034566879272,0.0,0.9585143327713013,0.9585143327713013,0.9585143327713013,0.0,0.9391934871673584,0.9391934871673584,0.9391934871673584,0.0,0.935581624507904,0.935581624507904,0.935581624507904,0.0
1,0.873192548751831,0.9752848744392395,0.9405660033226013,0.004295929800719023,0.9302252531051636,0.9793821573257446,0.9590189456939697,0.0008342783548869193,0.9007824659347534,0.976790189743042,0.9445137977600098,0.002063937485218048,0.8894088268280029,0.9775005578994751,0.9403960704803467,0.0020454784389585257
1,0.9245842099189758,0.9245842099189758,0.9245842099189758,0.0,0.9542337656021118,0.9542337656021118,0.9542337656021118,0.0,0.9207929372787476,0.9207929372787476,0.9207929372787476,0.0,0.9149236679077148,0.9149236679077148,0.9149236679077148,0.0
0,0.9393262267112732,0.9393262267112732,0.9393262267112732,0.0,0.9484422206878662,0.9484422206878662,0.9484422206878662,0.0,0.9503063559532166,0.9503063559532166,0.9503063559532166,0.0,0.9391072988510132,0.9391072988510132,0.9391072988510132,0.0
1,0.9276696443557739,0.9276696443557739,0.9276696443557739,0.0,0.9559559226036072,0.9559559226036072,0.9559559226036072,0.0,0.9370322227478027,0.9370322227478027,0.9370322227478027,0.0,0.9234492182731628,0.9234492182731628,0.9234492182731628,0.0
1,0.9436307549476624,0.9436307549476624,0.9436307549476624,0.0,0.9541990756988525,0.9541990756988525,0.9541990756988525,0.0,0.9401094317436218,0.9401094317436218,0.9401094317436218,0.0,0.9445601105690002,0.9445601105690002,0.9445601105690002,0.0
0,0.8936682343482971,0.95063716173172,0.9322627186775208,0.0007618004456162453,0.9412156343460083,0.9611395001411438,0.9556872248649597,0.00011215213453397155,0.9175931215286255,0.9564224481582642,0.9438502788543701,0.00032177986577153206,0.907431423664093,0.9546078443527222,0.9352012872695923,0.00039509267662651837
1,0.9224679470062256,0.9224679470062256,0.9224679470062256,0.0,0.9579360485076904,0.9579360485076904,0.9579360485076904,0.0,0.9401314854621887,0.9401314854621887,0.9401314854621887,0.0,0.9311483502388,0.9311483502388,0.9311483502388,0.0
1,0.8868999481201172,0.9431569576263428,0.9267435073852539,0.0015860063722357154,0.932178258895874,0.9504615068435669,0.9464327692985535,0.00020248169312253594,0.9050940871238708,0.9518586993217468,0.9386680722236633,0.001105190720409155,0.894079864025116,0.9453204870223999,0.9300968050956726,0.0013131704181432724
0,0.7830470204353333,0.9747012853622437,0.9383126497268677,0.01325754914432764,0.9142482876777649,0.9864460825920105,0.9720945358276367,0.0014833653112873435,0.8806533813476562,0.9959341883659363,0.9890714883804321,0.0047617582604289055,0.8699742555618286,0.9952806234359741,0.9880778193473816,0.005180711857974529
1,0.9124320149421692,0.9325131773948669,0.9265532493591309,0.0002016944345086813,0.9535431861877441,0.962276816368103,0.9599890112876892,3.997822568635456e-05,0.936484158039093,0.9488140940666199,0.9453175663948059,7.669605111004785e-05,0.9232917428016663,0.9381811618804932,0.9342886805534363,0.0001163446213467978
1,0.9142897725105286,0.9506974220275879,0.9342193603515625,0.0002702648926060647,0.9503078460693359,0.9639058709144592,0.9603732228279114,5.576113471761346e-05,0.9339054822921753,0.955466091632843,0.9484956860542297,0.00011893203918589279,0.924738347530365,0.9560301303863525,0.9411242604255676,0.00015575405268464237
1,0.8891686797142029,0.9335075616836548,0.9204432368278503,0.0009839090052992105,0.9400747418403625,0.9573166370391846,0.952208399772644,0.00014870976156089455,0.9274609684944153,0.936806321144104,0.9367335438728333,0.00016795494593679905,0.9133705496788025,0.9430371522903442,0.935954213142395,0.0004950821748934686
0,0.927247941493988,0.927247941493988,0.927247941493988,0.0,0.9499724507331848,0.9499724507331848,0.9499724507331848,0.0,0.932594358921051,0.932594358921051,0.932594358921051,0.0,0.9304473400115967,0.9304473400115967,0.9304473400115967,0.0
1,0.8967582583427429,0.8967582583427429,0.8967582583427429,0.0,0.9284789562225342,0.9284789562225342,0.9284789562225342,0.0,0.9111754894256592,0.9111754894256592,0.9111754894256592,0.0,0.8924252986907959,0.8924252986907959,0.8924252986907959,0.0
1,0.9096801280975342,0.9168220162391663,0.9159908890724182,5.4168067435966805e-05,0.94708651304245,0.9517087936401367,0.9507297277450562,1.3451778613671195e-05,0.9364541172981262,0.9414697885513306,0.9405081868171692,1.74946562765399e-05,0.9261560440063477,0.9365540742874146,0.9334455728530884,5.406107447925024e-05
1,0.0,0.0,0.0,0.0,0.0,0.0,0.0,0.0,0.0,0.0,0.0,0.0,0.0,0.0,0.0,0.0
1,0.8945643305778503,0.9203654527664185,0.9138742089271545,0.00035885462420992553,0.9366154074668884,0.9486900568008423,0.9454492330551147,7.532550080213696e-05,0.9199007153511047,0.9468464851379395,0.9404804706573486,0.00041221268475055695,0.9076607823371887,0.9341610670089722,0.9279793500900269,0.00040324850124306977
1,0.9082238674163818,0.9082238674163818,0.9082238674163818,0.0,0.9546976685523987,0.9546976685523987,0.9546976685523987,0.0,0.9201723337173462,0.9201723337173462,0.9201723337173462,0.0,0.9071025252342224,0.9071025252342224,0.9071025252342224,0.0
1,0.9055382013320923,0.9055382013320923,0.9055382013320923,0.0,0.9405807256698608,0.9405807256698608,0.9405807256698608,0.0,0.9136656522750854,0.9136656522750854,0.9136656522750854,0.0,0.9028339385986328,0.9028339385986328,0.9028339385986328,0.0
0,0.8808205127716064,0.8808205127716064,0.8808205127716064,0.0,0.9463398456573486,0.9463398456573486,0.9463398456573486,0.0,0.8708963394165039,0.8708963394165039,0.8708963394165039,0.0,0.8774609565734863,0.8774609565734863,0.8774609565734863,0.0
1,0.9466392993927002,0.9466392993927002,0.9466392993927002,0.0,0.9590883255004883,0.9590883255004883,0.9590883255004883,0.0,0.9428385496139526,0.9428385496139526,0.9428385496139526,0.0,0.9431933760643005,0.9431933760643005,0.9431933760643005,0.0
1,0.8546182513237,0.915138840675354,0.9062560200691223,0.0026599650736898184,0.9337361454963684,0.9562458395957947,0.9505432844161987,0.00025754599482752383,0.9102661609649658,0.9443635940551758,0.9424421787261963,0.0007704948075115681,0.8935758471488953,0.9285057783126831,0.9215641021728516,0.0006499446462839842
1,0.8779322504997253,0.9038877487182617,0.8986244201660156,0.00044296812848187983,0.9477541446685791,0.9545847773551941,0.9527538418769836,2.4122951799654402e-05,0.9138503074645996,0.93521648645401,0.9310277700424194,0.00031048362143337727,0.8986311554908752,0.9269346594810486,0.9191939234733582,0.0004099263169337064
0,0.9197677969932556,0.9197677969932556,0.9197677969932556,0.0,0.9473038911819458,0.9473038911819458,0.9473038911819458,0.0,0.9258589148521423,0.9258589148521423,0.9258589148521423,0.0,0.9172109961509705,0.9172109961509705,0.9172109961509705,0.0
1,0.924798309803009,0.924798309803009,0.924798309803009,0.0,0.9521711468696594,0.9521711468696594,0.9521711468696594,0.0,0.9265999794006348,0.9265999794006348,0.9265999794006348,0.0,0.9275377988815308,0.9275377988815308,0.9275377988815308,0.0
1,0.9390038251876831,0.9542524218559265,0.9480378031730652,7.573831680929288e-05,0.9550269842147827,0.9632046222686768,0.9616199731826782,2.225261960120406e-05,0.940235435962677,0.9523323178291321,0.9518439769744873,0.00012140236503910273,0.9380720257759094,0.9516385197639465,0.946391761302948,6.59368306514807e-05
1,0.916787326335907,0.916787326335907,0.916787326335907,0.0,0.936221718788147,0.936221718788147,0.936221718788147,0.0,0.9098510146141052,0.9098510146141052,0.9098510146141052,0.0,0.9021686315536499,0.9021686315536499,0.9021686315536499,0.0
1,0.8802781105041504,0.9290255904197693,0.912403404712677,0.0007087365374900401,0.944855272769928,0.9663512706756592,0.9550728797912598,7.955593900987878e-05,0.9150916337966919,0.9569912552833557,0.9393832087516785,0.0004569805460050702,0.9000898003578186,0.9461544156074524,0.9297942519187927,0.0006008421769365668
1,0.8861346244812012,0.8942710161209106,0.8919229507446289,3.3243872167076916e-05,0.9340441823005676,0.9399546980857849,0.9392826557159424,3.767524322029203e-05,0.9022422432899475,0.9319840669631958,0.9246500730514526,0.000484345480799675,0.8950838446617126,0.9151732325553894,0.9100823998451233,0.00021639246551785618
1,0.8978102803230286,0.9038184881210327,0.9031755328178406,4.045665264129639e-05,0.9340693354606628,0.944930911064148,0.9423602223396301,6.687086715828627e-05,0.9237967133522034,0.9339842796325684,0.9326666593551636,0.00010227565508102998,0.912647545337677,0.927057683467865,0.9240738749504089,0.00013371900422498584
0,0.9100664854049683,0.9518351554870605,0.9483503699302673,0.002033485332503915,0.9487409591674805,0.9624240398406982,0.9613908529281616,9.432284423382953e-05,0.9100282192230225,0.9557480216026306,0.9513132572174072,0.0019484582589939237,0.9153687953948975,0.9553211331367493,0.9498019218444824,0.0013313828967511654
1,0.0,0.0,0.0,0.0,0.0,0.0,0.0,0.0,0.0,0.0,0.0,0.0,0.0,0.0,0.0,0.0
0,0.8748385906219482,0.9410125017166138,0.9214917421340942,0.0013102252269163728,0.9365535974502563,0.9604642987251282,0.9560575485229492,0.0002145163161912933,0.8987888693809509,0.9472861289978027,0.9329403042793274,0.0008705027285031974,0.8866086006164551,0.9429286122322083,0.9255993366241455,0.0008165370672941208
0,0.8834956288337708,0.9082690477371216,0.903491199016571,0.00042427415610291064,0.9395192265510559,0.9470924735069275,0.9452412724494934,3.162796565447934e-05,0.904638946056366,0.9092390537261963,0.9089195728302002,2.932695315394085e-05,0.8977673649787903,0.9081838130950928,0.9052686095237732,5.498422615346499e-05
1,0.9074525833129883,0.9074525833129883,0.9074525833129883,0.0,0.949396014213562,0.949396014213562,0.949396014213562,0.0,0.9253263473510742,0.9253263473510742,0.9253263473510742,0.0,0.9108498096466064,0.9108498096466064,0.9108498096466064,0.0
0,0.9395785331726074,0.9395785331726074,0.9395785331726074,0.0,0.9601224064826965,0.9601224064826965,0.9601224064826965,0.0,0.9247705936431885,0.9247705936431885,0.9247705936431885,0.0,0.937299907207489,0.937299907207489,0.937299907207489,0.0
1,0.8732502460479736,0.8874244689941406,0.8849660754203796,0.00015408733452204615,0.9494758248329163,0.9518923163414001,0.9512555599212646,3.0492731184494914e-06,0.9137944579124451,0.922379195690155,0.9200900197029114,3.821424252237193e-05,0.9010863304138184,0.9110791087150574,0.9081397652626038,4.9984664656221867e-05
0,0.9212527871131897,0.9473146200180054,0.9465955495834351,0.00045916266390122473,0.9499955773353577,0.9631044864654541,0.9608035087585449,9.589561523171142e-05,0.9261565208435059,0.9533276557922363,0.950248122215271,0.0006698802462778986,0.9200446009635925,0.9497895240783691,0.9449570178985596,0.0006131900590844452
1,0.8866037130355835,0.8866037130355835,0.8866037130355835,0.0,0.9413519501686096,0.9413519501686096,0.9413519501686096,0.0,0.9061033725738525,0.9061033725738525,0.9061033725738525,0.0,0.8911406397819519,0.8911406397819519,0.8911406397819519,0.0
1,0.9120646715164185,0.9120646715164185,0.9120646715164185,0.0,0.9490063190460205,0.9490063190460205,0.9490063190460205,0.0,0.9311738014221191,0.9311738014221191,0.9311738014221191,0.0,0.9137341976165771,0.9137341976165771,0.9137341976165771,0.0
0,0.8947470784187317,0.9258599877357483,0.9193603992462158,0.0006178868934512138,0.9505865573883057,0.9567301273345947,0.956093966960907,4.3149542761966586e-05,0.9302163124084473,0.9492498636245728,0.9442587494850159,0.00018975501006934792,0.9124543070793152,0.9373655915260315,0.9314080476760864,0.00034858108847402036
1,0.9022691249847412,0.915623664855957,0.9140646457672119,7.751247176202014e-05,0.9380748867988586,0.9465333819389343,0.9455561637878418,3.521023609209806e-05,0.9284483790397644,0.9424648284912109,0.9409753084182739,0.00014209475193638355,0.9176259636878967,0.9378047585487366,0.9288560152053833,9.870969370240346e-05
0,0.9064397215843201,0.9236488342285156,0.9189030528068542,0.0001509745925432071,0.9572467803955078,0.9630510807037354,0.9613178372383118,1.684625749476254e-05,0.9354116916656494,0.9460415244102478,0.9432330131530762,5.890847751288675e-05,0.915780246257782,0.9297283291816711,0.925968587398529,0.00010028099495684728
0,0.8815932273864746,0.8815932273864746,0.8815932273864746,0.0,0.931522011756897,0.931522011756897,0.931522011756897,0.0,0.8851348161697388,0.8851348161697388,0.8851348161697388,0.0,0.8719658851623535,0.8719658851623535,0.8719658851623535,0.0
1,0.8886289596557617,0.9186309576034546,0.9111263751983643,0.00048736133612692356,0.9385959506034851,0.9444445371627808,0.9435641765594482,2.98415088764159e-05,0.9172647595405579,0.9247833490371704,0.9237735867500305,5.413226244854741e-05,0.9105331897735596,0.9330771565437317,0.9284089803695679,0.00032726660720072687
0,0.8884560465812683,0.9127522706985474,0.9072180986404419,0.000346467801136896,0.9335463047027588,0.9462295770645142,0.9427873492240906,8.262601477326825e-05,0.9143496155738831,0.9346665143966675,0.9302850961685181,0.0002553315425757319,0.8946032524108887,0.9071556329727173,0.906507670879364,0.0002407879219390452
0,0.8970035314559937,0.9634597897529602,0.9234445691108704,0.0007463836227543652,0.9413129091262817,0.9602524042129517,0.9479715824127197,7.710854697506875e-05,0.9252074956893921,0.9597427845001221,0.9403312802314758,0.00020984165894333273,0.9139339327812195,0.9628117084503174,0.9303044676780701,0.00035941170062869787
0,0.9284510612487793,0.9284510612487793,0.9284510612487793,0.0,0.9581961035728455,0.9581961035728455,0.9581961035728455,0.0,0.9408982992172241,0.9408982992172241,0.9408982992172241,0.0,0.9350112676620483,0.9350112676620483,0.9350112676620483,0.0
0,0.9267265200614929,0.9290012121200562,0.9288408756256104,7.130313406378264e-06,0.9533834457397461,0.9544841051101685,0.9542877674102783,9.044160833582282e-07,0.9453883767127991,0.9558196663856506,0.952887237071991,5.5052118113962933e-05,0.939931333065033,0.9441193342208862,0.9438800811767578,2.601339110697154e-05
1,0.9256064295768738,0.9382303953170776,0.9346283674240112,8.02538197604008e-05,0.9523918628692627,0.956032395362854,0.9552634954452515,8.368097041966394e-06,0.934549868106842,0.9416402578353882,0.9402621984481812,3.448886127443984e-05,0.9245747923851013,0.9361525774002075,0.9328234195709229,6.736952491337433e-05
0,0.9110988974571228,0.9110988974571228,0.9110988974571228,0.0,0.9451522827148438,0.9451522827148438,0.9451522827148438,0.0,0.9169144630432129,0.9169144630432129,0.9169144630432129,0.0,0.908454179763794,0.908454179763794,0.908454179763794,0.0
0,0.9023733139038086,0.9204157590866089,0.9153686761856079,0.00016499339835718274,0.9457130432128906,0.9545237421989441,0.9522995352745056,4.1739742300705984e-05,0.9310521483421326,0.9433550238609314,0.9402883648872375,8.217457798309624e-05,0.9150502681732178,0.9272041916847229,0.9244022369384766,8.573711238568649e-05
0,0.8391068577766418,0.9259628057479858,0.8889052867889404,0.0016695602098479867,0.9275239706039429,0.9568312168121338,0.9448269009590149,0.00020222921739332378,0.8998797535896301,0.9526245594024658,0.9333205223083496,0.0007000697078183293,0.8857257962226868,0.9410483241081238,0.9204917550086975,0.0007828357047401369
0,0.9074508547782898,0.915359377861023,0.9132187366485596,3.216858021914959e-05,0.9466841816902161,0.9505274891853333,0.9504709243774414,2.7420521291787736e-05,0.9324524402618408,0.9410945773124695,0.939111053943634,4.3527004891075194e-05,0.9290661215782166,0.9311227798461914,0.9305191040039062,2.117966459991294e-06
0,0.9245008230209351,0.9245008230209351,0.9245008230209351,0.0,0.9479599595069885,0.9479599595069885,0.9479599595069885,0.0,0.9400489926338196,0.9400489926338196,0.9400489926338196,0.0,0.9211553931236267,0.9211553931236267,0.9211553931236267,0.0
0,0.8987303972244263,0.9367504119873047,0.9176791906356812,0.00030946871265769005,0.9457563757896423,0.9609360098838806,0.9570127725601196,7.308404019568115e-05,0.9277374744415283,0.9583715200424194,0.9516850709915161,0.000483274576254189,0.9140381217002869,0.9438784718513489,0.9377261400222778,0.0005519887781701982
0,0.9210497736930847,0.9315017461776733,0.9306670427322388,0.00014285797078628093,0.9490610957145691,0.9574646949768066,0.9549797177314758,3.5332341212779284e-05,0.9447062611579895,0.9638909101486206,0.9591321349143982,0.00020057956862729043,0.9386692643165588,0.9496269226074219,0.9475877285003662,8.599733700975776e-05
1,0.9060873985290527,0.932279109954834,0.926260232925415,0.0002741058706305921,0.9473906755447388,0.9577904939651489,0.9540034532546997,3.295773785794154e-05,0.9180734753608704,0.946082592010498,0.9404537081718445,0.0005354449967853725,0.916682243347168,0.9414082765579224,0.9381460547447205,0.00029750721296295524
0,0.8642711043357849,0.8642711043357849,0.8642711043357849,0.0,0.9487042427062988,0.9487042427062988,0.9487042427062988,0.0,0.9119844436645508,0.9119844436645508,0.9119844436645508,0.0,0.8921006917953491,0.8921006917953491,0.8921006917953491,0.0
1,0.9234874248504639,0.9234874248504639,0.9234874248504639,0.0,0.9578825831413269,0.9578825831413269,0.9578825831413269,0.0,0.940311074256897,0.940311074256897,0.940311074256897,0.0,0.9329750537872314,0.9329750537872314,0.9329750537872314,0.0
0,0.8832586407661438,0.9120842814445496,0.8995933532714844,0.000257000356214121,0.9439732432365417,0.949639081954956,0.9479097723960876,1.2732462892017793e-05,0.9227405190467834,0.937063455581665,0.9361773729324341,0.00016313161177095026,0.9154245853424072,0.9324324131011963,0.923936665058136,7.140392699511722e-05
1,0.9377668499946594,0.9377668499946594,0.9377668499946594,0.0,0.9595401287078857,0.9595401287078857,0.9595401287078857,0.0,0.9287090301513672,0.9287090301513672,0.9287090301513672,0.0,0.9241861701011658,0.9241861701011658,0.9241861701011658,0.0
1,0.9119028449058533,0.9543524980545044,0.9375523924827576,0.00046022358583286405,0.9496267437934875,0.965435266494751,0.9593024253845215,5.932160638622008e-05,0.930801510810852,0.9677038788795471,0.9502171277999878,0.00023115247313398868,0.9193551540374756,0.956679105758667,0.9415628910064697,0.00030027536558918655
1,0.8972811698913574,0.9159571528434753,0.908358633518219,0.00013325408508535475,0.9386470913887024,0.9446923136711121,0.9424577355384827,1.1975360393989831e-05,0.9303603172302246,0.9508764743804932,0.9503646492958069,0.000264844304183498,0.9183080792427063,0.932392418384552,0.9285668134689331,0.00010131025919690728
0,0.9117286205291748,0.9117286205291748,0.9117286205291748,0.0,0.9453794956207275,0.9453794956207275,0.9453794956207275,0.0,0.8998308181762695,0.8998308181762695,0.8998308181762695,0.0,0.8983262777328491,0.8983262777328491,0.8983262777328491,0.0
0,0.9067140221595764,0.9505236744880676,0.9327559471130371,0.0006173703586682677,0.9485187530517578,0.9628298282623291,0.9614049792289734,8.195269765565172e-05,0.9297154545783997,0.9642488956451416,0.9554970264434814,0.0007398269954137504,0.9194426536560059,0.9577253460884094,0.9463461637496948,0.000743601587601006
1,0.9299570918083191,0.9374437928199768,0.9357675909996033,3.343674325151369e-05,0.9500558972358704,0.9559452533721924,0.9548356533050537,2.4541184757254086e-05,0.9495827555656433,0.9601312279701233,0.9572890400886536,5.7366982218809426e-05,0.9272053241729736,0.932875394821167,0.9316441416740417,1.9753257220145315e-05
1,0.8902300000190735,0.9108860492706299,0.9093762636184692,0.0002742418146226555,0.9416284561157227,0.9505542516708374,0.9502810835838318,6.83337202644907e-05,0.8900254368782043,0.9361060857772827,0.9304786324501038,0.0007242476567625999,0.9001089930534363,0.9277516007423401,0.9177213311195374,0.0003023387398570776
1,0.8533822298049927,0.9481761455535889,0.9081162810325623,0.0020403554663062096,0.9288973212242126,0.9601964950561523,0.948229968547821,0.00032154173823073506,0.9125487804412842,0.9639255404472351,0.9455922842025757,0.0011532845674082637,0.8961431384086609,0.9591307640075684,0.9325876235961914,0.0010173667687922716
0,0.0,0.0,0.0,0.0,0.0,0.0,0.0,0.0,0.0,0.0,0.0,0.0,0.0,0.0,0.0,0.0
0,0.7680684924125671,0.9760150909423828,0.9055454134941101,0.009527494199573994,0.9060452580451965,0.9895206689834595,0.9530971646308899,0.0009555474389344454,0.8706865310668945,0.9959341883659363,0.9625353813171387,0.0034864074550569057,0.8583120703697205,0.9952806234359741,0.9492282271385193,0.0036722926888614893
0,0.9269355535507202,0.9726420640945435,0.9616543650627136,0.0008050125325098634,0.9491429328918457,0.9658186435699463,0.962583065032959,9.13715994101949e-05,0.9314556121826172,0.972867488861084,0.9568473100662231,0.0005185033660382032,0.921309769153595,0.9710703492164612,0.9618052244186401,0.0009838346159085631
0,0.9181418418884277,0.9276757836341858,0.9259811639785767,6.808937905589119e-05,0.9469920992851257,0.9558979868888855,0.9534889459609985,4.080853614141233e-05,0.9344871640205383,0.9450818300247192,0.9431101083755493,8.038954547373578e-05,0.9288023114204407,0.9400843381881714,0.9382538199424744,0.00010389531962573528
1,0.8930813670158386,0.9211618900299072,0.9134120345115662,0.0004018383042421192,0.9421818852424622,0.9521446228027344,0.94964998960495,5.369794598664157e-05,0.916660487651825,0.9319030046463013,0.9285589456558228,0.00014133025251794606,0.9020726680755615,0.9153052568435669,0.91192227602005,9.328976011602208e-05
1,0.869265615940094,0.9206655621528625,0.9059956669807434,0.0013303550658747554,0.9402055740356445,0.9459655284881592,0.9451267123222351,2.9765722501906566e-05,0.9101807475090027,0.9327099323272705,0.9265590906143188,0.00025994263705797493,0.8965705037117004,0.9273992776870728,0.9188537001609802,0.00048344573588110507
1,0.0,0.0,0.0,0.0,0.0,0.0,0.0,0.0,0.0,0.0,0.0,0.0,0.0,0.0,0.0,0.0
0,0.9278531670570374,0.936317503452301,0.9360684752464294,0.00012324373528826982,0.9483433365821838,0.9507622718811035,0.9501231908798218,3.05061894323444e-06,0.9323193430900574,0.9427129030227661,0.9426736831665039,0.00021200226910877973,0.9294123649597168,0.9379410743713379,0.9376844167709351,0.00012468418572098017
1,0.9222595691680908,0.9222595691680908,0.9222595691680908,0.0,0.9458565711975098,0.9458565711975098,0.9458565711975098,0.0,0.9270468950271606,0.9270468950271606,0.9270468950271606,0.0,0.9217225909233093,0.9217225909233093,0.9217225909233093,0.0
0,0.9480295181274414,0.9480295181274414,0.9480295181274414,0.0,0.9577635526657104,0.9577635526657104,0.9577635526657104,0.0,0.960752010345459,0.960752010345459,0.960752010345459,0.0,0.9450901746749878,0.9450901746749878,0.9450901746749878,0.0
1,0.9120815992355347,0.9120815992355347,0.9120815992355347,0.0,0.9426436424255371,0.9426436424255371,0.9426436424255371,0.0,0.9211829900741577,0.9211829900741577,0.9211829900741577,0.0,0.9026424288749695,0.9026424288749695,0.9026424288749695,0.0
0,0.8914896845817566,0.9398850202560425,0.9184532761573792,0.0005722616915591061,0.9392960071563721,0.9630546569824219,0.9559544324874878,0.00014905002899467945,0.9189890027046204,0.9568307399749756,0.937492847442627,0.00034730639890767634,0.908362627029419,0.9490357041358948,0.9246197938919067,0.0002852508914656937
1,0.9368492960929871,0.9368492960929871,0.9368492960929871,0.0,0.9568271040916443,0.9568271040916443,0.9568271040916443,0.0,0.9304287433624268,0.9304287433624268,0.9304287433624268,0.0,0.9336255788803101,0.9336255788803101,0.9336255788803101,0.0
0,0.916680097579956,0.916680097579956,0.916680097579956,0.0,0.9455152750015259,0.9455152750015259,0.9455152750015259,0.0,0.9292824268341064,0.9292824268341064,0.9292824268341064,0.0,0.9239242076873779,0.9239242076873779,0.9239242076873779,0.0
0,0.8610027432441711,0.8961304426193237,0.8910021781921387,0.0011047852458432317,0.9302582144737244,0.9376325607299805,0.9371883869171143,7.929713319754228e-05,0.88775235414505,0.8947876691818237,0.8929948806762695,2.643112384248525e-05,0.8773999214172363,0.8812620639801025,0.8803306221961975,8.318442269228399e-06
0,0.9309296607971191,0.9309296607971191,0.9309296607971191,0.0,0.9497525691986084,0.9497525691986084,0.9497525691986084,0.0,0.938804566860199,0.938804566860199,0.938804566860199,0.0,0.9270332455635071,0.9270332455635071,0.9270332455635071,0.0
0,0.9299349784851074,0.9299349784851074,0.9299349784851074,0.0,0.9559184908866882,0.9559184908866882,0.9559184908866882,0.0,0.9449175596237183,0.9449175596237183,0.9449175596237183,0.0,0.9365378022193909,0.9365378022193909,0.9365378022193909,0.0
0,0.9311487674713135,0.9311487674713135,0.9311487674713135,0.0,0.9438523054122925,0.9438523054122925,0.9438523054122925,0.0,0.9192754626274109,0.9192754626274109,0.9192754626274109,0.0,0.9167482852935791,0.9167482852935791,0.9167482852935791,0.0
0,0.9417945742607117,0.9417945742607117,0.9417945742607117,0.0,0.9519427418708801,0.9519427418708801,0.9519427418708801,0.0,0.9664263129234314,0.9664263129234314,0.9664263129234314,0.0,0.9483765959739685,0.9483765959739685,0.9483765959739685,0.0
1,0.9179153442382812,0.9179153442382812,0.9179153442382812,0.0,0.9497148394584656,0.9497148394584656,0.9497148394584656,0.0,0.9396524429321289,0.9396524429321289,0.9396524429321289,0.0,0.925591766834259,0.925591766834259,0.925591766834259,0.0
0,0.8842400908470154,0.8969207406044006,0.8958473205566406,0.00012248966959305108,0.9425349235534668,0.9459929466247559,0.9448572397232056,6.852295427961508e-06,0.9219400882720947,0.9566831588745117,0.945895254611969,0.000358650489943102,0.9113028645515442,0.9356606602668762,0.9303441047668457,0.00031896415748633444
1,0.9096997380256653,0.9403173923492432,0.9331329464912415,0.0005354431923478842,0.9466587901115417,0.958582878112793,0.9550877213478088,7.120463851606473e-05,0.915815532207489,0.9496628046035767,0.9400336742401123,0.0005774143501184881,0.9141032099723816,0.9381894469261169,0.9317350387573242,0.0002999939024448395
0,0.901692807674408,0.9512478113174438,0.9358507394790649,0.0011981087736785412,0.9477522969245911,0.9642114043235779,0.9596887826919556,0.00011179492867086083,0.920831024646759,0.9539790749549866,0.9411513805389404,0.0003375631640665233,0.9117697477340698,0.9505683779716492,0.9390698671340942,0.0004386303189676255
1,0.9160009026527405,0.9218906760215759,0.9203171133995056,1.7967677194974385e-05,0.951938807964325,0.9551889300346375,0.9542996287345886,5.404400781117147e-06,0.9504325985908508,0.9534636735916138,0.95278400182724,5.4725787776988e-06,0.9354977607727051,0.9379099011421204,0.9372369647026062,2.952159775304608e-06
1,0.8928597569465637,0.9227639436721802,0.9173884391784668,0.000340891390806064,0.9402269124984741,0.9461648464202881,0.9455093145370483,2.7352103643352166e-05,0.9318076372146606,0.9567282199859619,0.946986198425293,0.0002453236957080662,0.9184123277664185,0.945770263671875,0.9353287220001221,0.00021630700211971998
0,0.8918692469596863,0.9411543607711792,0.9388174414634705,0.0013611650792881846,0.94072026014328,0.9552466869354248,0.9515256285667419,8.813934255158529e-05,0.9174883365631104,0.9403901100158691,0.9382701516151428,0.000473786290967837,0.8992374539375305,0.9347645044326782,0.9315904974937439,0.0007261073333211243
1,0.0,0.0,0.0,0.0,0.0,0.0,0.0,0.0,0.0,0.0,0.0,0.0,0.0,0.0,0.0,0.0
0,0.873212993144989,0.9284894466400146,0.9277432560920715,0.0025889792013913393,0.941490650177002,0.9572152495384216,0.9533513784408569,0.00010604164708638564,0.9101148247718811,0.9440348148345947,0.938864529132843,0.0007890784181654453,0.896897554397583,0.9358229637145996,0.9320119619369507,0.0011999746784567833
0,0.917697548866272,0.917697548866272,0.917697548866272,0.0,0.9535819292068481,0.9535819292068481,0.9535819292068481,0.0,0.9344899654388428,0.9344899654388428,0.9344899654388428,0.0,0.9294708967208862,0.9294708967208862,0.9294708967208862,0.0
0,0.8988621830940247,0.9442861676216125,0.9365985989570618,0.0006388429901562631,0.943929135799408,0.9600147008895874,0.9587799310684204,0.0001278018025914207,0.9167455434799194,0.9576029777526855,0.9473887085914612,0.000612937263213098,0.9074215292930603,0.9501506686210632,0.9428366422653198,0.0007085634279064834
0,0.9207496643066406,0.9539872407913208,0.9383666515350342,0.0002388432330917567,0.9489869475364685,0.962185263633728,0.9601465463638306,0.0001018409020616673,0.9280266761779785,0.9577978849411011,0.9468966126441956,0.00027530090301297605,0.9225313067436218,0.9485383629798889,0.9405820369720459,0.00020688929362222552
0,0.891322910785675,0.891322910785675,0.891322910785675,0.0,0.9444572329521179,0.9444572329521179,0.9444572329521179,0.0,0.905738890171051,0.905738890171051,0.905738890171051,0.0,0.8960735201835632,0.8960735201835632,0.8960735201835632,0.0
1,0.8829560279846191,0.8978522419929504,0.8939710855484009,0.00011670531966956332,0.9462008476257324,0.9465981125831604,0.9465555548667908,1.7667399276888318e-07,0.9216267466545105,0.9263215065002441,0.9259634613990784,2.9409275157377124e-05,0.9100117087364197,0.9233744740486145,0.9199040532112122,9.411294013261795e-05
0,0.9443217515945435,0.9443217515945435,0.9443217515945435,0.0,0.9555200338363647,0.9555200338363647,0.9555200338363647,0.0,0.9592767357826233,0.9592767357826233,0.9592767357826233,0.0,0.9451180100440979,0.9451180100440979,0.9451180100440979,0.0
0,0.9076395630836487,0.9192969799041748,0.9188631176948547,0.0002243512572022155,0.9453231692314148,0.9483777284622192,0.9475695490837097,4.860288299823878e-06,0.9354792237281799,0.9480248689651489,0.9450949430465698,9.028208296513185e-05,0.9242159724235535,0.9356188178062439,0.9340977072715759,0.00012516419519670308
0,0.9235369563102722,0.9493198394775391,0.946412205696106,0.0003741378604900092,0.9479678869247437,0.960426926612854,0.9542222619056702,4.1514966142131016e-05,0.9303426742553711,0.95733642578125,0.9548976421356201,0.00033096541301347315,0.9245737791061401,0.9496773481369019,0.9450010657310486,0.00036711947177536786
0,0.9043044447898865,0.9366958141326904,0.9270937442779541,0.0005248228553682566,0.945033848285675,0.9530847668647766,0.9511049389839172,3.556871524779126e-05,0.9142887592315674,0.9400110244750977,0.9335830211639404,0.00035849431878887117,0.9149888157844543,0.9399732947349548,0.9329346418380737,0.0003155878512188792
0,0.8959847688674927,0.9234915375709534,0.9131885766983032,0.0003337906382512301,0.9471408128738403,0.9532804489135742,0.9527431726455688,2.5843241019174457e-05,0.9297304153442383,0.9417716860771179,0.9403927326202393,6.134594150353223e-05,0.9167998433113098,0.9360831379890442,0.9281110763549805,0.00011308396642562002
1,0.9476790428161621,0.9476790428161621,0.9476790428161621,0.0,0.9553202986717224,0.9553202986717224,0.9553202986717224,0.0,0.9600210189819336,0.9600210189819336,0.9600210189819336,0.0,0.9485922455787659,0.9485922455787659,0.9485922455787659,0.0
0,0.8937882781028748,0.9199935793876648,0.9135767221450806,0.0003781461564358324,0.9390015006065369,0.9532363414764404,0.9490862488746643,0.00010155713971471414,0.9165846705436707,0.9429969191551208,0.9374008178710938,0.0004390995891299099,0.9076264500617981,0.9356740713119507,0.9291897416114807,0.00045541496365331113
1,0.9192252159118652,0.9214313626289368,0.9209871888160706,3.22312735079322e-06,0.9530394673347473,0.957400918006897,0.9569697380065918,2.2336445908877067e-05,0.9359753131866455,0.9498507976531982,0.9460535049438477,9.848924673860893e-05,0.9262054562568665,0.9313420057296753,0.9310882091522217,4.08047235396225e-05
0,0.915749192237854,0.9575889110565186,0.9497449994087219,0.0007227695314213634,0.9467374086380005,0.9633638262748718,0.9612040519714355,0.0001246072060894221,0.9374573826789856,0.9630377292633057,0.9561231136322021,0.0002217596338596195,0.9287072420120239,0.9515475630760193,0.9490179419517517,0.00020771400886587799
1,0.8936983942985535,0.9048682451248169,0.9039161801338196,8.53152378113009e-05,0.9422568678855896,0.9445818066596985,0.944400429725647,2.7348958155926084e-06,0.9315349459648132,0.9408665895462036,0.9404750466346741,6.175492308102548e-05,0.9087805151939392,0.922940194606781,0.919074296951294,7.836931763449684e-05
0,0.8979843258857727,0.9053822159767151,0.9041200280189514,4.263391383574344e-05,0.9475587010383606,0.9521044492721558,0.9510038495063782,1.148543378803879e-05,0.9114820957183838,0.935228168964386,0.9291058778762817,0.0002986542822327465,0.9200121760368347,0.922590970993042,0.9222550392150879,6.518313512060558e-06
1,0.8976291418075562,0.9275480508804321,0.9202406406402588,0.0003912711108569056,0.9461723566055298,0.9593619704246521,0.9518187046051025,4.3451749661471695e-05,0.9169474840164185,0.9422839283943176,0.9320444464683533,0.00024558784207329154,0.9097757339477539,0.9238399267196655,0.9203715324401855,0.00014477860531769693
0,0.8826183676719666,0.9004422426223755,0.8954268097877502,0.0001606803125469014,0.9424784779548645,0.9457899332046509,0.9451846480369568,7.994024599611294e-06,0.9127511978149414,0.926424503326416,0.9245290756225586,0.00017463155381847173,0.8962938189506531,0.909452497959137,0.9066035747528076,0.00010669478069758043
1,0.9046006202697754,0.9046006202697754,0.9046006202697754,0.0,0.9292716979980469,0.9292716979980469,0.9292716979980469,0.0,0.9038208723068237,0.9038208723068237,0.9038208723068237,0.0,0.9001317620277405,0.9001317620277405,0.9001317620277405,0.0
1,0.9062034487724304,0.9169065952301025,0.914236843585968,6.215972825884819e-05,0.941744863986969,0.9441813826560974,0.9436341524124146,3.5305790788697777e-06,0.92913419008255,0.9371433258056641,0.9369618892669678,0.00011430849554017186,0.9176874160766602,0.9263467192649841,0.9254639744758606,8.651652751723304e-05
0,0.9284042716026306,0.9284042716026306,0.9284042716026306,0.0,0.9462238550186157,0.9462238550186157,0.9462238550186157,0.0,0.9430533051490784,0.9430533051490784,0.9430533051490784,0.0,0.935695469379425,0.935695469379425,0.935695469379425,0.0
1,0.9491431713104248,0.9491431713104248,0.9491431713104248,0.0,0.9573360681533813,0.9573360681533813,0.9573360681533813,0.0,0.9588104486465454,0.9588104486465454,0.9588104486465454,0.0,0.9524133205413818,0.9524133205413818,0.9524133205413818,0.0
1,0.911994218826294,0.921693742275238,0.9203582406044006,8.835079643176869e-05,0.9437480568885803,0.9475654363632202,0.9464411735534668,7.293348517123377e-06,0.934161365032196,0.946536660194397,0.9446168541908264,0.00013014227442909032,0.9255110621452332,0.9309273958206177,0.9308313727378845,5.3625888540409505e-05
1,0.8866409063339233,0.9204258322715759,0.9086554646492004,0.00044934963807463646,0.946820080280304,0.9619181752204895,0.9548892378807068,7.045727397780865e-05,0.8885637521743774,0.9169214963912964,0.9168396592140198,0.0005259362515062094,0.890074610710144,0.932425320148468,0.9120899438858032,0.0004396194126456976
1,0.9232553839683533,0.9545474648475647,0.9409085512161255,0.0002441538090351969,0.9522683024406433,0.9676610231399536,0.9635295271873474,9.529764065518975e-05,0.9348989725112915,0.9693034291267395,0.9541473984718323,0.0003186334506608546,0.9283649921417236,0.9553760290145874,0.9461111426353455,0.00022433842241298407
1,0.8252115249633789,0.9049093127250671,0.8832949995994568,0.0032636569812893867,0.922279417514801,0.9595492482185364,0.9487761855125427,0.0006972912815399468,0.9033088684082031,0.9171993732452393,0.9161396622657776,0.00025740647106431425,0.8667494654655457,0.8991631269454956,0.8937674164772034,0.0008375730249099433
1,0.0,0.0,0.0,0.0,0.0,0.0,0.0,0.0,0.0,0.0,0.0,0.0,0.0,0.0,0.0,0.0
1,0.0,0.0,0.0,0.0,0.0,0.0,0.0,0.0,0.0,0.0,0.0,0.0,0.0,0.0,0.0,0.0
1,0.9201145768165588,0.9415671825408936,0.9360052347183228,0.00024283169477712363,0.9467287659645081,0.9531010389328003,0.9517338275909424,2.5243498384952545e-05,0.9337556958198547,0.9478981494903564,0.9437886476516724,0.00010029943223344162,0.9256213307380676,0.9430539608001709,0.9383721351623535,0.00015695088950451463
0,0.0,0.0,0.0,0.0,0.0,0.0,0.0,0.0,0.0,0.0,0.0,0.0,0.0,0.0,0.0,0.0
0,0.9184734225273132,0.9184734225273132,0.9184734225273132,0.0,0.9507095813751221,0.9507095813751221,0.9507095813751221,0.0,0.927975058555603,0.927975058555603,0.927975058555603,0.0,0.9108460545539856,0.9108460545539856,0.9108460545539856,0.0
1,0.923632025718689,0.923632025718689,0.923632025718689,0.0,0.9526724219322205,0.9526724219322205,0.9526724219322205,0.0,0.9206225872039795,0.9206225872039795,0.9206225872039795,0.0,0.919712245464325,0.919712245464325,0.919712245464325,0.0
0,0.9380308985710144,0.9380308985710144,0.9380308985710144,0.0,0.9654655456542969,0.9654655456542969,0.9654655456542969,0.0,0.9469743371009827,0.9469743371009827,0.9469743371009827,0.0,0.9369030594825745,0.9369030594825745,0.9369030594825745,0.0
1,0.8632468581199646,0.9252340197563171,0.9127181768417358,0.0019767985213547945,0.9350917935371399,0.9521903991699219,0.9508377909660339,0.00017637803102843463,0.9124307036399841,0.9547107815742493,0.942974328994751,0.0006535715074278414,0.8965198397636414,0.9454018473625183,0.9314334392547607,0.0008622193709015846
0,0.8768844604492188,0.9412832260131836,0.9200225472450256,0.0011295159347355366,0.9377331137657166,0.9670804738998413,0.9529972672462463,0.0002005354908760637,0.9161536693572998,0.9612219929695129,0.9447183609008789,0.0004906990216113627,0.898277759552002,0.9486834406852722,0.9302491545677185,0.0005612538079731166
1,0.8737938404083252,0.9242218136787415,0.9017541408538818,0.0005342718213796616,0.934609591960907,0.9530311822891235,0.944685697555542,7.079906208673492e-05,0.9142221212387085,0.9416056871414185,0.9308910369873047,0.00018154723511543125,0.9028688669204712,0.9354698061943054,0.9243189692497253,0.00023490989406127483
1,0.9351828694343567,0.9508755207061768,0.9499499797821045,0.00013994531764183193,0.9564564824104309,0.9685903787612915,0.9642497301101685,6.194274465087801e-05,0.9356017112731934,0.9595575332641602,0.9563446640968323,0.0003139879845548421,0.9329478144645691,0.9506049752235413,0.9501135349273682,0.00018911235383711755
0,0.92560875415802,0.92560875415802,0.92560875415802,0.0,0.9465302228927612,0.9465302228927612,0.9465302228927612,0.0,0.9348236322402954,0.9348236322402954,0.9348236322402954,0.0,0.9261652827262878,0.9261652827262878,0.9261652827262878,0.0
0,0.9136781692504883,0.9228137135505676,0.9225807785987854,0.00014654140977654606,0.9519005417823792,0.9549829959869385,0.9546375274658203,1.0343388566980138e-05,0.9299370646476746,0.9509174823760986,0.946079671382904,0.0002554383536335081,0.9245641231536865,0.9426649212837219,0.9378252625465393,0.0001696325489319861
1,0.9213220477104187,0.9213220477104187,0.9213220477104187,0.0,0.949428141117096,0.949428141117096,0.949428141117096,0.0,0.9287965297698975,0.9287965297698975,0.9287965297698975,0.0,0.9269989728927612,0.9269989728927612,0.9269989728927612,0.0
0,0.0,0.0,0.0,0.0,0.0,0.0,0.0,0.0,0.0,0.0,0.0,0.0,0.0,0.0,0.0,0.0
1,0.8771102428436279,0.9106963872909546,0.9011304378509521,0.0005683473427779973,0.9382759928703308,0.9425044059753418,0.9416359663009644,1.1607701708271634e-05,0.9166753888130188,0.9243848919868469,0.922491729259491,3.2653759262757376e-05,0.8994101881980896,0.9196838736534119,0.9136192202568054,0.00020551584020722657
0,0.909013569355011,0.9256663918495178,0.9236282706260681,0.00028445874340832233,0.9462388157844543,0.9553751945495605,0.9528931379318237,4.285372779122554e-05,0.9332596659660339,0.9424548149108887,0.941657543182373,0.0001063846648321487,0.9284364581108093,0.9372909665107727,0.9370324015617371,0.0001350267993984744
0,0.9198091626167297,0.9344229102134705,0.9302334785461426,0.00010741239384515211,0.9555811285972595,0.958983302116394,0.9582167863845825,6.864133410999784e-06,0.9360301494598389,0.9409746527671814,0.9398699998855591,1.4614260180678684e-05,0.9241161346435547,0.9326848387718201,0.930361807346344,3.7732381315436214e-05
1,0.941984236240387,0.941984236240387,0.941984236240387,0.0,0.9545512795448303,0.9545512795448303,0.9545512795448303,0.0,0.9469810724258423,0.9469810724258423,0.9469810724258423,0.0,0.9350873231887817,0.9350873231887817,0.9350873231887817,0.0
1,0.8605841994285583,0.9778801202774048,0.9229519963264465,0.0035039009526371956,0.9315863251686096,0.9767252206802368,0.951816737651825,0.00041587051237002015,0.9100555181503296,0.9816288948059082,0.9429543614387512,0.0009869113564491272,0.8942685127258301,0.9849931001663208,0.9339030981063843,0.0014610668877139688
1,0.8706607222557068,0.9430115222930908,0.9198861122131348,0.0020418083295226097,0.9344564080238342,0.960451602935791,0.951612114906311,0.00027795470668934286,0.9208959937095642,0.9657145142555237,0.948261022567749,0.0006104072090238333,0.9047383666038513,0.9589484333992004,0.9347772598266602,0.0006884609465487301
1,0.8867586851119995,0.9324643015861511,0.9281676411628723,0.0009503913461230695,0.9433074593544006,0.9611479640007019,0.9518373608589172,6.42906452412717e-05,0.9144296646118164,0.9534420967102051,0.9485850930213928,0.0009354896028526127,0.9047690033912659,0.9406802654266357,0.9357672929763794,0.000857147213537246
0,0.8849104046821594,0.9072399139404297,0.9032822847366333,0.00022409828670788556,0.9493756890296936,0.9575965404510498,0.956534743309021,3.55846386810299e-05,0.9449639916419983,0.95871502161026,0.957011342048645,9.225948451785371e-05,0.9222152829170227,0.9428606033325195,0.936434268951416,0.00018544487829785794
0,0.8754382133483887,0.8937970399856567,0.8923618197441101,0.0002168671926483512,0.9428896903991699,0.9553912878036499,0.9504300355911255,4.1692343074828386e-05,0.9251254200935364,0.9432735443115234,0.9411190748214722,0.0002248042292194441,0.9108384251594543,0.9252614378929138,0.9237216711044312,0.00016362649330403656
1,0.9078091979026794,0.9078091979026794,0.9078091979026794,0.0,0.9477354288101196,0.9477354288101196,0.9477354288101196,0.0,0.916187047958374,0.916187047958374,0.916187047958374,0.0,0.9046152830123901,0.9046152830123901,0.9046152830123901,0.0
1,0.9050762057304382,0.9161220788955688,0.9135366678237915,6.984759966144338e-05,0.9467886090278625,0.947252631187439,0.9471186399459839,1.0810551742679309e-07,0.9162237644195557,0.9270816445350647,0.9269738793373108,0.0002242763148387894,0.9067385196685791,0.9172887802124023,0.9161372780799866,0.0001232274080393836
0,0.9232645034790039,0.9232645034790039,0.9232645034790039,0.0,0.9561311602592468,0.9561311602592468,0.9561311602592468,0.0,0.9177189469337463,0.9177189469337463,0.9177189469337463,0.0,0.9303651452064514,0.9303651452064514,0.9303651452064514,0.0
1,0.8521531820297241,0.9366171360015869,0.8978933691978455,0.0021144631318747997,0.9265615344047546,0.9643986225128174,0.9452510476112366,0.0003568374377209693,0.8955088257789612,0.9507620334625244,0.9330479502677917,0.0009323872509412467,0.8823886513710022,0.9576539397239685,0.9179906845092773,0.001046092133037746
0,0.919861912727356,0.919861912727356,0.919861912727356,0.0,0.9595000147819519,0.9595000147819519,0.9595000147819519,0.0,0.9050662517547607,0.9050662517547607,0.9050662517547607,0.0,0.9178072810173035,0.9178072810173035,0.9178072810173035,0.0
0,0.8403088450431824,0.9261760711669922,0.8958986401557922,0.00199137139134109,0.9284582138061523,0.9603901505470276,0.9483280777931213,0.0002982006990350783,0.8918363451957703,0.9537225961685181,0.9309448599815369,0.0008961060084402561,0.8817740082740784,0.940839946269989,0.9149280786514282,0.0006228698184713721
1,0.843384861946106,0.9179205894470215,0.8846292495727539,0.0010479164775460958,0.9219865202903748,0.9521516561508179,0.9346442222595215,0.00014828353596385568,0.9031621813774109,0.9482834339141846,0.9340752959251404,0.0007062813965603709,0.8837398290634155,0.9292458891868591,0.9155320525169373,0.00044434212031774223
1,0.9432193636894226,0.9432193636894226,0.9432193636894226,0.0,0.958629310131073,0.958629310131073,0.958629310131073,0.0,0.9566525220870972,0.9566525220870972,0.9566525220870972,0.0,0.9482000470161438,0.9482000470161438,0.9482000470161438,0.0
0,0.9096997380256653,0.9403173923492432,0.9331329464912415,0.0005354431923478842,0.9466587901115417,0.958582878112793,0.9550877213478088,7.120463851606473e-05,0.915815532207489,0.9496628046035767,0.9400336742401123,0.0005774143501184881,0.9141032099723816,0.9381894469261169,0.9317350387573242,0.0002999939024448395
1,0.9268161654472351,0.9268161654472351,0.9268161654472351,0.0,0.9574535489082336,0.9574535489082336,0.9574535489082336,0.0,0.9392812252044678,0.9392812252044678,0.9392812252044678,0.0,0.926464319229126,0.926464319229126,0.926464319229126,0.0
1,0.8975540995597839,0.9315050840377808,0.9235715270042419,0.0006608418188989162,0.9388636946678162,0.953205943107605,0.9496350884437561,0.00011177677515661344,0.9271406531333923,0.9535902738571167,0.948627233505249,0.0004969877772964537,0.9138768315315247,0.9392393827438354,0.9354410767555237,0.0005636215792037547
1,0.8801488876342773,0.9491254687309265,0.9283384680747986,0.0013574116164818406,0.9345558881759644,0.9622246623039246,0.9525145888328552,0.0002206916396971792,0.8834769129753113,0.9492672085762024,0.9358364343643188,0.0020148607436567545,0.8848578333854675,0.9521631598472595,0.9280723333358765,0.0012240801006555557
1,0.8810867667198181,0.8918001651763916,0.8914945125579834,0.00019836355932056904,0.9346866607666016,0.942612886428833,0.9409014582633972,3.8814887375338e-05,0.9091978073120117,0.9197415113449097,0.9194169044494629,0.00018986997019965202,0.889857828617096,0.8971131443977356,0.8952550888061523,2.8011176254949532e-05
0,0.0,0.0,0.0,0.0,0.0,0.0,0.0,0.0,0.0,0.0,0.0,0.0,0.0,0.0,0.0,0.0
0,0.9116013050079346,0.9169921278953552,0.9165776371955872,3.8641072023892775e-05,0.9467141628265381,0.9491578340530396,0.9488486051559448,5.98026463194401e-06,0.9333600997924805,0.9382915496826172,0.9369845390319824,1.2654905731324106e-05,0.9178541302680969,0.9232375025749207,0.9219954609870911,1.6808975487947464e-05
0,0.9039108753204346,0.9039108753204346,0.9039108753204346,0.0,0.9472204446792603,0.9472204446792603,0.9472204446792603,0.0,0.9009354114532471,0.9009354114532471,0.9009354114532471,0.0,0.8968728184700012,0.8968728184700012,0.8968728184700012,0.0
0,0.9247843027114868,0.9477783441543579,0.9433863162994385,0.00019823711772914976,0.9569544196128845,0.9602503776550293,0.959526538848877,7.800177627359517e-06,0.924180269241333,0.9385251998901367,0.9333087205886841,0.00015537456783931702,0.925254225730896,0.9462375640869141,0.9423185586929321,0.00015875465760473162
1,0.9292904138565063,0.9612529277801514,0.9457979202270508,0.00032684445613995194,0.9501500725746155,0.959111213684082,0.9579682350158691,3.9320562791544944e-05,0.9328334331512451,0.9572561979293823,0.9485389590263367,0.00018398900283500552,0.9310701489448547,0.9612843990325928,0.9499473571777344,0.00023256693384610116
1,0.8908163905143738,0.9402810335159302,0.9263917207717896,0.001285960664972663,0.9299684166908264,0.9483711123466492,0.9450279474258423,0.00029408594127744436,0.9266276955604553,0.948307454586029,0.945258617401123,0.00028425335767678916,0.9153405427932739,0.9480615854263306,0.9385145306587219,0.0004905640380457044
0,0.9038207530975342,0.9401031732559204,0.9323886036872864,0.00035335333086550236,0.9415276646614075,0.9616110920906067,0.9513044953346252,7.532719610026106e-05,0.9182590246200562,0.954444408416748,0.9461739659309387,0.0005088478792458773,0.910668671131134,0.9481087327003479,0.9391666650772095,0.0004870543780270964
1,0.865410327911377,0.9177714586257935,0.9159044623374939,0.0021036088000983,0.9293176531791687,0.955351710319519,0.9494724869728088,0.0003249730507377535,0.9276435971260071,0.949383020401001,0.9484374523162842,0.0003267454158049077,0.9038078784942627,0.9285138249397278,0.9271284937858582,0.0005121983704157174
0,0.9094213247299194,0.9094213247299194,0.9094213247299194,0.0,0.934385359287262,0.934385359287262,0.934385359287262,0.0,0.9103482365608215,0.9103482365608215,0.9103482365608215,0.0,0.892639696598053,0.892639696598053,0.892639696598053,0.0
1,0.8996368646621704,0.8996368646621704,0.8996368646621704,0.0,0.9417025446891785,0.9417025446891785,0.9417025446891785,0.0,0.8680275678634644,0.8680275678634644,0.8680275678634644,0.0,0.8910096883773804,0.8910096883773804,0.8910096883773804,0.0
0,0.8605169057846069,0.9077561497688293,0.8775674104690552,0.00034042022889479995,0.9312346577644348,0.9520775079727173,0.9452759027481079,0.0001919466449180618,0.9139273762702942,0.9377315640449524,0.9299275875091553,0.00023362219508271664,0.8960399627685547,0.9209983348846436,0.9089518189430237,0.00024380332615692168
1,0.9039466977119446,0.9039466977119446,0.9039466977119446,0.0,0.9471112489700317,0.9471112489700317,0.9471112489700317,0.0,0.8808852434158325,0.8808852434158325,0.8808852434158325,0.0,0.8913719654083252,0.8913719654083252,0.8913719654083252,0.0
0,0.9040313363075256,0.9343892335891724,0.9264085292816162,0.0004819555615540594,0.9438101649284363,0.947903037071228,0.9473625421524048,1.625002369110007e-05,0.9302586913108826,0.954984188079834,0.9477590918540955,0.00030629264074377716,0.9224677085876465,0.9429417848587036,0.9385859370231628,0.0002627803187351674
1,0.8943486213684082,0.919105052947998,0.9167999029159546,0.00033015734516084194,0.9400643706321716,0.9533547163009644,0.9488403797149658,7.36414804123342e-05,0.9294770359992981,0.9480001926422119,0.941839873790741,0.00013546204718295485,0.9204900860786438,0.9289414882659912,0.9287614822387695,8.064937719609588e-05
0,0.9001595973968506,0.9321002960205078,0.9268311262130737,0.000484209245769307,0.9447342753410339,0.9569454193115234,0.9566033482551575,8.772909495746717e-05,0.9421200156211853,0.9615765810012817,0.9573825001716614,0.00014114110672380775,0.9220849871635437,0.9433095455169678,0.9416834115982056,0.0002957575779873878
0,0.9180389642715454,0.9180389642715454,0.9180389642715454,0.0,0.9544197916984558,0.9544197916984558,0.9544197916984558,0.0,0.9303404092788696,0.9303404092788696,0.9303404092788696,0.0,0.9219348430633545,0.9219348430633545,0.9219348430633545,0.0
1,0.9066134691238403,0.951400637626648,0.9421488642692566,0.0007381153991445899,0.9419253468513489,0.9616172313690186,0.9518505334854126,8.587037882534787e-05,0.9314897656440735,0.9575273990631104,0.9505253434181213,0.0003995730949100107,0.9177137017250061,0.9412318468093872,0.9408149123191833,0.0005249019013717771
1,0.8977165818214417,0.9535016417503357,0.9308163523674011,0.001208616653457284,0.9438992142677307,0.9557431936264038,0.954492449760437,7.170356548158452e-05,0.9181670546531677,0.9548227190971375,0.9462300539016724,0.0005332219880074263,0.9021642804145813,0.9526156187057495,0.9316344857215881,0.0008991514914669096
1,0.9196563959121704,0.9620559811592102,0.943287193775177,0.0005330683197826147,0.9492053985595703,0.9662091732025146,0.9596279859542847,0.00010028435644926503,0.9368859529495239,0.9692765474319458,0.9579927325248718,0.00023130293993745,0.9326834678649902,0.9640092849731445,0.9512267112731934,0.0002921176783274859
0,0.9102091193199158,0.9204760193824768,0.9198529720306396,0.00015332327166106552,0.9436073899269104,0.9472976326942444,0.9471668601036072,2.2694983272231184e-05,0.9401190876960754,0.948641836643219,0.9464375972747803,3.839132477878593e-05,0.9229664206504822,0.9310765862464905,0.9292546510696411,3.911153908120468e-05
1,0.9443086385726929,0.9443086385726929,0.9443086385726929,0.0,0.9560064077377319,0.9560064077377319,0.9560064077377319,0.0,0.9488958716392517,0.9488958716392517,0.9488958716392517,0.0,0.9415014982223511,0.9415014982223511,0.9415014982223511,0.0
1,0.8806066513061523,0.8847342133522034,0.884602427482605,2.892240991059225e-05,0.9321942329406738,0.9333109855651855,0.9330840706825256,8.183683348761406e-07,0.9112383723258972,0.9460856318473816,0.9377126693725586,0.0006793588981963694,0.8944929242134094,0.9185604453086853,0.9122256636619568,0.00030268821865320206
1,0.878488302230835,0.9209091663360596,0.9195507764816284,0.001734499353915453,0.9395162463188171,0.9524518847465515,0.9509397149085999,0.00014227557403501123,0.8814324736595154,0.9355186223983765,0.9284043312072754,0.0026899201329797506,0.8859021663665771,0.9282532334327698,0.9251987934112549,0.0014756418531760573
1,0.9152109622955322,0.9217535257339478,0.9201983213424683,2.4171051336452365e-05,0.9489679336547852,0.9533936977386475,0.9523953199386597,1.1601828191487584e-05,0.9417018890380859,0.9535343647003174,0.9515795111656189,0.00011239992454648018,0.9309108257293701,0.9380767345428467,0.9365898370742798,3.299825402791612e-05
1,0.9371649622917175,0.9371649622917175,0.9371649622917175,0.0,0.95268315076828,0.95268315076828,0.95268315076828,0.0,0.9316452145576477,0.9316452145576477,0.9316452145576477,0.0,0.9311004281044006,0.9311004281044006,0.9311004281044006,0.0
0,0.8579893708229065,0.9255554676055908,0.9102831482887268,0.002206117147579789,0.9301419258117676,0.9552434682846069,0.9488421678543091,0.000258586835116148,0.9134884476661682,0.9367105960845947,0.9362639784812927,0.00034019918530248106,0.8980342745780945,0.9388560056686401,0.9257727265357971,0.0005425658891908824
1,0.9093696475028992,0.9263766407966614,0.9219744205474854,8.889217860996723e-05,0.9461052417755127,0.9569047689437866,0.9546917676925659,4.406868902151473e-05,0.9347371459007263,0.9448375701904297,0.9429454803466797,5.287683961796574e-05,0.926984965801239,0.939306378364563,0.9365249872207642,5.5919517762959003e-05
1,0.9148662090301514,0.9148662090301514,0.9148662090301514,0.0,0.959260880947113,0.959260880947113,0.959260880947113,0.0,0.9532268047332764,0.9532268047332764,0.9532268047332764,0.0,0.9208310842514038,0.9208310842514038,0.9208310842514038,0.0
1,0.900092363357544,0.9462235569953918,0.9386618137359619,0.0007609804742969573,0.9498429894447327,0.9661350846290588,0.9610371589660645,6.767272134311497e-05,0.9149845838546753,0.9634509682655334,0.943956196308136,0.0005264689680188894,0.9076628088951111,0.955734133720398,0.9414789080619812,0.000532381352968514
1,0.8573470115661621,0.9300035834312439,0.9178734421730042,0.003652437822893262,0.9308266043663025,0.958999514579773,0.9532379508018494,0.00036784447729587555,0.9003131985664368,0.9546317458152771,0.9484817981719971,0.0024131909012794495,0.8948068618774414,0.9430397152900696,0.9396008849143982,0.0012505985796451569
0,0.9237193465232849,0.9237193465232849,0.9237193465232849,0.0,0.9430735111236572,0.9430735111236572,0.9430735111236572,0.0,0.9284093379974365,0.9284093379974365,0.9284093379974365,0.0,0.9128457307815552,0.9128457307815552,0.9128457307815552,0.0
1,0.913962185382843,0.913962185382843,0.913962185382843,0.0,0.9434514045715332,0.9434514045715332,0.9434514045715332,0.0,0.9172723293304443,0.9172723293304443,0.9172723293304443,0.0,0.9242104887962341,0.9242104887962341,0.9242104887962341,0.0
0,0.8694249987602234,0.8919370174407959,0.8861279487609863,0.0002682650520000607,0.9347591400146484,0.9395852088928223,0.9383846521377563,1.2664170753851067e-05,0.8916640281677246,0.9073936939239502,0.9044632315635681,0.0001770203816704452,0.8859836459159851,0.9011462926864624,0.8988896608352661,0.00020252272952347994
0,0.887302041053772,0.933256983757019,0.9045333862304688,0.0005080144619569182,0.9403120279312134,0.9590792059898376,0.9504507780075073,0.00012632309517357498,0.9175206422805786,0.9396110773086548,0.9348677396774292,0.00014721337356604636,0.9089214205741882,0.9426108002662659,0.9202247858047485,0.00022319245908875018
0,0.8684799671173096,0.9213940501213074,0.9035674333572388,0.000753794505726546,0.9219368100166321,0.9559735655784607,0.9401671886444092,0.0002600991283543408,0.9060304760932922,0.945975661277771,0.9356420040130615,0.0005266212974675,0.9016425013542175,0.9323290586471558,0.9217404127120972,0.00024891694192774594
1,0.867121696472168,0.8766657114028931,0.8760064840316772,0.0001265035680262372,0.9360986351966858,0.9370430707931519,0.9368325471878052,5.343185307538079e-07,0.9024274945259094,0.9118491411209106,0.9097641110420227,5.354581298888661e-05,0.8960275650024414,0.9095990061759949,0.9061517715454102,9.858635166892782e-05
0,0.9125457406044006,0.9423640966415405,0.933912992477417,0.00044864078518003225,0.9456155300140381,0.9599647521972656,0.9561213850975037,0.00010649787145666778,0.905402660369873,0.9392390847206116,0.930274486541748,0.0005959080881439149,0.9018129706382751,0.9433885216712952,0.9314694404602051,0.0008693698910064995
1,0.9081238508224487,0.9081238508224487,0.9081238508224487,0.0,0.9432389736175537,0.9432389736175537,0.9432389736175537,0.0,0.9369759559631348,0.9369759559631348,0.9369759559631348,0.0,0.9061914086341858,0.9061914086341858,0.9061914086341858,0.0
1,0.8751776814460754,0.9058961868286133,0.8971972465515137,0.0004762626485899091,0.9407816529273987,0.9492497444152832,0.9470311403274536,3.758022648980841e-05,0.906990110874176,0.9218938946723938,0.9174872040748596,0.00011113035725429654,0.896399199962616,0.9146901369094849,0.9093725085258484,0.0001677603431744501
0,0.8548764586448669,0.9064490795135498,0.8871691226959229,0.0007400087197311223,0.9237109422683716,0.9464764595031738,0.9410392642021179,0.00021049105271231383,0.8987404108047485,0.9423835277557373,0.9288396835327148,0.0009804755682125688,0.8929536938667297,0.9320335984230042,0.9152575731277466,0.00039593124529346824
1,0.9085678458213806,0.9297744035720825,0.9251176118850708,0.0002733202127274126,0.9474933743476868,0.9565314650535583,0.9540920257568359,4.207649908494204e-05,0.9392382502555847,0.955756425857544,0.9516547918319702,0.00014857566566206515,0.9268038272857666,0.9398614764213562,0.937423825263977,0.00012174192670499906
1,0.9091610908508301,0.9329401254653931,0.9285033345222473,0.0004039462364744395,0.9528037905693054,0.9606130719184875,0.9590619206428528,4.093715688213706e-05,0.9377870559692383,0.9585715532302856,0.9545273780822754,0.00029601409914903343,0.9298820495605469,0.9443034529685974,0.9428824782371521,0.0002446826547384262
1,0.9313653111457825,0.9313653111457825,0.9313653111457825,0.0,0.9467960596084595,0.9467960596084595,0.9467960596084595,0.0,0.921729326248169,0.921729326248169,0.921729326248169,0.0,0.9235349893569946,0.9235349893569946,0.9235349893569946,0.0
0,0.8687742352485657,0.8787184953689575,0.8776487112045288,0.00011046691361116245,0.932931661605835,0.9370430707931519,0.9361310005187988,1.0173112059419509e-05,0.887501060962677,0.9014240503311157,0.8999983668327332,0.00022307963808998466,0.8849760890007019,0.8923628926277161,0.8920279741287231,8.62615488586016e-05
0,0.8971043825149536,0.8971043825149536,0.8971043825149536,0.0,0.9438799023628235,0.9438799023628235,0.9438799023628235,0.0,0.9186688661575317,0.9186688661575317,0.9186688661575317,0.0,0.9074061512947083,0.9074061512947083,0.9074061512947083,0.0
1,0.8773135542869568,0.9301319718360901,0.9143058657646179,0.0013948989799246192,0.9238055348396301,0.9510299563407898,0.9448003172874451,0.0004331607196945697,0.9000977873802185,0.9289407134056091,0.9263482093811035,0.0010280932765454054,0.8897690176963806,0.9208104610443115,0.9172351360321045,0.0010303653543815017
0,0.9257816076278687,0.9388582706451416,0.9348723888397217,9.981445327866822e-05,0.9539146423339844,0.9623963832855225,0.9609556198120117,2.057278652500827e-05,0.9229987859725952,0.9371203780174255,0.93645179271698,0.00017095732619054615,0.9223678708076477,0.9353213310241699,0.9338628649711609,0.00014607315824832767
0,0.0,0.0,0.0,0.0,0.0,0.0,0.0,0.0,0.0,0.0,0.0,0.0,0.0,0.0,0.0,0.0
0,0.9155482649803162,0.9155482649803162,0.9155482649803162,0.0,0.9451392889022827,0.9451392889022827,0.9451392889022827,0.0,0.9194648265838623,0.9194648265838623,0.9194648265838623,0.0,0.9249982833862305,0.9249982833862305,0.9249982833862305,0.0
1,0.9398778676986694,0.9398778676986694,0.9398778676986694,0.0,0.9551272392272949,0.9551272392272949,0.9551272392272949,0.0,0.9460513591766357,0.9460513591766357,0.9460513591766357,0.0,0.9443448781967163,0.9443448781967163,0.9443448781967163,0.0
0,0.8852637410163879,0.9250783920288086,0.9179947972297668,0.0008367703412659466,0.9430176615715027,0.9585992693901062,0.9539695978164673,0.00014488851593341678,0.9159659743309021,0.9435436725616455,0.9418601393699646,0.0004542517999652773,0.8989928364753723,0.9346998929977417,0.9274513721466064,0.0005991254583932459
0,0.890763521194458,0.9017994403839111,0.9009836316108704,0.00016464287182316184,0.9478644728660583,0.9505883455276489,0.950003445148468,4.609023108059773e-06,0.915043830871582,0.9312158226966858,0.9278087019920349,0.00016554008470848203,0.9096668362617493,0.9195325374603271,0.9181297421455383,8.906402945285663e-05
1,0.8764733672142029,0.8958419561386108,0.8954326510429382,0.0002593467943370342,0.9374780058860779,0.9471023082733154,0.945273220539093,9.280198719352484e-05,0.9205448627471924,0.9413943290710449,0.9346187114715576,0.00016156300262082368,0.9068663716316223,0.9232136607170105,0.9164204597473145,0.00013881245104130358
1,0.856776237487793,0.9282125234603882,0.895689070224762,0.001234762603417039,0.9279637336730957,0.9558165669441223,0.9433883428573608,0.00023785934899933636,0.8954593539237976,0.9478578567504883,0.9290928840637207,0.0009352980414405465,0.8859233856201172,0.937414824962616,0.9187926054000854,0.0008931193151511252
1,0.9080828428268433,0.9436022639274597,0.942538321018219,0.001306980848312378,0.9501335024833679,0.9641355276107788,0.9626816511154175,0.00015186650853138417,0.937080979347229,0.955966055393219,0.9543589353561401,0.00019693002104759216,0.9249622225761414,0.9560151696205139,0.9481099843978882,0.0006855286774225533
0,0.9255001544952393,0.9255001544952393,0.9255001544952393,0.0,0.9518696665763855,0.9518696665763855,0.9518696665763855,0.0,0.9204387664794922,0.9204387664794922,0.9204387664794922,0.0,0.9051597118377686,0.9051597118377686,0.9051597118377686,0.0
1,0.8968957662582397,0.8968957662582397,0.8968957662582397,0.0,0.9290168285369873,0.9290168285369873,0.9290168285369873,0.0,0.9136623740196228,0.9136623740196228,0.9136623740196228,0.0,0.8956559300422668,0.8956559300422668,0.8956559300422668,0.0
0,0.8785718679428101,0.9050787091255188,0.8988370895385742,0.0006863688468001783,0.9349363446235657,0.9510787129402161,0.9414241313934326,8.212738612201065e-05,0.9341425895690918,0.948008120059967,0.9476034641265869,0.00014339970948640257,0.9188891649246216,0.9451374411582947,0.9344837665557861,0.000326577719533816
1,0.912785530090332,0.912785530090332,0.912785530090332,0.0,0.9512336254119873,0.9512336254119873,0.9512336254119873,0.0,0.9165471792221069,0.9165471792221069,0.9165471792221069,0.0,0.9080073237419128,0.9080073237419128,0.9080073237419128,0.0
0,0.9001162052154541,0.9327270984649658,0.9298807382583618,0.0008620870648883283,0.95318204164505,0.9607658386230469,0.9607245922088623,4.7093533794395626e-05,0.9338659644126892,0.9642435908317566,0.9636214971542358,0.0007669225451536477,0.9232975840568542,0.9442273378372192,0.943942129611969,0.0004233087820466608
1,0.8340690732002258,0.9102041125297546,0.8859578371047974,0.001760965446010232,0.926735520362854,0.9535129070281982,0.9441220760345459,0.0001965379633475095,0.8606163263320923,0.9289664030075073,0.9187639951705933,0.0018545665079727769,0.8626035451889038,0.921851634979248,0.9024696946144104,0.0011503552086651325
0,0.9267339706420898,0.9267339706420898,0.9267339706420898,0.0,0.9530069231987,0.9530069231987,0.9530069231987,0.0,0.9314833879470825,0.9314833879470825,0.9314833879470825,0.0,0.9287015199661255,0.9287015199661255,0.9287015199661255,0.0
1,0.9239397644996643,0.9239397644996643,0.9239397644996643,0.0,0.9523810744285583,0.9523810744285583,0.9523810744285583,0.0,0.9516745209693909,0.9516745209693909,0.9516745209693909,0.0,0.9261009693145752,0.9261009693145752,0.9261009693145752,0.0
1,0.9440889358520508,0.9440889358520508,0.9440889358520508,0.0,0.9547526836395264,0.9547526836395264,0.9547526836395264,0.0,0.9617198705673218,0.9617198705673218,0.9617198705673218,0.0,0.9458122253417969,0.9458122253417969,0.9458122253417969,0.0
0,0.9499453902244568,0.9499453902244568,0.9499453902244568,0.0,0.9588274955749512,0.9588274955749512,0.9588274955749512,0.0,0.9545993208885193,0.9545993208885193,0.9545993208885193,0.0,0.9485872387886047,0.9485872387886047,0.9485872387886047,0.0
0,0.8730310797691345,0.9194628000259399,0.9012469053268433,0.0005080504342913628,0.9349725842475891,0.951070249080658,0.9458882808685303,7.226357411127537e-05,0.9134823679924011,0.9347379803657532,0.9326257705688477,0.0001862354256445542,0.9032307863235474,0.9317417144775391,0.9245676398277283,0.0002044081047642976
0,0.0,0.0,0.0,0.0,0.0,0.0,0.0,0.0,0.0,0.0,0.0,0.0,0.0,0.0,0.0,0.0
1,0.9480843544006348,0.9526809453964233,0.9520029425621033,1.875356065283995e-05,0.9616295695304871,0.9695777297019958,0.9674022197723389,3.23148888128344e-05,0.9540843367576599,0.9562703967094421,0.9557169675827026,2.5641536467446713e-06,0.9481576085090637,0.9521828293800354,0.9515119194984436,1.2900429283035919e-05
1,0.9068338871002197,0.950569748878479,0.9384117126464844,0.0006816712557338178,0.9457070827484131,0.9641939997673035,0.9583811163902283,9.418701665708795e-05,0.9295870661735535,0.9709020853042603,0.9560973644256592,0.0005024114507250488,0.923294186592102,0.9573109745979309,0.9482697248458862,0.0003261484089307487
0,0.8966435790061951,0.914679765701294,0.9100609421730042,0.00017310694965999573,0.9411120414733887,0.9496655464172363,0.9476054310798645,4.084713873453438e-05,0.9342681765556335,0.9434782266616821,0.9429429769515991,0.00012512940156739205,0.9124447703361511,0.9281408786773682,0.9247053265571594,0.00015020406863186508
0,0.9477381706237793,0.9477381706237793,0.9477381706237793,0.0,0.9582290649414062,0.9582290649414062,0.9582290649414062,0.0,0.9406037330627441,0.9406037330627441,0.9406037330627441,0.0,0.9388510584831238,0.9388510584831238,0.9388510584831238,0.0
0,0.9322595000267029,0.9584517478942871,0.9513055086135864,0.00023154978407546878,0.9497154355049133,0.964561402797699,0.9622430205345154,0.00011039167293347418,0.9454513192176819,0.9640228748321533,0.9608975648880005,0.0001563421537866816,0.9331920742988586,0.9545027017593384,0.9510576128959656,0.00021297443890944123
1,0.9156127572059631,0.9156127572059631,0.9156127572059631,0.0,0.9574248194694519,0.9574248194694519,0.9574248194694519,0.0,0.9062950611114502,0.9062950611114502,0.9062950611114502,0.0,0.9046507477760315,0.9046507477760315,0.9046507477760315,0.0
1,0.893071174621582,0.9332581758499146,0.9312875270843506,0.0012470174115151167,0.9402979016304016,0.9528279900550842,0.9527572393417358,0.00012627885735128075,0.9250931739807129,0.9546461701393127,0.9476823806762695,0.00045922593562863767,0.9165083765983582,0.9469332695007324,0.943004846572876,0.0005297708557918668
1,0.9133420586585999,0.9426685571670532,0.9400082230567932,0.0005794045864604414,0.9469466805458069,0.9558132886886597,0.9538754224777222,5.095108281238936e-05,0.9190816879272461,0.9472528696060181,0.9445967078208923,0.0008396832854487002,0.9132924675941467,0.9432291388511658,0.9385064840316772,0.0007153459009714425
1,0.8902359008789062,0.9441691637039185,0.9240041971206665,0.0007397820008918643,0.9403231143951416,0.9630525708198547,0.9529508352279663,8.276207518065348e-05,0.9138686060905457,0.9641814231872559,0.9385186433792114,0.0005100076668895781,0.9084050059318542,0.9572786688804626,0.931294322013855,0.00041256207623519003
1,0.0,0.0,0.0,0.0,0.0,0.0,0.0,0.0,0.0,0.0,0.0,0.0,0.0,0.0,0.0,0.0
1,0.8735585808753967,0.9078601002693176,0.8987668752670288,0.0005582102457992733,0.9317834973335266,0.9439656734466553,0.9427070021629333,0.00017257082799915224,0.9173737168312073,0.9392635226249695,0.9364198446273804,0.00022098154295235872,0.897543728351593,0.9166615605354309,0.9140098094940186,0.0002601457526907325
0,0.941890299320221,0.941890299320221,0.941890299320221,0.0,0.9555388689041138,0.9555388689041138,0.9555388689041138,0.0,0.9494391083717346,0.9494391083717346,0.9494391083717346,0.0,0.9461217522621155,0.9461217522621155,0.9461217522621155,0.0
0,0.0,0.0,0.0,0.0,0.0,0.0,0.0,0.0,0.0,0.0,0.0,0.0,0.0,0.0,0.0,0.0
0,0.8569905757904053,0.9280157089233398,0.9135936498641968,0.0023280882742255926,0.9187243580818176,0.9575662612915039,0.94764643907547,0.0005589578649960458,0.9287320971488953,0.9605584144592285,0.9550829529762268,0.0005435124621726573,0.905432939529419,0.9419295787811279,0.9359925985336304,0.000707976461853832
0,0.9309426546096802,0.9309426546096802,0.9309426546096802,0.0,0.9505404233932495,0.9505404233932495,0.9505404233932495,0.0,0.9360278844833374,0.9360278844833374,0.9360278844833374,0.0,0.9301193356513977,0.9301193356513977,0.9301193356513977,0.0
1,0.8778793811798096,0.9478294849395752,0.916355311870575,0.000908477755729109,0.9363004565238953,0.9571966528892517,0.9499001502990723,0.00014996477693784982,0.9122490286827087,0.9680039286613464,0.939197838306427,0.0006167458486743271,0.9003471732139587,0.9536750316619873,0.9316694140434265,0.00055520492605865
0,0.9007200002670288,0.9007200002670288,0.9007200002670288,0.0,0.9348090291023254,0.9348090291023254,0.9348090291023254,0.0,0.8976994752883911,0.8976994752883911,0.8976994752883911,0.0,0.8913751840591431,0.8913751840591431,0.8913751840591431,0.0
0,0.8329784870147705,0.9269752502441406,0.9113504886627197,0.0034741500858217478,0.9117502570152283,0.9557785987854004,0.953903317451477,0.0009393549407832325,0.8919857144355774,0.9468634128570557,0.9354404807090759,0.0014131627976894379,0.8717629909515381,0.9533893465995789,0.9379448890686035,0.0025483150966465473
1,0.8244050145149231,0.9102740287780762,0.8808982968330383,0.0017964965663850307,0.9173620939254761,0.9578312635421753,0.9408596158027649,0.00031887664226815104,0.8880147933959961,0.9520235061645508,0.9343094825744629,0.0015718317590653896,0.8760976791381836,0.9397404193878174,0.9191418886184692,0.0013310839422047138
0,0.9196611046791077,0.9196611046791077,0.9196611046791077,0.0,0.9451693296432495,0.9451693296432495,0.9451693296432495,0.0,0.9465090036392212,0.9465090036392212,0.9465090036392212,0.0,0.9258281588554382,0.9258281588554382,0.9258281588554382,0.0
0,0.0,0.0,0.0,0.0,0.0,0.0,0.0,0.0,0.0,0.0,0.0,0.0,0.0,0.0,0.0,0.0
1,0.946150541305542,0.946150541305542,0.946150541305542,0.0,0.9591896533966064,0.9591896533966064,0.9591896533966064,0.0,0.95809006690979,0.95809006690979,0.95809006690979,0.0,0.9470453262329102,0.9470453262329102,0.9470453262329102,0.0
0,0.9027480483055115,0.9093402028083801,0.907572865486145,2.5274888685089536e-05,0.9482926726341248,0.9505611658096313,0.9502063989639282,3.6889221064484445e-06,0.9296209216117859,0.9365378618240356,0.9363671541213989,6.160969496704638e-05,0.9243068695068359,0.9287514090538025,0.928679347038269,1.6709562260075472e-05
0,0.9155080318450928,0.9155080318450928,0.9155080318450928,0.0,0.9528123140335083,0.9528123140335083,0.9528123140335083,0.0,0.9375789165496826,0.9375789165496826,0.9375789165496826,0.0,0.9193474054336548,0.9193474054336548,0.9193474054336548,0.0
1,0.8915048241615295,0.9043983817100525,0.9025120139122009,0.00014857255155220628,0.937913179397583,0.9480979442596436,0.9469817876815796,0.00011454591731308028,0.9212821125984192,0.9265471696853638,0.9264062643051147,4.835305662709288e-05,0.906517744064331,0.9170466065406799,0.9144284725189209,6.0298669268377125e-05
1,0.0,0.0,0.0,0.0,0.0,0.0,0.0,0.0,0.0,0.0,0.0,0.0,0.0,0.0,0.0,0.0
0,0.895459771156311,0.9487451314926147,0.9325142502784729,0.0007409749086946249,0.9401638507843018,0.9665695428848267,0.955743670463562,0.00013904811930842698,0.9255290031433105,0.9576445817947388,0.9504105448722839,0.0002533520164433867,0.9126973748207092,0.9598835706710815,0.9364410042762756,0.00032568234018981457
1,0.9175660610198975,0.9278640747070312,0.9267063140869141,0.00011521411215653643,0.9554937481880188,0.9629054069519043,0.9608960747718811,2.8231341275386512e-05,0.9505791068077087,0.9568778276443481,0.9559755921363831,3.608665429055691e-05,0.9264275431632996,0.9414183497428894,0.9394190311431885,0.00021635582379531115
0,0.9240699410438538,0.9240699410438538,0.9240699410438538,0.0,0.9522069096565247,0.9522069096565247,0.9522069096565247,0.0,0.9051055908203125,0.9051055908203125,0.9051055908203125,0.0,0.9053523540496826,0.9053523540496826,0.9053523540496826,0.0
0,0.9177472591400146,0.9413272142410278,0.9377782940864563,0.00048510869964957237,0.9539492726325989,0.9633389115333557,0.9615604877471924,6.205424870131537e-05,0.9317395687103271,0.9511732459068298,0.9489119052886963,0.0004011005803477019,0.9305524230003357,0.9440270662307739,0.9429126977920532,0.00023367030371446162
0,0.9259915947914124,0.9259915947914124,0.9259915947914124,0.0,0.9502284526824951,0.9502284526824951,0.9502284526824951,0.0,0.9303845167160034,0.9303845167160034,0.9303845167160034,0.0,0.9187334775924683,0.9187334775924683,0.9187334775924683,0.0
0,0.9079222083091736,0.9527936577796936,0.9246968030929565,0.0002833618491422385,0.9491254091262817,0.9736500382423401,0.9552526473999023,4.672573777497746e-05,0.9302400946617126,0.957926869392395,0.946010410785675,0.0002593504323158413,0.914743959903717,0.9488229155540466,0.9374536275863647,0.0003226841799914837
0,0.9400354027748108,0.9400354027748108,0.9400354027748108,0.0,0.961938738822937,0.961938738822937,0.961938738822937,0.0,0.9459706544876099,0.9459706544876099,0.9459706544876099,0.0,0.942491352558136,0.942491352558136,0.942491352558136,0.0
0,0.8980117440223694,0.9149727821350098,0.911536693572998,0.000189337064512074,0.9406447410583496,0.9571791887283325,0.9529509544372559,0.0001456248137401417,0.9133138060569763,0.9270853400230408,0.9234384298324585,9.874164243228734e-05,0.9049889445304871,0.9203078746795654,0.9168335795402527,0.00013829513045493513
1,0.9134407043457031,0.9564496278762817,0.936660885810852,0.0004183232958894223,0.9490380883216858,0.9638401865959167,0.9585951566696167,5.899140887777321e-05,0.9175481796264648,0.9639984965324402,0.9497361779212952,0.0010509452549740672,0.91828852891922,0.9607232809066772,0.9425399303436279,0.0006509993690997362
0,0.8504040241241455,0.9355714321136475,0.9293096661567688,0.004095371346920729,0.9239706993103027,0.9593709111213684,0.9536966681480408,0.00059694261290133,0.8908384442329407,0.9557760953903198,0.9370226860046387,0.0016805168706923723,0.8676456212997437,0.9438619613647461,0.9305875301361084,0.0028053380083292723
1,0.9360216856002808,0.9360216856002808,0.9360216856002808,0.0,0.9496443271636963,0.9496443271636963,0.9496443271636963,0.0,0.9422605633735657,0.9422605633735657,0.9422605633735657,0.0,0.9219712615013123,0.9219712615013123,0.9219712615013123,0.0
0,0.872435986995697,0.8833641409873962,0.879497766494751,6.784224387956783e-05,0.9333820939064026,0.9397397041320801,0.9392291307449341,3.970308171119541e-05,0.9079543948173523,0.9190751910209656,0.9169942140579224,5.9860205510631204e-05,0.8891498446464539,0.9023744463920593,0.9018435478210449,0.00011610391811700538
0,0.9373942613601685,0.9373942613601685,0.9373942613601685,0.0,0.9579781293869019,0.9579781293869019,0.9579781293869019,0.0,0.9265965223312378,0.9265965223312378,0.9265965223312378,0.0,0.927409291267395,0.927409291267395,0.927409291267395,0.0
0,0.9125897884368896,0.9193729162216187,0.9186183214187622,5.0326110795140266e-05,0.9440863728523254,0.9483903646469116,0.94737309217453,1.0512724657019135e-05,0.9430784583091736,0.9489386677742004,0.9472099542617798,1.718540625006426e-05,0.9286463856697083,0.931863009929657,0.9312764406204224,7.5594484769681e-06
1,0.9046289324760437,0.9340602159500122,0.9253032207489014,0.00043318813550285995,0.9401461482048035,0.9578295946121216,0.9530048370361328,0.00016019750910345465,0.9402787089347839,0.9560641050338745,0.9515812993049622,0.00012565450742840767,0.9154201149940491,0.9361194372177124,0.9302473664283752,0.00021613195713143796
0,0.9139726161956787,0.9368233680725098,0.9310994744300842,0.0002824114344548434,0.946095883846283,0.9489226341247559,0.948827862739563,1.345237615169026e-05,0.9392245411872864,0.9534335136413574,0.9505071640014648,0.000130709886434488,0.9242225289344788,0.9405713081359863,0.9366710782051086,0.00015045468171592802
0,0.8612638115882874,0.8765158653259277,0.873634934425354,0.00016417786537203938,0.9309352040290833,0.9369087219238281,0.9358564615249634,2.6962215997627936e-05,0.9043461680412292,0.9071400761604309,0.9064868688583374,4.4731818888976704e-06,0.8855262398719788,0.888775110244751,0.8879883289337158,5.865716957487166e-06
1,0.9202032089233398,0.9568390846252441,0.9527820944786072,0.0006518751615658402,0.9523436427116394,0.9658644199371338,0.959434986114502,4.764437471749261e-05,0.9327459335327148,0.9670963883399963,0.9543494582176208,0.00039834491326473653,0.9213360548019409,0.9582166075706482,0.9482543468475342,0.0005072095082141459
1,0.8709920048713684,0.9628781676292419,0.9183552265167236,0.0027873495128005743,0.9338776469230652,0.9683946371078491,0.9513536095619202,0.00032859406201168895,0.9032896161079407,0.9692679643630981,0.9399795532226562,0.0024195644073188305,0.8915526866912842,0.9681565761566162,0.9268535375595093,0.0018572096014395356
1,0.9025509357452393,0.9025509357452393,0.9025509357452393,0.0,0.9277220964431763,0.9277220964431763,0.9277220964431763,0.0,0.8787674903869629,0.8787674903869629,0.8787674903869629,0.0,0.8862244486808777,0.8862244486808777,0.8862244486808777,0.0
0,0.947334349155426,0.947334349155426,0.947334349155426,0.0,0.9678221940994263,0.9678221940994263,0.9678221940994263,0.0,0.9455685615539551,0.9455685615539551,0.9455685615539551,0.0,0.9471548795700073,0.9471548795700073,0.9471548795700073,0.0
1,0.9264057278633118,0.9264057278633118,0.9264057278633118,0.0,0.9519256353378296,0.9519256353378296,0.9519256353378296,0.0,0.948643684387207,0.948643684387207,0.948643684387207,0.0,0.9292151927947998,0.9292151927947998,0.9292151927947998,0.0
1,0.8887472152709961,0.9264931678771973,0.9154201149940491,0.0007134272600524127,0.9398701190948486,0.9542775750160217,0.9504325985908508,0.00010758349526440725,0.9223175048828125,0.9441839456558228,0.9409376382827759,0.0004220772534608841,0.8998146057128906,0.9265995025634766,0.920769453048706,0.00043977625318802893
1,0.9452700018882751,0.9452700018882751,0.9452700018882751,0.0,0.9658299684524536,0.9658299684524536,0.9658299684524536,0.0,0.9513700008392334,0.9513700008392334,0.9513700008392334,0.0,0.9420088529586792,0.9420088529586792,0.9420088529586792,0.0
0,0.0,0.0,0.0,0.0,0.0,0.0,0.0,0.0,0.0,0.0,0.0,0.0,0.0,0.0,0.0,0.0
0,0.8984987139701843,0.9240072965621948,0.9166161417961121,0.0003264850238338113,0.9429211020469666,0.9489943981170654,0.9482687711715698,3.847715925076045e-05,0.9307348132133484,0.9511373043060303,0.9472488164901733,0.0002911830961238593,0.9250620007514954,0.9458255767822266,0.9401437044143677,0.00022055173758417368
0,0.9091817736625671,0.9434560537338257,0.9343664050102234,0.0006110717658884823,0.9479116797447205,0.954590380191803,0.9529925584793091,2.5046601876965724e-05,0.9294230341911316,0.9509282112121582,0.9454616904258728,0.0002474080247338861,0.9204296469688416,0.94472336769104,0.9376364946365356,0.0002957675897050649
0,0.9116727709770203,0.9258511066436768,0.9223004579544067,0.00010874623694689944,0.9362738728523254,0.9493244886398315,0.9458218812942505,8.79962753970176e-05,0.9164543151855469,0.9294692873954773,0.9288336038589478,0.0002627833455335349,0.9186301231384277,0.9256044626235962,0.925479531288147,8.882981637725607e-05
0,0.9010081887245178,0.9163799285888672,0.9121533632278442,0.00010625459981383756,0.9468615651130676,0.9516262412071228,0.9514356851577759,1.7378426491632126e-05,0.9425666928291321,0.9608913064002991,0.9573109149932861,0.00018062857270706445,0.9223166108131409,0.9414674043655396,0.935710072517395,0.000196429158677347
1,0.8605207204818726,0.906661868095398,0.8862013220787048,0.0006005211616866291,0.9380574822425842,0.9571081399917603,0.9516729712486267,0.00012243095261510462,0.9225345253944397,0.9562444686889648,0.9423136711120605,0.00022671434271614999,0.8983541131019592,0.9390091896057129,0.9158278107643127,0.00030184315983206034
1,0.9331566691398621,0.9331566691398621,0.9331566691398621,0.0,0.9566745758056641,0.9566745758056641,0.9566745758056641,0.0,0.954143762588501,0.954143762588501,0.954143762588501,0.0,0.9408321380615234,0.9408321380615234,0.9408321380615234,0.0
0,0.9375049471855164,0.9456835389137268,0.9423924684524536,2.7896350729861297e-05,0.9566157460212708,0.9639815092086792,0.9633105993270874,3.24695574818179e-05,0.9567916989326477,0.9611386656761169,0.9604294300079346,1.973267353605479e-05,0.9463123679161072,0.9498566389083862,0.9495850205421448,1.7185855540446937e-05
1,0.9199739098548889,0.9199739098548889,0.9199739098548889,0.0,0.9448166489601135,0.9448166489601135,0.9448166489601135,0.0,0.9364673495292664,0.9364673495292664,0.9364673495292664,0.0,0.9135838150978088,0.9135838150978088,0.9135838150978088,0.0
0,0.9375998973846436,0.9375998973846436,0.9375998973846436,0.0,0.9560869932174683,0.9560869932174683,0.9560869932174683,0.0,0.945654571056366,0.945654571056366,0.945654571056366,0.0,0.9345068335533142,0.9345068335533142,0.9345068335533142,0.0
1,0.8692448139190674,0.9452630877494812,0.9174865484237671,0.0021578697487711906,0.9317930936813354,0.9618210196495056,0.9489701986312866,0.00047196808736771345,0.9087140560150146,0.9586519002914429,0.9415605664253235,0.000847530725877732,0.8962510824203491,0.9455751180648804,0.9255921244621277,0.0008370484574697912
0,0.9074328541755676,0.9074328541755676,0.9074328541755676,0.0,0.9373505711555481,0.9373505711555481,0.9373505711555481,0.0,0.8918697834014893,0.8918697834014893,0.8918697834014893,0.0,0.8873168230056763,0.8873168230056763,0.8873168230056763,0.0
1,0.880678117275238,0.9361567497253418,0.9246830344200134,0.0019844037014991045,0.9333512187004089,0.9577347040176392,0.9522270560264587,0.0003517250588629395,0.8928291201591492,0.9543887376785278,0.9391026496887207,0.002063531894236803,0.8768936991691589,0.945565938949585,0.9297057390213013,0.0027326291892677546
0,0.9118638634681702,0.9241291880607605,0.9215209484100342,9.434876119485125e-05,0.9463081359863281,0.9503207206726074,0.950172483921051,2.66195202129893e-05,0.9422869682312012,0.946346640586853,0.945307731628418,8.774532943789382e-06,0.9312193989753723,0.9429659843444824,0.9399822950363159,7.385718345176429e-05
0,0.852514386177063,0.9434541463851929,0.932261049747467,0.004811619408428669,0.9173536896705627,0.9591681957244873,0.9568290710449219,0.0011765246745198965,0.8868969678878784,0.9605612754821777,0.9460283517837524,0.0033076624386012554,0.876427173614502,0.95628422498703,0.9311602115631104,0.0027722115628421307
0,0.9292798042297363,0.9440950155258179,0.9407179951667786,0.00012874131789430976,0.9519851207733154,0.9579997658729553,0.9569807052612305,2.8366832339088432e-05,0.9399401545524597,0.9530984163284302,0.9496802091598511,9.123867494054139e-05,0.9373731017112732,0.9485399723052979,0.9457656145095825,6.787464371882379e-05
1,0.9170417785644531,0.9170417785644531,0.9170417785644531,0.0,0.9518370032310486,0.9518370032310486,0.9518370032310486,0.0,0.9351187348365784,0.9351187348365784,0.9351187348365784,0.0,0.9194946885108948,0.9194946885108948,0.9194946885108948,0.0
1,0.882308840751648,0.9322391748428345,0.9256494045257568,0.0007715249666944146,0.9314820766448975,0.9565473794937134,0.9501726031303406,0.0002776187320705503,0.8905037045478821,0.9356032013893127,0.9222855567932129,0.0008217559661716223,0.8792413473129272,0.9353153705596924,0.9189081788063049,0.0012771380133926868
0,0.8878531455993652,0.8878531455993652,0.8878531455993652,0.0,0.9372539520263672,0.9372539520263672,0.9372539520263672,0.0,0.9002642631530762,0.9002642631530762,0.9002642631530762,0.0,0.8829846978187561,0.8829846978187561,0.8829846978187561,0.0
0,0.8976874947547913,0.9363695383071899,0.9239815473556519,0.0003390639612916857,0.938495934009552,0.9576550126075745,0.9520003795623779,0.00011342785001033917,0.9136330485343933,0.9502493143081665,0.9425927996635437,0.0004172258195467293,0.9062989354133606,0.9413717985153198,0.9373375773429871,0.0004282100417185575
1,0.9507672190666199,0.9507672190666199,0.9507672190666199,0.0,0.9571029543876648,0.9571029543876648,0.9571029543876648,0.0,0.9519953727722168,0.9519953727722168,0.9519953727722168,0.0,0.9495788812637329,0.9495788812637329,0.9495788812637329,0.0
1,0.9048061370849609,0.9587920308113098,0.9527315497398376,0.0013265713350847363,0.9456732273101807,0.9679006338119507,0.9649532437324524,0.00027995705022476614,0.9234945774078369,0.9600756168365479,0.9516317248344421,0.0004704607417806983,0.9092794060707092,0.9582791924476624,0.9523492455482483,0.0009951461106538773
0,0.8928275108337402,0.9449197053909302,0.9313791394233704,0.0011046800063923001,0.9446578621864319,0.9639167785644531,0.9614357352256775,0.00017363435472361743,0.9211326241493225,0.9515442848205566,0.9468584656715393,0.00043709034798666835,0.9113444089889526,0.9422783851623535,0.9400844573974609,0.0005578598356805742
0,0.9038434028625488,0.9087675213813782,0.9086122512817383,4.1251263610320166e-05,0.9508671760559082,0.9520705938339233,0.95179283618927,8.395590498366801e-07,0.9353463649749756,0.9495075345039368,0.9459606409072876,0.0001084695104509592,0.9220636487007141,0.9344756603240967,0.9308053255081177,7.707581244176254e-05
1,0.9098849296569824,0.9098849296569824,0.9098849296569824,0.0,0.947941243648529,0.947941243648529,0.947941243648529,0.0,0.9090433120727539,0.9090433120727539,0.9090433120727539,0.0,0.8938968777656555,0.8938968777656555,0.8938968777656555,0.0
0,0.929541289806366,0.935860276222229,0.9352900385856628,4.9246486014453694e-05,0.9554921984672546,0.9569748640060425,0.9567532539367676,1.9294488993182313e-06,0.9545003771781921,0.9563862085342407,0.9558797478675842,1.8366930589763797e-06,0.9425044655799866,0.9515709280967712,0.9495773315429688,4.989322042092681e-05
0,0.8459623456001282,0.8981894850730896,0.8827438354492188,0.0009217244805768132,0.9326692223548889,0.9455190300941467,0.9409056305885315,0.00010089163697557524,0.9042855501174927,0.933851957321167,0.9292906522750854,0.0003524910716805607,0.884618878364563,0.9224697351455688,0.9094699621200562,0.0004095069598406553
1,0.9200471043586731,0.9343723058700562,0.9315925240516663,0.00014099992404226214,0.9438251852989197,0.9479252099990845,0.9470694065093994,1.0739066055975854e-05,0.9432451128959656,0.9489831924438477,0.9476107358932495,1.8492964954930358e-05,0.9314760565757751,0.9385038614273071,0.9376912713050842,5.2679068176075816e-05
1,0.9390189051628113,0.9390189051628113,0.9390189051628113,0.0,0.9621462821960449,0.9621462821960449,0.9621462821960449,0.0,0.9174270629882812,0.9174270629882812,0.9174270629882812,0.0,0.9320830702781677,0.9320830702781677,0.9320830702781677,0.0
1,0.9351422786712646,0.9351422786712646,0.9351422786712646,0.0,0.9533311128616333,0.9533311128616333,0.9533311128616333,0.0,0.9462021589279175,0.9462021589279175,0.9462021589279175,0.0,0.9344068169593811,0.9344068169593811,0.9344068169593811,0.0
1,0.0,0.0,0.0,0.0,0.0,0.0,0.0,0.0,0.0,0.0,0.0,0.0,0.0,0.0,0.0,0.0
0,0.9017664790153503,0.951857328414917,0.9285391569137573,0.0003743850684259087,0.9427255988121033,0.9622796773910522,0.9551012516021729,9.90053522400558e-05,0.9287649393081665,0.9617912173271179,0.9489050507545471,0.0002981883881147951,0.9164609313011169,0.9529978036880493,0.9394406676292419,0.00029480273951776326
0,0.898106038570404,0.9340537786483765,0.9282481670379639,0.0005227827350609004,0.9468569755554199,0.9525126814842224,0.9524456262588501,3.7403144233394414e-05,0.9268911480903625,0.9483880996704102,0.9414980411529541,0.00017203157767653465,0.9118335247039795,0.9459081292152405,0.9361851215362549,0.000361144746420905
1,0.933110237121582,0.933110237121582,0.933110237121582,0.0,0.9462097883224487,0.9462097883224487,0.9462097883224487,0.0,0.9491198062896729,0.9491198062896729,0.9491198062896729,0.0,0.937441349029541,0.937441349029541,0.937441349029541,0.0
1,0.8942965269088745,0.9398850202560425,0.9208311438560486,0.0004758558061439544,0.9427708983421326,0.9630546569824219,0.9578114748001099,0.000119930220535025,0.9194875359535217,0.9568307399749756,0.937492847442627,0.0003245197585783899,0.911624550819397,0.9490357041358948,0.9246197938919067,0.000227890835958533
1,0.0,0.0,0.0,0.0,0.0,0.0,0.0,0.0,0.0,0.0,0.0,0.0,0.0,0.0,0.0,0.0
0,0.9144613146781921,0.92891925573349,0.924608588218689,0.00010452762217028067,0.9539567828178406,0.9557995796203613,0.9552776217460632,1.7137890608864836e-06,0.9515624046325684,0.9619041681289673,0.9589994549751282,5.412814425653778e-05,0.9310389161109924,0.9416489601135254,0.9392805099487305,6.734469207003713e-05
1,0.9067533612251282,0.9218018054962158,0.9193886518478394,0.00018682204245124012,0.949040949344635,0.9502137899398804,0.9500355124473572,1.189925001199299e-06,0.9350488781929016,0.9396767616271973,0.9395992755889893,3.935011045541614e-05,0.9228994846343994,0.9320154786109924,0.9314391016960144,0.00011919790267711505
0,0.0,0.0,0.0,0.0,0.0,0.0,0.0,0.0,0.0,0.0,0.0,0.0,0.0,0.0,0.0,0.0
1,0.8680112361907959,0.9513002634048462,0.9059977531433105,0.001261805184185505,0.9373971223831177,0.960588812828064,0.9500136375427246,0.00016784184845164418,0.9046351313591003,0.9693498015403748,0.9315073490142822,0.000611565716098994,0.8862837553024292,0.9639372825622559,0.9177781343460083,0.0007502718362957239
0,0.9093560576438904,0.9093560576438904,0.9093560576438904,0.0,0.9504880905151367,0.9504880905151367,0.9504880905151367,0.0,0.9421358704566956,0.9421358704566956,0.9421358704566956,0.0,0.916764497756958,0.916764497756958,0.916764497756958,0.0
0,0.9571539163589478,0.9571539163589478,0.9571539163589478,0.0,0.9595466256141663,0.9595466256141663,0.9595466256141663,0.0,0.9661850929260254,0.9661850929260254,0.9661850929260254,0.0,0.9538360834121704,0.9538360834121704,0.9538360834121704,0.0
0,0.8725132942199707,0.8996962308883667,0.8957674503326416,0.0005424597766250372,0.938767671585083,0.9510927200317383,0.9471031427383423,8.691760012879968e-05,0.9201762676239014,0.952467679977417,0.9395074844360352,0.0002823076501954347,0.9084513783454895,0.9379022717475891,0.9258108139038086,0.00020367291290313005
1,0.923644483089447,0.9561220407485962,0.9448632597923279,0.0003876251576002687,0.9474192261695862,0.9582943916320801,0.9555050134658813,4.289429125492461e-05,0.9419752955436707,0.9665974378585815,0.9615134596824646,0.00032613016082905233,0.9289698600769043,0.9577971696853638,0.946577250957489,0.0003098514280281961
0,0.9248881340026855,0.9258349537849426,0.9256612062454224,6.510430807793455e-07,0.9439175724983215,0.9570813775062561,0.9535621404647827,8.972144132712856e-05,0.957355797290802,0.9597676992416382,0.9595633149147034,7.401620678137988e-06,0.9426915049552917,0.9452698230743408,0.9446601271629333,3.77090327674523e-06
0,0.9496204257011414,0.9557029604911804,0.954210638999939,2.0340652554295957e-05,0.9647634029388428,0.9662978649139404,0.966071367263794,2.0885697722405894e-06,0.9574430584907532,0.9614707231521606,0.9604058265686035,8.453837835986633e-06,0.9585203528404236,0.9617215991020203,0.9609550833702087,5.750363925471902e-06
1,0.9042357802391052,0.9262670278549194,0.9197207689285278,0.00024275471514556557,0.9421684145927429,0.9495882391929626,0.9486488103866577,5.51136072317604e-05,0.9077739119529724,0.9332281351089478,0.9293953776359558,0.0005650711245834827,0.9087679982185364,0.9186711311340332,0.9172450304031372,8.880937093636021e-05
0,0.8786463737487793,0.9214915633201599,0.9093022346496582,0.0009252084419131279,0.9417667388916016,0.9559601545333862,0.9522992372512817,0.00010666848538676277,0.9034075736999512,0.9334487915039062,0.9253441095352173,0.00046497044968418777,0.8986662030220032,0.9283700585365295,0.9218544363975525,0.0005368055426515639
1,0.9109950661659241,0.9109950661659241,0.9109950661659241,0.0,0.9377183318138123,0.9377183318138123,0.9377183318138123,0.0,0.8975406885147095,0.8975406885147095,0.8975406885147095,0.0,0.9006963968276978,0.9006963968276978,0.9006963968276978,0.0
1,0.9447849988937378,0.9447849988937378,0.9447849988937378,0.0,0.952538013458252,0.952538013458252,0.952538013458252,0.0,0.941222608089447,0.941222608089447,0.941222608089447,0.0,0.9407805800437927,0.9407805800437927,0.9407805800437927,0.0
1,0.9153188467025757,0.9153188467025757,0.9153188467025757,0.0,0.9494795799255371,0.9494795799255371,0.9494795799255371,0.0,0.9237115383148193,0.9237115383148193,0.9237115383148193,0.0,0.924096941947937,0.924096941947937,0.924096941947937,0.0
0,0.8954282402992249,0.9159927368164062,0.9104605317115784,0.00021821462723892182,0.9425582885742188,0.953106164932251,0.9506969451904297,6.513347034342587e-05,0.9301009774208069,0.937913715839386,0.9363917708396912,4.1777781007112935e-05,0.900765597820282,0.9207016229629517,0.9164242744445801,0.0002470861654728651
0,0.9395641088485718,0.9395641088485718,0.9395641088485718,0.0,0.9503579139709473,0.9503579139709473,0.9503579139709473,0.0,0.9368375539779663,0.9368375539779663,0.9368375539779663,0.0,0.932765781879425,0.932765781879425,0.932765781879425,0.0
1,0.0,0.0,0.0,0.0,0.0,0.0,0.0,0.0,0.0,0.0,0.0,0.0,0.0,0.0,0.0,0.0
0,0.9150598049163818,0.9150598049163818,0.9150598049163818,0.0,0.9599068760871887,0.9599068760871887,0.9599068760871887,0.0,0.9322816729545593,0.9322816729545593,0.9322816729545593,0.0,0.9244348406791687,0.9244348406791687,0.9244348406791687,0.0
1,0.0,0.0,0.0,0.0,0.0,0.0,0.0,0.0,0.0,0.0,0.0,0.0,0.0,0.0,0.0,0.0
1,0.8725051879882812,0.8964192867279053,0.8922319412231445,0.00026768309180624783,0.9360826015472412,0.952639102935791,0.9454098343849182,6.172464054543525e-05,0.9252447485923767,0.9388171434402466,0.9359670877456665,6.481206946773455e-05,0.9078293442726135,0.9221270084381104,0.9184556007385254,0.00010041931091109291
1,0.9119251370429993,0.9273321628570557,0.9263933897018433,0.00034480495378375053,0.9431832432746887,0.9462882876396179,0.946131706237793,1.4830137843091507e-05,0.9231348633766174,0.9274470210075378,0.9265217781066895,1.1559222912183031e-05,0.9174224734306335,0.9250781536102295,0.9239689707756042,5.2808551117777824e-05
1,0.8898860216140747,0.9389654397964478,0.9254836440086365,0.0008016017382033169,0.9409170746803284,0.9571918249130249,0.9536399245262146,8.019766391953453e-05,0.9084060192108154,0.9470542669296265,0.9324843883514404,0.00046990139526315033,0.9005954265594482,0.940034031867981,0.9240150451660156,0.0003305109858047217
0,0.0,0.0,0.0,0.0,0.0,0.0,0.0,0.0,0.0,0.0,0.0,0.0,0.0,0.0,0.0,0.0
1,0.8894845247268677,0.8894845247268677,0.8894845247268677,0.0,0.9460629224777222,0.9460629224777222,0.9460629224777222,0.0,0.9166606068611145,0.9166606068611145,0.9166606068611145,0.0,0.8994932770729065,0.8994932770729065,0.8994932770729065,0.0
1,0.9065796136856079,0.9065796136856079,0.9065796136856079,0.0,0.9437384009361267,0.9437384009361267,0.9437384009361267,0.0,0.9025965929031372,0.9025965929031372,0.9025965929031372,0.0,0.8994425535202026,0.8994425535202026,0.8994425535202026,0.0
0,0.9052969813346863,0.907852292060852,0.9077333211898804,1.0255487723043188e-05,0.9433241486549377,0.9478796124458313,0.9469621777534485,1.3738844245381188e-05,0.9338430762290955,0.9372907280921936,0.936269223690033,5.945883458480239e-06,0.9225130081176758,0.9312182664871216,0.9294134974479675,4.873844955000095e-05
1,0.9240994453430176,0.9240994453430176,0.9240994453430176,0.0,0.9554728865623474,0.9554728865623474,0.9554728865623474,0.0,0.9306339025497437,0.9306339025497437,0.9306339025497437,0.0,0.9227102398872375,0.9227102398872375,0.9227102398872375,0.0
0,0.0,0.0,0.0,0.0,0.0,0.0,0.0,0.0,0.0,0.0,0.0,0.0,0.0,0.0,0.0,0.0
0,0.9062161445617676,0.9385149478912354,0.930258572101593,0.0005558468401432037,0.9424352645874023,0.9560196399688721,0.9521435499191284,9.292974573327228e-05,0.9355131983757019,0.948212742805481,0.9474535584449768,0.00023575198429170996,0.9156022071838379,0.9491404891014099,0.9402905702590942,0.000586874783039093
1,0.9548615217208862,0.9548615217208862,0.9548615217208862,0.0,0.9590904712677002,0.9590904712677002,0.9590904712677002,0.0,0.9646580219268799,0.9646580219268799,0.9646580219268799,0.0,0.9586883783340454,0.9586883783340454,0.9586883783340454,0.0
1,0.8919540047645569,0.8919540047645569,0.8919540047645569,0.0,0.9446076154708862,0.9446076154708862,0.9446076154708862,0.0,0.8978134393692017,0.8978134393692017,0.8978134393692017,0.0,0.8934440612792969,0.8934440612792969,0.8934440612792969,0.0
0,0.9177895784378052,0.9177895784378052,0.9177895784378052,0.0,0.9490184783935547,0.9490184783935547,0.9490184783935547,0.0,0.8977798223495483,0.8977798223495483,0.8977798223495483,0.0,0.9154699444770813,0.9154699444770813,0.9154699444770813,0.0
1,0.9339665174484253,0.9339665174484253,0.9339665174484253,0.0,0.957125723361969,0.957125723361969,0.957125723361969,0.0,0.9362212419509888,0.9362212419509888,0.9362212419509888,0.0,0.9328793287277222,0.9328793287277222,0.9328793287277222,0.0
0,0.8840503692626953,0.9015096426010132,0.8972447514533997,0.00016818907170090824,0.9374145865440369,0.94930499792099,0.946919322013855,9.395457891514525e-05,0.9125227928161621,0.9351481199264526,0.9304776191711426,0.0003306569706182927,0.9003432393074036,0.9227282404899597,0.9163511395454407,0.00025245195138268173
1,0.9394397139549255,0.9394397139549255,0.9394397139549255,0.0,0.9569277763366699,0.9569277763366699,0.9569277763366699,0.0,0.948118269443512,0.948118269443512,0.948118269443512,0.0,0.9350372552871704,0.9350372552871704,0.9350372552871704,0.0
0,0.923649251461029,0.923649251461029,0.923649251461029,0.0,0.9473056793212891,0.9473056793212891,0.9473056793212891,0.0,0.9407346844673157,0.9407346844673157,0.9407346844673157,0.0,0.9208739995956421,0.9208739995956421,0.9208739995956421,0.0
1,0.8839240670204163,0.9423683285713196,0.9211142063140869,0.0009201376815326512,0.9365901947021484,0.9613990783691406,0.9501498937606812,0.00013708790356758982,0.9085369110107422,0.9679365158081055,0.9380539059638977,0.0005474466597661376,0.9017301201820374,0.9550799131393433,0.9323115944862366,0.0004876373568549752
0,0.9002294540405273,0.9181270599365234,0.9133855104446411,0.00016672862693667412,0.9417731761932373,0.9510418176651001,0.9501899480819702,0.00010495242167962715,0.9362724423408508,0.9490970969200134,0.9460185766220093,9.208801202476025e-05,0.9178943037986755,0.9328597784042358,0.9285805225372314,0.00011272033589193597
0,0.8922411799430847,0.9332581758499146,0.9321956634521484,0.0012123618507757783,0.9413782954216003,0.9569951891899109,0.9549115896224976,0.00014466018183156848,0.9191563129425049,0.9454716444015503,0.9430950880050659,0.00040943059138953686,0.9143481254577637,0.9462430477142334,0.9426597356796265,0.0005237127770669758
1,0.9528128504753113,0.9528128504753113,0.9528128504753113,0.0,0.9603608846664429,0.9603608846664429,0.9603608846664429,0.0,0.9625523090362549,0.9625523090362549,0.9625523090362549,0.0,0.9539220333099365,0.9539220333099365,0.9539220333099365,0.0
0,0.8518620133399963,0.9404071569442749,0.9151597619056702,0.003948993049561977,0.9136455655097961,0.9532309770584106,0.9446135759353638,0.0009604315855540335,0.897129237651825,0.9396114945411682,0.9316073060035706,0.0012769082095474005,0.8854546546936035,0.9320766925811768,0.9220727682113647,0.0013511702418327332
0,0.9121349453926086,0.9286451935768127,0.9242972731590271,0.000142398159368895,0.9486954808235168,0.953095555305481,0.9519537687301636,1.0209568245045375e-05,0.9508144855499268,0.9552102088928223,0.9540785551071167,1.0244254553981591e-05,0.9313763976097107,0.942033588886261,0.9389296770095825,5.693307684850879e-05
0,0.8951144218444824,0.8973358869552612,0.8966928720474243,2.476638428561273e-06,0.945111095905304,0.9494755864143372,0.9486254453659058,1.3038171346124727e-05,0.8978312015533447,0.9103875160217285,0.9080049395561218,0.00011076999362558126,0.8953773379325867,0.918893039226532,0.9142763614654541,0.00037556467577815056
0,0.9258478283882141,0.9656349420547485,0.9539744257926941,0.0007927705883048475,0.949389636516571,0.9628112316131592,0.9594730734825134,9.796655649552122e-05,0.9302048683166504,0.960559606552124,0.9518113136291504,0.0004628410388249904,0.923160970211029,0.9615641832351685,0.9502825140953064,0.0007383592310361564
0,0.854729950428009,0.9555904865264893,0.9177589416503906,0.002828160999342799,0.927745521068573,0.958008885383606,0.9493775367736816,0.00029696544515900314,0.9072134494781494,0.9567350745201111,0.9420303106307983,0.000942266546189785,0.8878037929534912,0.949523389339447,0.921995997428894,0.0009805784793570638
0,0.9231722950935364,0.9231722950935364,0.9231722950935364,0.0,0.9505419731140137,0.9505419731140137,0.9505419731140137,0.0,0.93956458568573,0.93956458568573,0.93956458568573,0.0,0.9299893379211426,0.9299893379211426,0.9299893379211426,0.0
1,0.9254288673400879,0.9568699598312378,0.9477814435958862,0.0004962401580996811,0.9515591263771057,0.9589062929153442,0.9574017524719238,3.514771015034057e-05,0.9369866251945496,0.9553526639938354,0.9513786435127258,0.00020796853641513735,0.9279044270515442,0.9573286175727844,0.9496776461601257,0.00045595018309541047
1,0.9211295247077942,0.940876841545105,0.9352442026138306,0.0001963952527148649,0.9524955749511719,0.9560772180557251,0.9551178216934204,6.6348679865768645e-06,0.9433975219726562,0.9600633978843689,0.9559253454208374,0.00015125075879041106,0.9309229850769043,0.9443023800849915,0.9413286447525024,0.00010753330570878461
0,0.8843149542808533,0.9350029826164246,0.9220332503318787,0.001368017285130918,0.9353964924812317,0.9525483846664429,0.9478159546852112,0.00014993730292189866,0.8853933215141296,0.9502508044242859,0.9317981600761414,0.0021200687624514103,0.9020525813102722,0.9430527687072754,0.9313515424728394,0.0008464839193038642
0,0.9022887349128723,0.9262048602104187,0.9214035272598267,0.00045901365228928626,0.9498662352561951,0.9579912424087524,0.957869291305542,9.528213558951393e-05,0.9407694339752197,0.9551514387130737,0.9539732336997986,0.00018174418073613197,0.9207034707069397,0.9408401250839233,0.9369716048240662,0.0003027668863069266
1,0.9212145209312439,0.9521307945251465,0.943340539932251,0.000393960828660056,0.9490360617637634,0.956778347492218,0.9552727937698364,2.109929482685402e-05,0.9284656643867493,0.9530110359191895,0.9428787231445312,0.00017381551151629537,0.9251041412353516,0.9523059129714966,0.9430062174797058,0.000304544490063563
1,0.9060758948326111,0.9060758948326111,0.9060758948326111,0.0,0.9449384808540344,0.9449384808540344,0.9449384808540344,0.0,0.9066069722175598,0.9066069722175598,0.9066069722175598,0.0,0.8846083879470825,0.8846083879470825,0.8846083879470825,0.0
1,0.8727402091026306,0.9167066812515259,0.9155436158180237,0.001074997941032052,0.9374366998672485,0.9567902684211731,0.9529755115509033,0.00013184330600779504,0.9283560514450073,0.9552960395812988,0.9488273859024048,0.00019384936604183167,0.9102514386177063,0.9427098631858826,0.9375889897346497,0.0002900152176152915
0,0.9023109674453735,0.940119743347168,0.9313855171203613,0.0007193637429736555,0.9470438957214355,0.963545560836792,0.9572165012359619,5.5045893532224e-05,0.935637891292572,0.9613946080207825,0.9557815790176392,0.00035139426472596824,0.9208247065544128,0.949032187461853,0.9452558755874634,0.0004151842149440199
0,0.8808784484863281,0.9055768847465515,0.8991385698318481,0.00032072883914224803,0.9379541277885437,0.950293779373169,0.946648120880127,7.618572271894664e-05,0.9204399585723877,0.9291951656341553,0.9272000789642334,4.497279951465316e-05,0.9002782702445984,0.9096816778182983,0.9086259603500366,9.61486148298718e-05
0,0.9182761907577515,0.947396993637085,0.9442213177680969,0.0005608204519376159,0.948897123336792,0.9617558717727661,0.9570124745368958,5.426624193205498e-05,0.9278067350387573,0.9584473371505737,0.951917290687561,0.0004403148195706308,0.9150838255882263,0.9458180665969849,0.9420658349990845,0.0005289318505674601
0,0.9252950549125671,0.9477381110191345,0.944629430770874,0.00024078029673546553,0.9504331350326538,0.9594117999076843,0.9583474397659302,3.0372824767255224e-05,0.9207838177680969,0.9449337720870972,0.9418800473213196,0.0004850061668548733,0.9200810194015503,0.9388510584831238,0.9378187656402588,0.00024569415836595
1,0.8833041787147522,0.9627211093902588,0.9153047800064087,0.0008059396641328931,0.9435411691665649,0.9690759181976318,0.9542726874351501,8.401848754147068e-05,0.9221765398979187,0.9729389548301697,0.9435456991195679,0.00037802779115736485,0.9050015807151794,0.9647648334503174,0.9273373484611511,0.00041285419138148427
0,0.8624494671821594,0.9349172115325928,0.8961260914802551,0.0009137251181527972,0.9310896992683411,0.9630677700042725,0.9465974569320679,0.00021822142298333347,0.9000343084335327,0.9195648431777954,0.9188121557235718,0.0002785848919302225,0.876911997795105,0.9342817068099976,0.9063970446586609,0.0007002562051638961
0,0.8766206502914429,0.9527980089187622,0.9251859188079834,0.002280221553519368,0.9368056654930115,0.9642763137817383,0.956839382648468,0.00038102950202301145,0.9180331826210022,0.9709392786026001,0.9503664970397949,0.0008760028285905719,0.9014434218406677,0.9619091153144836,0.9392702579498291,0.0009722025715745986
1,0.8847552537918091,0.9304891228675842,0.9282577633857727,0.001126617076806724,0.9350676536560059,0.9568365812301636,0.9481052160263062,9.699433576315641e-05,0.9111611247062683,0.9425963759422302,0.9418790340423584,0.0006524405907839537,0.9020949602127075,0.9344784021377563,0.9313427209854126,0.0005433139740489423
0,0.9052214026451111,0.9318167567253113,0.9244496822357178,0.0003447179915383458,0.946175754070282,0.9563300609588623,0.9527276754379272,2.878328632505145e-05,0.9160177707672119,0.9404935240745544,0.9344550371170044,0.0003257394128013402,0.9039350152015686,0.9275801181793213,0.9203541278839111,0.00029991668998263776
1,0.9032295942306519,0.9507206678390503,0.9446101188659668,0.001012271735817194,0.9433323740959167,0.962145984172821,0.9585379958152771,0.0001647809986025095,0.9361560344696045,0.9628623723983765,0.9576178789138794,0.0004127448773942888,0.9115819931030273,0.9549578428268433,0.9462012052536011,0.000774590705987066
0,0.8545454144477844,1.0000001192092896,0.9184969067573547,0.005567696411162615,0.9336569905281067,0.9999999403953552,0.9584274291992188,0.000800177687779069,0.8821427822113037,0.9999997019767761,0.9201120138168335,0.002000670414417982,0.8762519359588623,1.000000238418579,0.9163554906845093,0.0026102152187377214
0,0.7779137492179871,0.8686899542808533,0.8507322669029236,0.0034660103265196085,0.9064736366271973,0.9371906518936157,0.9323151707649231,0.00042199488962069154,0.8675338625907898,0.9273597002029419,0.9096298217773438,0.0013042086502537131,0.8427872061729431,0.9203184247016907,0.8933871984481812,0.0019368976354599
0,0.867034912109375,0.9526488184928894,0.9370878338813782,0.005631412845104933,0.9385584592819214,0.9650962352752686,0.9578954577445984,0.0004093285242561251,0.9053277969360352,0.9673370122909546,0.9481699466705322,0.002240012167021632,0.9008116126060486,0.9633030891418457,0.9403291344642639,0.001934612519107759
0,0.9229273796081543,0.9633467197418213,0.9412302374839783,0.00034018518636003137,0.9502015709877014,0.972642183303833,0.961087167263031,6.395835225703195e-05,0.9226770997047424,0.9649015069007874,0.9490132927894592,0.0005836443160660565,0.9203547239303589,0.9649200439453125,0.9422782063484192,0.0004759974544867873
1,0.8949807286262512,0.9407972693443298,0.9272401332855225,0.0004694326489698142,0.9456914067268372,0.9630424976348877,0.9561347961425781,7.873269350966439e-05,0.918533980846405,0.9537658095359802,0.9385126829147339,0.00028637185459956527,0.9054131507873535,0.9467931389808655,0.9297288060188293,0.00027209502877667546
1,0.8861843943595886,0.9462689757347107,0.9218250513076782,0.0008673503762111068,0.938474178314209,0.9632298946380615,0.9522870182991028,0.00020566816965583712,0.9053106307983398,0.9732034206390381,0.9454111456871033,0.0014361554058268666,0.8911514282226562,0.9621686935424805,0.9318757653236389,0.001609778730198741
0,0.8529841899871826,0.9504668116569519,0.9343991279602051,0.0030404531862586737,0.9254187345504761,0.9607566595077515,0.957222580909729,0.00045217465958558023,0.9069126844406128,0.9608774781227112,0.9490953683853149,0.000913660682272166,0.8875905275344849,0.9425308704376221,0.9375500679016113,0.0012146980734542012
0,0.837714672088623,0.9434812664985657,0.9090008735656738,0.002283727051690221,0.9235734939575195,0.966328501701355,0.9449912309646606,0.0002717171155381948,0.9112781882286072,0.9605723023414612,0.9412786960601807,0.0005498813115991652,0.8910282850265503,0.9457662105560303,0.927872896194458,0.0008167008054442704
0,0.8747889995574951,0.9334396719932556,0.9209120869636536,0.0019440337782725692,0.9341230392456055,0.95902019739151,0.9501627683639526,0.0002202781179221347,0.9185856580734253,0.9521478414535522,0.9424425959587097,0.00036172830732539296,0.8998698592185974,0.9351553320884705,0.9269899129867554,0.000579124956857413
0,0.8931201100349426,0.9386913776397705,0.9249829649925232,0.0007332005770877004,0.9429833889007568,0.9667871594429016,0.960060715675354,0.0001513193128630519,0.9170230031013489,0.9547792077064514,0.9446573257446289,0.0004699286073446274,0.8990177512168884,0.9355456233024597,0.9308227896690369,0.0005925196455791593
0,0.9035114645957947,0.9495115280151367,0.9317324757575989,0.0005079875118099153,0.9440407156944275,0.9647166728973389,0.9549899697303772,7.807257497915998e-05,0.9281936287879944,0.9705626964569092,0.9490114450454712,0.0002339613565709442,0.916025698184967,0.9619500637054443,0.9378213286399841,0.00031218238291330636
1,0.9270473718643188,0.9646710753440857,0.9504963755607605,0.00026235863333567977,0.950576901435852,0.970463216304779,0.9636133909225464,8.432364120380953e-05,0.9315166473388672,0.9697154760360718,0.9572767019271851,0.0003863057936541736,0.9231907725334167,0.9731736183166504,0.9563121795654297,0.0005154618411324918
0,0.8761752843856812,0.9290200471878052,0.9216589331626892,0.0012322408147156239,0.934134840965271,0.9527884721755981,0.9525303244590759,0.00016978482017293572,0.9093304872512817,0.9391669034957886,0.9329118132591248,0.0003757683152798563,0.900816798210144,0.935686469078064,0.9235595464706421,0.0005623868783004582
0,0.9048480987548828,0.9386374354362488,0.9305846691131592,0.00032150870538316667,0.9419699907302856,0.9529581069946289,0.9513787031173706,5.973790030111559e-05,0.9253531694412231,0.9548580050468445,0.950197160243988,0.0003428223426453769,0.910327672958374,0.9456784129142761,0.9372400045394897,0.00041428336407989264
0,0.9285061955451965,0.9569610953330994,0.9463117122650146,0.00031474040588364005,0.9510186910629272,0.9606562852859497,0.9564194083213806,2.7651523851091042e-05,0.9281557202339172,0.9691424369812012,0.9462052583694458,0.0005309134721755981,0.9292739033699036,0.9566460847854614,0.9441306591033936,0.00028579062200151384
1,0.9465522766113281,0.9663779735565186,0.9608383178710938,0.00013181807298678905,0.9590895771980286,0.9675959348678589,0.9660351872444153,3.560136610758491e-05,0.9456910490989685,0.967323362827301,0.963333249092102,0.00022205924324225634,0.9415283203125,0.9640703797340393,0.9587781429290771,0.00019591728050727397
0,0.9308388829231262,0.9405204057693481,0.93826824426651,5.395723201218061e-05,0.9557042717933655,0.9580404758453369,0.9575121402740479,3.2250661661237245e-06,0.9354815483093262,0.9536391496658325,0.9482851028442383,0.0001649929181439802,0.9290153980255127,0.9385435581207275,0.9370539784431458,7.662401912966743e-05
0,0.8360191583633423,0.9512889385223389,0.9057201147079468,0.0038122457917779684,0.9254134893417358,0.9571488499641418,0.9476613998413086,0.0004923251108266413,0.9077441692352295,0.9629510641098022,0.9404385685920715,0.0006282804533839226,0.8833624720573425,0.9580208659172058,0.9180856943130493,0.0011741495691239834
1,0.9057881236076355,0.9405452609062195,0.929254412651062,0.00041047888225875795,0.9486624002456665,0.9616655111312866,0.959682047367096,9.699472866486758e-05,0.9074705243110657,0.9446603059768677,0.9369080662727356,0.0007166687864810228,0.9177004098892212,0.9500727653503418,0.9358921647071838,0.00037802383303642273
1,0.9126849174499512,0.963971734046936,0.9507380723953247,0.0010857187444344163,0.9467957019805908,0.9676331281661987,0.9577416181564331,0.0001651306520216167,0.909935712814331,0.9654949903488159,0.9496022462844849,0.0014075101353228092,0.9099389314651489,0.963100016117096,0.9468156099319458,0.0012871971121057868
0,0.8826420307159424,0.8826420307159424,0.8826420307159424,0.0,0.9301534295082092,0.9301534295082092,0.9301534295082092,0.0,0.8981521129608154,0.8981521129608154,0.8981521129608154,0.0,0.8824384212493896,0.8824384212493896,0.8824384212493896,0.0
0,0.8895300626754761,0.9285356402397156,0.9224510192871094,0.0007914977031759918,0.9422446489334106,0.9519956111907959,0.950230062007904,0.0001142202308983542,0.9097350835800171,0.9376698136329651,0.9329848289489746,0.00042469441541470587,0.9009393453598022,0.9371497631072998,0.9220356345176697,0.00046781465061940253
0,0.8071951866149902,0.899472177028656,0.8616471886634827,0.0013455685693770647,0.9099717736244202,0.9333508610725403,0.9295932650566101,0.0003210126014892012,0.8667505979537964,0.9345983266830444,0.9212020635604858,0.002948841778561473,0.8539588451385498,0.9273170232772827,0.9034416675567627,0.002578183077275753
1,0.8959787487983704,0.9612724781036377,0.9150902628898621,0.0004924701643176377,0.944857656955719,0.9683109521865845,0.950671911239624,5.2569477702490985e-05,0.9035170674324036,0.9545972347259521,0.9270472526550293,0.0005053357454016805,0.9023860096931458,0.9644770622253418,0.9230325818061829,0.0004522413364611566
0,0.9105718731880188,0.9343708753585815,0.9289399981498718,0.00024118066357914358,0.9447466135025024,0.9575302600860596,0.95475172996521,5.933564534643665e-05,0.9145534634590149,0.9516199827194214,0.9382137060165405,0.0006109424284659326,0.9161845445632935,0.9448580145835876,0.9329184889793396,0.0002786862605717033
1,0.8906089663505554,0.946871280670166,0.9303178787231445,0.0009624761296436191,0.9350515007972717,0.9653186798095703,0.9581790566444397,0.0002422904799459502,0.9219151735305786,0.961494505405426,0.9491710066795349,0.0005339100607670844,0.9046138525009155,0.9493646621704102,0.9331163763999939,0.0005747204995714128
0,0.8564283847808838,0.945263683795929,0.9259940981864929,0.005276856012642384,0.9341113567352295,0.9618659615516663,0.9530284404754639,0.0003316286893095821,0.8815739750862122,0.9607066512107849,0.9272574186325073,0.002712354762479663,0.8746578097343445,0.9472776651382446,0.9261899590492249,0.0030360145028680563
0,0.8455057144165039,0.9030606150627136,0.9022220969200134,0.0011519277468323708,0.926718533039093,0.9451196789741516,0.9436475038528442,0.00013392846449278295,0.8833820223808289,0.9146201014518738,0.9113292694091797,0.0003209895803593099,0.8747806549072266,0.899186909198761,0.8978691101074219,0.0004388479865156114
0,0.9195281863212585,0.9955096244812012,0.9474111795425415,0.0010129389120265841,0.9514368772506714,0.9911374449729919,0.9578365683555603,0.00021178252063691616,0.9500635266304016,0.9971617460250854,0.9653937816619873,0.00033519783755764365,0.9396616816520691,0.9963930249214172,0.9577442407608032,0.0004518990754149854
1,0.9043952226638794,0.9431577920913696,0.9290363788604736,0.000491692335344851,0.9454129338264465,0.9649860858917236,0.9577550888061523,0.0001310062943957746,0.9222886562347412,0.9612810611724854,0.9427796006202698,0.0004293587408028543,0.9077381491661072,0.9391129612922668,0.9283136129379272,0.000477566325571388
1,0.8965351581573486,0.9561022520065308,0.9280910491943359,0.0008449516608379781,0.9442192316055298,0.9656702280044556,0.9558865427970886,9.949461673386395e-05,0.92552250623703,0.9728960394859314,0.9494107961654663,0.000544218288268894,0.9105887413024902,0.9651508927345276,0.9347650408744812,0.0006382657447829843
0,0.872846245765686,0.9468353986740112,0.9159594774246216,0.0012177410535514355,0.9365254640579224,0.9537017941474915,0.9485808610916138,9.376472007716075e-05,0.8978458046913147,0.9511800408363342,0.9280003905296326,0.0006163505604490638,0.8839442133903503,0.9456632137298584,0.9169501662254333,0.0007556240307167172
0,0.8741154074668884,0.9447537660598755,0.933663010597229,0.002794783329591155,0.9317585825920105,0.9613903760910034,0.9527390003204346,0.0004895090241916478,0.8938188552856445,0.9484204053878784,0.9398736953735352,0.0020257600117474794,0.8841135501861572,0.9389638900756836,0.9338479042053223,0.0019328775815665722
0,0.9258238077163696,0.9436749219894409,0.938352108001709,0.00013083431986160576,0.952792763710022,0.9588916301727295,0.9569962620735168,1.4025505151948892e-05,0.9352506399154663,0.9532643556594849,0.9514525532722473,0.00018818149692378938,0.9306049346923828,0.9465553760528564,0.9397841691970825,0.00010194403876084834
0,0.8363195657730103,0.9321831464767456,0.8950908780097961,0.003446434624493122,0.9243826270103455,0.9553108811378479,0.9449622631072998,0.0005278396420180798,0.9046616554260254,0.9559003710746765,0.9361239671707153,0.0007118415087461472,0.8828228712081909,0.9468864798545837,0.9212530255317688,0.0010868984973058105
0,0.887302041053772,0.933256983757019,0.9045333862304688,0.0005080144619569182,0.9403120279312134,0.9590792059898376,0.9504507780075073,0.00012632309517357498,0.9175206422805786,0.9396110773086548,0.9348677396774292,0.00014721337356604636,0.9089214205741882,0.9426108002662659,0.9202247858047485,0.00022319245908875018
1,0.9027135372161865,0.9270963668823242,0.9260324835777283,0.00035310612292960286,0.9421288967132568,0.9555219411849976,0.9545862674713135,0.00015849138435442,0.9256144165992737,0.9493851661682129,0.9429745078086853,0.00014681021275464445,0.9168909192085266,0.937839686870575,0.9345077276229858,0.0002582668967079371
0,0.8881217837333679,0.9335758686065674,0.9213488698005676,0.0007408464443869889,0.9441425204277039,0.9647947549819946,0.9562533497810364,7.598978845635429e-05,0.9247795343399048,0.9587022662162781,0.9474722146987915,0.000255883060162887,0.9112163782119751,0.9480152130126953,0.933549702167511,0.00032939165248535573
0,0.9066858291625977,0.9497437477111816,0.9274928569793701,0.0002738413168117404,0.9474010467529297,0.9621081948280334,0.9558038115501404,4.975344199920073e-05,0.9385654926300049,0.9613466262817383,0.9539763927459717,0.00012231022992637008,0.9252311587333679,0.9543999433517456,0.9397963285446167,0.00013125003897584975
0,0.8806169629096985,0.9287248253822327,0.9189516305923462,0.0010339956497773528,0.9384202361106873,0.9551723599433899,0.9522342085838318,0.00010272779763909057,0.9153760075569153,0.9576126337051392,0.9451537728309631,0.0006880505825392902,0.8974707722663879,0.9394420385360718,0.9294092059135437,0.0008237273432314396
0,0.8556087017059326,0.9289389848709106,0.9013049006462097,0.0011591225629672408,0.9318063855171204,0.9524384140968323,0.9459686875343323,0.00013991471496410668,0.9061242341995239,0.962990403175354,0.9382337927818298,0.001034241053275764,0.889167845249176,0.9387649297714233,0.9207115769386292,0.0010205195285379887
0,0.924544095993042,0.9465470910072327,0.9411782622337341,0.00013102662342134863,0.951085090637207,0.9633016586303711,0.9595745205879211,4.821196853299625e-05,0.9475048184394836,0.9675474166870117,0.9582154750823975,9.479666914558038e-05,0.9347085952758789,0.9545859098434448,0.9507122039794922,0.0001090097866836004
1,0.8370213508605957,0.9242084622383118,0.8955357074737549,0.002140742028132081,0.920526385307312,0.9549790024757385,0.9427388906478882,0.0003387206234037876,0.9110950827598572,0.9724408984184265,0.9435070753097534,0.000723933451808989,0.8907440304756165,0.9584109783172607,0.9262219667434692,0.0009276224882341921
0,0.9172461628913879,0.9237594604492188,0.9237490296363831,8.416877244599164e-05,0.9537644982337952,0.9585416316986084,0.9583064913749695,3.533103517838754e-05,0.9093025326728821,0.9331384897232056,0.9301495552062988,0.0005727594834752381,0.9142155647277832,0.9202156662940979,0.9201762676239014,6.966318323975429e-05
0,0.8485581874847412,0.9230624437332153,0.8990986347198486,0.0015216694446280599,0.9263513088226318,0.9522111415863037,0.9436110258102417,0.0001804439671104774,0.9178816676139832,0.9606999158859253,0.947411298751831,0.0006750649772584438,0.899691104888916,0.9481074810028076,0.9271450042724609,0.000460719020338729
0,0.8753244876861572,0.9480562210083008,0.9245586395263672,0.0017110108165070415,0.9345402121543884,0.960221529006958,0.9549299478530884,0.00029451234149746597,0.9178058505058289,0.9538581371307373,0.9409283399581909,0.0005128545453771949,0.9060121774673462,0.954936146736145,0.9362819790840149,0.0006971954717300832
1,0.9090730547904968,0.9466994404792786,0.9423511028289795,0.0013753470266237855,0.9445688128471375,0.9661146402359009,0.9660933613777161,0.0004302157030906528,0.9277477264404297,0.9593591094017029,0.9517138004302979,0.0007944285753183067,0.9157264828681946,0.9449383616447449,0.9443856477737427,0.0009457261185161769
0,0.9146876335144043,0.9584617614746094,0.950782835483551,0.0011577366385608912,0.9433887004852295,0.9597097635269165,0.9572092890739441,0.0002443770063109696,0.9370377659797668,0.9576915502548218,0.9541046619415283,0.0003087756922468543,0.9247856140136719,0.9589693546295166,0.9488553404808044,0.0005877623916603625
0,0.8947824835777283,0.9302804470062256,0.9224576354026794,0.00042852279148064554,0.9458207488059998,0.9655699729919434,0.9612701535224915,9.536113066133112e-05,0.9214336276054382,0.9562935829162598,0.9473709464073181,0.00036370838643051684,0.9075531363487244,0.9425921440124512,0.9323573708534241,0.00039043414290063083
1,0.9067195653915405,0.9441900253295898,0.9345210194587708,0.0006373462965711951,0.9443140029907227,0.9594734907150269,0.9574496746063232,0.0001684096350800246,0.9253119230270386,0.958238959312439,0.9499975442886353,0.00046558197936974466,0.9202104210853577,0.9530481100082397,0.9386703372001648,0.0003279789525549859
0,0.8971140384674072,0.9348920583724976,0.9323774576187134,0.0005042117554694414,0.9473044872283936,0.9585253000259399,0.9571096301078796,7.099094364093617e-05,0.9374544620513916,0.9615765810012817,0.953689694404602,0.00017944052524399012,0.9176892638206482,0.9433095455169678,0.9428248405456543,0.0003278299991507083
0,0.8664755821228027,0.9128708839416504,0.9003552198410034,0.0009417564724572003,0.9368497729301453,0.9528483748435974,0.9495535492897034,7.512870797654614e-05,0.8860673904418945,0.9285211563110352,0.9225345849990845,0.0016104690730571747,0.8717034459114075,0.9072067141532898,0.9017823934555054,0.0011097046080976725
1,0.8931033611297607,0.9401293992996216,0.9273079633712769,0.0009892588714137673,0.944142758846283,0.9646565914154053,0.9570999145507812,0.00019819990848191082,0.9246237874031067,0.9632087349891663,0.9485236406326294,0.0004775258421432227,0.9088930487632751,0.9485737681388855,0.9370044469833374,0.0005864541744813323
1,0.8879637718200684,0.9177646636962891,0.9111592769622803,0.0005349055863916874,0.9403812885284424,0.9459822177886963,0.9448227882385254,2.0206380213494413e-05,0.9166433215141296,0.9327335357666016,0.9283360838890076,0.00013252465578261763,0.9004183411598206,0.926149845123291,0.9189980030059814,0.00033642479684203863
1,0.8548505902290344,0.888974666595459,0.8865946531295776,0.0013482413487508893,0.9355406761169434,0.9463399648666382,0.9451266527175903,8.147614425979555e-05,0.8825589418411255,0.9260925054550171,0.9229933619499207,0.0014040941605344415,0.8789221048355103,0.9179187417030334,0.9012781381607056,0.0006420881254598498
1,0.8828487992286682,0.9044919013977051,0.9013453125953674,0.0004208429018035531,0.9439088702201843,0.9557794332504272,0.9538803696632385,0.00011649713997030631,0.8967644572257996,0.9154456853866577,0.9113888740539551,0.00021440901036839932,0.8882803916931152,0.9118625521659851,0.9077056646347046,0.0004199458344373852
0,0.8906384706497192,0.9395574331283569,0.9198155403137207,0.000703771598637104,0.9442720413208008,0.9594536423683167,0.9533369541168213,0.00010164097329834476,0.9198030829429626,0.9602992534637451,0.9388225078582764,0.00036718734190799296,0.9018698334693909,0.9506356716156006,0.9261501431465149,0.0006001894944347441
1,0.9075032472610474,0.9588491320610046,0.938517153263092,0.0012037615524604917,0.9459573030471802,0.9626474976539612,0.9573608040809631,0.00010055141319753602,0.9166496992111206,0.9692652225494385,0.9585309028625488,0.0010958353523164988,0.9086906909942627,0.9635331630706787,0.9478355646133423,0.001263825106434524
0,0.8680281639099121,0.9316793084144592,0.9063737988471985,0.0008065910078585148,0.9340527653694153,0.956375241279602,0.9492614269256592,0.00018345582066103816,0.9087336659431458,0.9645172953605652,0.9301420450210571,0.00044257534318603575,0.8957421183586121,0.9416291117668152,0.9124248623847961,0.0004472655418794602
0,0.8860455751419067,0.927361011505127,0.913081705570221,0.0004945640102960169,0.9439805746078491,0.9591273665428162,0.9542227983474731,6.512621621368453e-05,0.8969979882240295,0.9393039345741272,0.9226820468902588,0.0006401912542060018,0.8938904404640198,0.9353991746902466,0.9179509282112122,0.00047469272976741195
1,0.9393942356109619,0.9648356437683105,0.9519776701927185,0.00011624217586359009,0.9557526707649231,0.966195285320282,0.961240828037262,1.976313978957478e-05,0.9438053965568542,0.9632967114448547,0.9585994482040405,0.0002264957583975047,0.9359257817268372,0.9571189880371094,0.9546911120414734,0.00017805307288654149
1,0.8912658095359802,0.9449305534362793,0.9208377599716187,0.0005549497436732054,0.9439404010772705,0.9645842909812927,0.9550287127494812,9.519141894998029e-05,0.9258458018302917,0.9567967057228088,0.9418781399726868,0.00017147755715996027,0.9084790349006653,0.9510026574134827,0.9267999529838562,0.0002875181380659342
1,0.9199310541152954,0.9746476411819458,0.9552682638168335,0.0008455818751826882,0.9568210244178772,0.9779085516929626,0.9663780927658081,7.101543451426551e-05,0.9384732842445374,0.9735936522483826,0.9623770117759705,0.000558542727958411,0.9304425716400146,0.9766164422035217,0.9559389352798462,0.0004725964099634439
0,0.884087085723877,0.9437029957771301,0.9241672158241272,0.001193838776089251,0.9281902313232422,0.9581074714660645,0.9454616904258728,0.00022762773733120412,0.9100850224494934,0.9488292932510376,0.9412782788276672,0.0007192810298874974,0.8895743489265442,0.9433977603912354,0.9225454926490784,0.001097356784157455
0,0.9309354424476624,0.9684202671051025,0.9450951814651489,0.00020255347772035748,0.952275276184082,0.9704170227050781,0.9595111012458801,4.494779568631202e-05,0.9470531940460205,0.9720518589019775,0.963263213634491,0.00020592636428773403,0.9348731637001038,0.9672368764877319,0.9508118033409119,0.00018088628712575883
0,0.8703178763389587,0.9363606572151184,0.8964214324951172,0.0007123801042325795,0.9373980760574341,0.9546070694923401,0.9482554793357849,7.339451258303598e-05,0.9160698652267456,0.9641931056976318,0.9372801184654236,0.0004581123648677021,0.9061194658279419,0.9518183469772339,0.9277976751327515,0.0004151657922193408
1,0.9019614458084106,0.9574218988418579,0.945631742477417,0.0012832446955144405,0.9447901248931885,0.9673237204551697,0.9597346186637878,0.00015236425679177046,0.9307965040206909,0.9686264395713806,0.9590011835098267,0.00040884382906369865,0.919047474861145,0.9624435901641846,0.9506745934486389,0.0005492375930771232
0,0.9178975224494934,0.9402977228164673,0.9368680715560913,0.00026733873528428376,0.9478343725204468,0.9568786025047302,0.953869104385376,2.983539889100939e-05,0.9314942955970764,0.9647848606109619,0.9480593204498291,0.00023308586969505996,0.9169591069221497,0.951008677482605,0.9339251518249512,0.0002793002931866795
1,0.9292904138565063,0.9612529277801514,0.9457979202270508,0.00032684445613995194,0.9501500725746155,0.959111213684082,0.9579682350158691,3.9320562791544944e-05,0.9328334331512451,0.9572561979293823,0.9485389590263367,0.00018398900283500552,0.9310701489448547,0.9612843990325928,0.9499473571777344,0.00023256693384610116
0,0.8279855847358704,0.9000257253646851,0.8768426179885864,0.0017426678678020835,0.9201208353042603,0.9362272620201111,0.9360429644584656,0.00019282041466794908,0.867959201335907,0.9050849676132202,0.8981407284736633,0.000513052917085588,0.8335329294204712,0.8952274918556213,0.8873610496520996,0.0016534824389964342
0,0.9069293141365051,0.9316798448562622,0.9236527681350708,0.00027072426746599376,0.9498407244682312,0.960287868976593,0.9562780261039734,2.4656426830915734e-05,0.9319409728050232,0.9542776942253113,0.9507855176925659,0.00022450683172792196,0.9105809330940247,0.9379226565361023,0.9341109991073608,0.0003936771536245942
1,0.915187418460846,0.9584866166114807,0.9448649883270264,0.0004309874784667045,0.9450178146362305,0.964948296546936,0.9559059143066406,6.906571798026562e-05,0.9303167462348938,0.9685646891593933,0.9551329612731934,0.00038843840593472123,0.917091429233551,0.9580843448638916,0.9439364075660706,0.0004650760383810848
1,0.9091247320175171,0.9505104422569275,0.9312446713447571,0.0006120229372754693,0.9482303261756897,0.9597475528717041,0.956159234046936,5.213275653659366e-05,0.9353606700897217,0.9606822729110718,0.9502701759338379,0.0001824208884499967,0.9229793548583984,0.9560175538063049,0.9374130368232727,0.00032279183506034315
1,0.919019877910614,0.9378353357315063,0.931649923324585,0.00010673913493519649,0.9451578259468079,0.9513965249061584,0.9509955644607544,5.610661537502892e-05,0.9312750101089478,0.9482365846633911,0.9463297724723816,0.00015143919154070318,0.9139165878295898,0.9339522123336792,0.9289745092391968,0.0001538453798275441
0,0.8763921856880188,1.000000238418579,0.9219880104064941,0.0017987388418987393,0.9345609545707703,1.0000001192092896,0.9486656188964844,0.00035202663275413215,0.9164815545082092,0.9999997615814209,0.9348553419113159,0.0006232746527530253,0.8977905511856079,1.000000238418579,0.9234440326690674,0.0010136152850463986
0,0.8228914737701416,0.9138349294662476,0.879758894443512,0.0016518576303496957,0.9186785221099854,0.9478201270103455,0.9391990900039673,0.00021854392252862453,0.9091836214065552,0.9535835385322571,0.9350306987762451,0.00040425415500067174,0.8882794976234436,0.9394856691360474,0.9198676347732544,0.0006337373633868992
0,0.7124050259590149,1.0000001192092896,0.9137216210365295,0.041355449706315994,0.8963974118232727,1.0,0.9689192175865173,0.005366742145270109,0.8549962639808655,1.0,0.9564988613128662,0.010513038374483585,0.8311233520507812,0.9999998807907104,0.9493369460105896,0.014259633608162403
0,0.8974705338478088,0.92884761095047,0.920222282409668,0.00034045710344798863,0.9385716319084167,0.953044593334198,0.9461402893066406,4.997991709387861e-05,0.9327072501182556,0.950900137424469,0.9486708641052246,0.00013208879681769758,0.9147826433181763,0.9435982704162598,0.9306591153144836,0.0002143070742022246
1,0.8948456048965454,0.9623330235481262,0.9279060363769531,0.0009289864101447165,0.9443778991699219,0.9621677994728088,0.9563544392585754,8.469560998491943e-05,0.9036061763763428,0.9625096321105957,0.9424941539764404,0.0010383097687736154,0.8937956690788269,0.9599779844284058,0.9322319626808167,0.0010327304480597377
0,0.8593566417694092,0.9350804686546326,0.91050785779953,0.002283628797158599,0.9307555556297302,0.9590247869491577,0.9481149315834045,0.0003180316707585007,0.9024460315704346,0.9497882127761841,0.933046817779541,0.0006936785648576915,0.8803807497024536,0.9349344372749329,0.9206590056419373,0.0011853388277813792
1,0.9073788523674011,0.9497719407081604,0.9340263605117798,0.00040130343404598534,0.94382643699646,0.9609766006469727,0.9554849863052368,7.34322311473079e-05,0.932849645614624,0.9552227854728699,0.9494253396987915,0.0001792207476682961,0.9180302023887634,0.9470592141151428,0.9355381727218628,0.00021781236864626408
0,0.9293587803840637,0.9712783098220825,0.9481186866760254,0.0002612927637528628,0.9529102444648743,0.9659011363983154,0.9623642563819885,5.126593168824911e-05,0.9325571656227112,0.9716386795043945,0.9517889022827148,0.00033050644560717046,0.9265066981315613,0.9702515602111816,0.9463935494422913,0.00033014462678693235
0,0.9184665679931641,0.9435510635375977,0.9388821721076965,0.0004454024601727724,0.9502484202384949,0.9569224715232849,0.9551951885223389,3.382093564141542e-05,0.9360367655754089,0.9615991115570068,0.9522561430931091,0.00034151910222135484,0.923994243144989,0.9467183351516724,0.9420270919799805,0.0003694566839840263
0,0.8376030921936035,0.9430420398712158,0.9103458523750305,0.005519429221749306,0.9250922799110413,0.9650558233261108,0.9469395875930786,0.0004935713950544596,0.9036495685577393,0.9613040685653687,0.9396061897277832,0.0008298376342281699,0.8890318274497986,0.9457464814186096,0.9270073175430298,0.000927604443859309
0,0.8536710739135742,0.9414607286453247,0.895331859588623,0.001898507121950388,0.9296472072601318,0.9628824591636658,0.9479377269744873,0.00029292970430105925,0.9161632061004639,0.9732787609100342,0.9493218660354614,0.0011830265866592526,0.8857719898223877,0.965041995048523,0.9309985041618347,0.002158339833840728
0,0.8894057273864746,0.9181290864944458,0.9096471667289734,0.0002640431630425155,0.9400736093521118,0.9478297829627991,0.9475387334823608,4.9642181693343446e-05,0.9057456851005554,0.9253865480422974,0.9214843511581421,0.0002142017474398017,0.894748866558075,0.921658992767334,0.9211480021476746,0.0003025155165232718
1,0.9040741324424744,0.9554245471954346,0.9462853670120239,0.0009191760909743607,0.9486531615257263,0.9654112458229065,0.9623221755027771,0.00011405533587094396,0.9224981069564819,0.9664233922958374,0.9472786784172058,0.0004977085627615452,0.9136277437210083,0.9564450979232788,0.9440746903419495,0.0005659597227349877
1,0.9214139580726624,0.9631502628326416,0.9493629932403564,0.0005140641587786376,0.9530053734779358,0.9655154347419739,0.9595487713813782,3.884243778884411e-05,0.9409583210945129,0.971368134021759,0.9624898433685303,0.00026018472271971405,0.9312756061553955,0.966009259223938,0.9523605108261108,0.0003567694511730224
1,0.8748395442962646,0.9459775686264038,0.9266900420188904,0.002414665650576353,0.9346879124641418,0.9624677896499634,0.954017698764801,0.00028806179761886597,0.8887438178062439,0.9355781674385071,0.9225134253501892,0.0014115094672888517,0.8973193764686584,0.9401637315750122,0.9289660453796387,0.0010078854393213987
1,0.9187730550765991,0.9546335339546204,0.9413749575614929,0.0003452317323535681,0.9472169876098633,0.9633284211158752,0.9578591585159302,6.251709419302642e-05,0.9309465289115906,0.9613332152366638,0.9533445239067078,0.00031616861815564334,0.9214230179786682,0.9575746059417725,0.9425280094146729,0.00029564465512521565
0,0.9091498255729675,0.950384795665741,0.937396228313446,0.0004963197861798108,0.9484881162643433,0.9669719934463501,0.9571609497070312,7.32600165065378e-05,0.9398542046546936,0.9654074907302856,0.9582347869873047,0.00022761676518712193,0.9264808297157288,0.9561688899993896,0.9489613771438599,0.0003056267451029271
0,0.8170705437660217,0.9551349878311157,0.948014497756958,0.02611611783504486,0.9200255870819092,0.9649654626846313,0.9581418633460999,0.0016692772042006254,0.8751296997070312,0.972820520401001,0.9530872106552124,0.008725271560251713,0.8792057037353516,0.9640369415283203,0.9562832713127136,0.007642689161002636
0,0.8717766404151917,0.914770245552063,0.9053027629852295,0.0007856102893128991,0.937981903553009,0.9568194150924683,0.9498686790466309,0.0001394485152559355,0.9002387523651123,0.9337055087089539,0.9262958765029907,0.0004327156348153949,0.8863908648490906,0.936204195022583,0.9142487049102783,0.0005833159084431827
0,0.8959847688674927,0.9234915375709534,0.9131885766983032,0.0003337906382512301,0.9471408128738403,0.9532804489135742,0.9527431726455688,2.5843241019174457e-05,0.9297304153442383,0.9417716860771179,0.9403927326202393,6.134594150353223e-05,0.9167998433113098,0.9360831379890442,0.9281110763549805,0.00011308396642562002
1,0.9354273080825806,0.9533239603042603,0.9453838467597961,0.00013931537978351116,0.951694905757904,0.9631850719451904,0.9591500163078308,4.540547161013819e-05,0.9462422728538513,0.9603971838951111,0.9570885896682739,0.00013577523350249976,0.9371726512908936,0.9576402902603149,0.9475030303001404,0.0001450485287932679
0,0.9369824528694153,0.9679903984069824,0.9609204530715942,0.000509417150169611,0.9549625515937805,0.9664280414581299,0.9652624726295471,9.143538773059845e-05,0.9456116557121277,0.9646997451782227,0.9606471657752991,0.0001800941681722179,0.9328522086143494,0.962513267993927,0.9576605558395386,0.0005317989853210747
0,0.8582491874694824,0.8882026076316833,0.8845102190971375,0.0009156453306786716,0.9128878712654114,0.9401413202285767,0.9328506588935852,0.00038444038364104927,0.9038837552070618,0.9292818307876587,0.9252447485923767,0.0005364161916077137,0.8701782822608948,0.8909576535224915,0.8909505605697632,0.0008620833395980299
0,0.9018620848655701,0.9496638178825378,0.9300095438957214,0.0004935470060445368,0.9475324749946594,0.9665780663490295,0.9587084650993347,6.914400000823662e-05,0.9294726848602295,0.9642952680587769,0.948184072971344,0.0002949533809442073,0.9156234860420227,0.9586131572723389,0.9403153657913208,0.0004204056749586016
1,0.8999764919281006,0.9470713138580322,0.9267211556434631,0.0005194494733586907,0.9387352466583252,0.9561917185783386,0.949059247970581,0.00011948398605454713,0.9379758238792419,0.9754747152328491,0.9495865106582642,0.0001759829610818997,0.9265649914741516,0.9651364088058472,0.9399018287658691,0.0002097088290611282
1,0.8955395221710205,0.9598699808120728,0.9347811937332153,0.0010376764694228768,0.9456517696380615,0.9646884799003601,0.9572569727897644,9.551493712933734e-05,0.930108368396759,0.9663381576538086,0.9556655287742615,0.000462124909972772,0.9107059240341187,0.9565677046775818,0.9397435784339905,0.0006376232486218214
0,0.9287223815917969,0.9354192614555359,0.9341524243354797,3.1605231924913824e-05,0.950021505355835,0.9570171236991882,0.955065906047821,2.4831329938024282e-05,0.9284618496894836,0.9360784292221069,0.9345636963844299,3.889277286361903e-05,0.9256543517112732,0.9324427843093872,0.9314910769462585,4.265618554200046e-05
1,0.8495307564735413,0.9359018206596375,0.9173083901405334,0.002209289465099573,0.929924488067627,0.9613935351371765,0.9532550573348999,0.0002885916910599917,0.9033936858177185,0.955741822719574,0.9502457976341248,0.0011265203356742859,0.8875529170036316,0.9506252408027649,0.9378676414489746,0.0011863658437505364
1,0.8991644978523254,0.9571962952613831,0.9419457912445068,0.0018561813049018383,0.9440548419952393,0.9622060656547546,0.9582666158676147,0.00021000285050831735,0.9199978709220886,0.9664419889450073,0.9561563730239868,0.0011063541751354933,0.9074379801750183,0.9591370820999146,0.9439393281936646,0.0012275584740564227
1,0.896915853023529,0.9298639297485352,0.9180549383163452,0.00030260015046224,0.9441830515861511,0.9568599462509155,0.9515845775604248,3.736751023097895e-05,0.9222390055656433,0.9545005559921265,0.9453628063201904,0.0003102888585999608,0.9118045568466187,0.9415012001991272,0.9307483434677124,0.0002329339913558215
1,0.8797184228897095,0.9432595372200012,0.9155701994895935,0.0008974181255325675,0.938592791557312,0.960349440574646,0.952768862247467,0.000157478018081747,0.9245665073394775,0.9702700972557068,0.9512407183647156,0.0005952444043941796,0.9083839654922485,0.9605547785758972,0.9360952377319336,0.0006792517961002886
1,0.944308340549469,0.9740886688232422,0.9614502787590027,0.0002466154983267188,0.9614587426185608,0.9715560674667358,0.9705394506454468,5.336006870493293e-05,0.952052116394043,0.9818634986877441,0.9666099548339844,0.00019458848692011088,0.9423718452453613,0.9775048494338989,0.9641351699829102,0.0003160412597935647
1,0.9174861907958984,0.9587923884391785,0.9504470229148865,0.0006814422085881233,0.9495289921760559,0.9653047323226929,0.9598934650421143,0.00015011290088295937,0.9221178889274597,0.95931476354599,0.9556500315666199,0.001089140074327588,0.9133727550506592,0.9532231092453003,0.9489880800247192,0.0007788953371345997
0,0.8896623253822327,0.9334053993225098,0.9097056984901428,0.0004632569616660476,0.9414490461349487,0.9520723223686218,0.9507429599761963,5.9531281294766814e-05,0.9226882457733154,0.9531005620956421,0.9510436654090881,0.00042015331564471126,0.9028888940811157,0.9341706037521362,0.925048828125,0.0003946712822653353
0,0.8998616337776184,0.9527668952941895,0.9339585304260254,0.0009102245094254613,0.942677915096283,0.9621145725250244,0.952583372592926,0.0001228314358741045,0.9185593724250793,0.9634923934936523,0.9451684355735779,0.000630758935585618,0.9104472398757935,0.9521653056144714,0.9344412088394165,0.0005718995234929025
0,0.8541815876960754,0.9533178210258484,0.9080241918563843,0.0016586382407695055,0.9305931925773621,0.9645655751228333,0.9454338550567627,0.00020483674597926438,0.9049326777458191,0.9634421467781067,0.9328070878982544,0.0006229583523236215,0.8896667957305908,0.9618593454360962,0.9246832728385925,0.0008301863563247025
1,0.9073742032051086,0.96373450756073,0.9452016353607178,0.000887068104930222,0.9502199292182922,0.9681605100631714,0.9613773226737976,5.881505785509944e-05,0.9157134294509888,0.9661253690719604,0.9478097558021545,0.0006257931818254292,0.9107381105422974,0.9624841213226318,0.9422667622566223,0.000500556081533432
0,0.8601123094558716,0.8825929760932922,0.8807545304298401,0.00021897605620324612,0.9315239191055298,0.9480466842651367,0.9387927651405334,8.227887155953795e-05,0.90508633852005,0.9255729913711548,0.9209492206573486,0.00028302386635914445,0.8861846923828125,0.9053674340248108,0.8963948488235474,0.00010552014282438904
0,0.9116687774658203,0.9488002061843872,0.9341468811035156,0.0004958777572028339,0.9434632658958435,0.9637438058853149,0.9528814554214478,0.0001434653822798282,0.9331158399581909,0.9573783874511719,0.9467389583587646,0.00018780840036924928,0.9193317890167236,0.9523075819015503,0.9381332993507385,0.0002948808250948787
0,0.9229775667190552,0.950796365737915,0.9394609332084656,0.0002102952275890857,0.951705276966095,0.963092565536499,0.9597501754760742,6.72782480251044e-05,0.9272383451461792,0.9540663957595825,0.945515513420105,0.00020769363618455827,0.9232610464096069,0.9531711339950562,0.9435929656028748,0.0002667639637365937
0,0.8950181603431702,0.9473047256469727,0.9364831447601318,0.0024689387064427137,0.9495612382888794,0.9640321135520935,0.9625859260559082,0.00015053986862767488,0.9015588760375977,0.9478899240493774,0.9409481883049011,0.0017551983473822474,0.8904373645782471,0.9430264234542847,0.9325079917907715,0.0022366978228092194
1,0.8825631737709045,0.93734210729599,0.923623263835907,0.0007982994429767132,0.9394204020500183,0.9583672285079956,0.9525399804115295,9.516650607110932e-05,0.9203186631202698,0.9571821689605713,0.9457436800003052,0.00044560094829648733,0.9079788327217102,0.9445488452911377,0.9383431077003479,0.00040558085311204195
0,0.8918358683586121,0.9569669365882874,0.921858012676239,0.0006169563275761902,0.939286470413208,0.9617041349411011,0.9514082074165344,0.00010100858344230801,0.9122239947319031,0.9625968337059021,0.9433103799819946,0.0005135872052051127,0.902431845664978,0.9582349061965942,0.9409012198448181,0.0006183250807225704
0,0.8978618383407593,0.9515746235847473,0.9428325295448303,0.0009927364299073815,0.9401995539665222,0.9648200273513794,0.9604007601737976,0.00021607126109302044,0.9150508642196655,0.9707900285720825,0.9428028464317322,0.0007465187809430063,0.9006479978561401,0.9645147323608398,0.9414841532707214,0.000995880807749927
0,0.8961568474769592,0.9614666700363159,0.9470417499542236,0.001867353799752891,0.9348361492156982,0.9674686789512634,0.9578419327735901,0.0003707374562509358,0.9177042841911316,0.975945234298706,0.9655203223228455,0.0010835853172466159,0.9116236567497253,0.9658213257789612,0.9562381505966187,0.001034527667798102
0,0.8867380023002625,0.9429232478141785,0.9211310148239136,0.0006427589105442166,0.9454655647277832,0.9621642231941223,0.9546775817871094,5.5852116929600015e-05,0.9177496433258057,0.9601037502288818,0.9410732984542847,0.000394672155380249,0.9012411832809448,0.9538037776947021,0.9287091493606567,0.0004809845413547009
1,0.9106341600418091,0.9488891363143921,0.9417304396629333,0.0011223183246329427,0.9506950974464417,0.9612842798233032,0.9596285223960876,5.088321631774306e-05,0.9220863580703735,0.9583134651184082,0.9509955644607544,0.0007066505495458841,0.9159625768661499,0.9488118886947632,0.9433200359344482,0.0008118801633827388
0,0.9041416645050049,0.9682039022445679,0.9408995509147644,0.0008073643548414111,0.9466739296913147,0.9825945496559143,0.9611762762069702,0.00019185454584658146,0.9238040447235107,0.9644121527671814,0.9504261016845703,0.0004060088249389082,0.9081623554229736,0.9645107984542847,0.9399911165237427,0.0006037667044438422
0,0.92399662733078,0.9527464509010315,0.9452944397926331,0.00030569342197850347,0.9507239460945129,0.9636749625205994,0.9571616053581238,3.1194747862173244e-05,0.9300469160079956,0.9570289850234985,0.953334391117096,0.00031046575168147683,0.9234541654586792,0.9508306384086609,0.943648636341095,0.00025489702238701284
1,0.8766029477119446,0.9691627025604248,0.9339373111724854,0.002594041870906949,0.9369743466377258,0.9683613777160645,0.9555468559265137,0.0002826549462042749,0.9095449447631836,0.9647727608680725,0.9410545825958252,0.0009236480109393597,0.9015907049179077,0.966479480266571,0.9331688284873962,0.0007379132439382374
0,0.8474227786064148,0.9376844167709351,0.8937331438064575,0.0010328131029382348,0.9314831495285034,0.9575512409210205,0.9458512663841248,0.00013389271043706685,0.9145883321762085,0.959177553653717,0.9439165592193604,0.0004112733877263963,0.8979192972183228,0.951858639717102,0.9250035881996155,0.0003567927051335573
0,0.8754402995109558,0.9379861354827881,0.918235182762146,0.0012025900650769472,0.936976432800293,0.9575110673904419,0.9524774551391602,0.00018127160728909075,0.9142524003982544,0.9584431052207947,0.9395551681518555,0.0004775714478455484,0.8986467719078064,0.9414317607879639,0.9322694540023804,0.000699941418133676
1,0.9528947472572327,0.9616185426712036,0.9592446088790894,3.9037571696098894e-05,0.9634650349617004,0.9646576642990112,0.9645733833312988,1.9577239527279744e-06,0.9565655589103699,0.9680160284042358,0.96476149559021,6.610013952013105e-05,0.9516759514808655,0.9591367840766907,0.9572653770446777,3.007438499480486e-05
0,0.9195144772529602,0.9349089860916138,0.9318522214889526,0.0001327452337136492,0.9510349631309509,0.9556925296783447,0.954694390296936,1.0625750292092562e-05,0.9461169242858887,0.9581435918807983,0.9571359157562256,0.00012122296175220981,0.9331514835357666,0.9456323385238647,0.9453170895576477,0.00014649044896941632
0,0.8609628677368164,0.9418933391571045,0.919939398765564,0.0025361510924994946,0.9372168183326721,0.9620270729064941,0.9541589021682739,0.00017753888096194714,0.915473997592926,0.9595538973808289,0.94349205493927,0.0008183839381672442,0.8919956684112549,0.9483721256256104,0.9365599751472473,0.001463032909668982
0,0.8965831398963928,0.9559969305992126,0.94890958070755,0.0016508178086951375,0.9453900456428528,0.9643858075141907,0.9590721130371094,0.00013370222586672753,0.9130529165267944,0.958888828754425,0.9532519578933716,0.0014431048184633255,0.9038098454475403,0.9545068740844727,0.9479835033416748,0.0012293512700125575
1,0.9111109972000122,0.958891749382019,0.9351827502250671,0.00042168560321442783,0.9525130987167358,0.9760038256645203,0.9643306732177734,7.192997145466506e-05,0.9233450293540955,0.963948667049408,0.9491751194000244,0.0004032649449072778,0.9155169129371643,0.9636484384536743,0.9413582682609558,0.000416983210016042
1,0.8564918041229248,0.9312280416488647,0.9016880989074707,0.0013750189682468772,0.9345606565475464,0.9581865668296814,0.9488530158996582,0.00014831050066277385,0.8997179865837097,0.9607788920402527,0.9387658834457397,0.0013060858473181725,0.8832338452339172,0.9473167061805725,0.9218683838844299,0.001091848243959248
0,0.8577971458435059,0.9338719844818115,0.9056293964385986,0.0016399393789470196,0.92523592710495,0.9524208307266235,0.9455475807189941,0.000289976509520784,0.9039637446403503,0.9559998512268066,0.9373583793640137,0.0007221514824777842,0.8846210241317749,0.9360837340354919,0.924767017364502,0.000989821506664157
0,0.8314186334609985,0.9999998807907104,0.9234095811843872,0.007191359531134367,0.9279160499572754,1.0000001192092896,0.9543772339820862,0.0006121348706074059,0.8988678455352783,0.9999999403953552,0.9473592638969421,0.0017953584901988506,0.8868407011032104,1.0,0.9345840811729431,0.0018774172058328986
0,0.878646969795227,0.9350259304046631,0.9193176031112671,0.0016828778898343444,0.9370028376579285,0.954447865486145,0.9474771022796631,0.00013843139458913356,0.9170620441436768,0.9609236717224121,0.9473402500152588,0.0007098258356563747,0.8988218903541565,0.9464808106422424,0.9274996519088745,0.000995422713458538
0,0.8803848028182983,0.9325664639472961,0.9086255431175232,0.0005680893664248288,0.9370312690734863,0.9546990990638733,0.9493430852890015,7.92424616520293e-05,0.9111289978027344,0.9490798115730286,0.9292398691177368,0.00025567872216925025,0.8960035443305969,0.9332846999168396,0.9177125692367554,0.00034659053198993206
0,0.8794147372245789,0.9554482698440552,0.9314424991607666,0.0012319192755967379,0.934417188167572,0.9607036113739014,0.9507452249526978,0.00012104752386221662,0.9083356857299805,0.9640876054763794,0.9486323595046997,0.0013298608828336,0.8927452564239502,0.9608746767044067,0.9329842329025269,0.0011854366166517138
0,0.9026655554771423,0.9418877363204956,0.9294282793998718,0.0003664336400106549,0.9442251324653625,0.9562321901321411,0.9547054767608643,4.7715158871142194e-05,0.917638897895813,0.9549989700317383,0.9354900121688843,0.00032362708589062095,0.9032710194587708,0.9469883441925049,0.9214093685150146,0.00041626335587352514
0,0.8743064999580383,0.9179200530052185,0.9059586524963379,0.0009720755624584854,0.9276981949806213,0.9508398175239563,0.9441125392913818,0.00026853944291360676,0.9008777737617493,0.9263544082641602,0.9219235777854919,0.0004964933614246547,0.8882214426994324,0.9179710745811462,0.9118098020553589,0.0005698155146092176
1,0.9036737084388733,0.9451822638511658,0.9314734935760498,0.0004499028727877885,0.9445154070854187,0.9638894200325012,0.9548571109771729,7.045151141937822e-05,0.9355154037475586,0.9610804319381714,0.9514591693878174,0.00016609231533948332,0.9223679304122925,0.949439525604248,0.9393185377120972,0.00018305609410163015
0,0.813633382320404,1.000000238418579,0.9048284292221069,0.0037421209271997213,0.915991485118866,1.0,0.9464128017425537,0.00057411432499066,0.8808616399765015,1.000000238418579,0.9370917677879333,0.002097897231578827,0.87567138671875,0.9999998807907104,0.9260056018829346,0.0014500913675874472
0,0.7914416193962097,0.9594977498054504,0.9033791422843933,0.009761784225702286,0.9146708250045776,0.9781211018562317,0.9452172517776489,0.0007266005268320441,0.8638505339622498,0.9943366050720215,0.923470675945282,0.002790887840092182,0.8559721112251282,0.9932778477668762,0.9124763011932373,0.002968638436868787
1,0.8929674029350281,0.9507272243499756,0.925346851348877,0.0006974147399887443,0.9438424706459045,0.9625194072723389,0.9553576707839966,8.124936721287668e-05,0.9252244234085083,0.9626710414886475,0.9455285668373108,0.00025423330953344703,0.912453293800354,0.966119647026062,0.9384819865226746,0.0004075460019521415
0,0.861177384853363,0.932815670967102,0.9190012812614441,0.0023619590792804956,0.9351767301559448,0.9542222023010254,0.9494472146034241,0.00016648138989694417,0.9016955494880676,0.954257607460022,0.9429613947868347,0.0015028122579678893,0.890760064125061,0.9451232552528381,0.9336080551147461,0.0014817826449871063
1,0.8793594837188721,0.9617210626602173,0.9273436069488525,0.0033793633338063955,0.9364814758300781,0.9685295820236206,0.9537473320960999,0.00039781068335287273,0.919518768787384,0.9757809638977051,0.9528630375862122,0.00122239685151726,0.9105708003044128,0.9678171277046204,0.942314863204956,0.0008710687980055809
0,0.9003741145133972,0.940235435962677,0.9313491582870483,0.0005214647389948368,0.9400236010551453,0.9569976329803467,0.9543806314468384,0.0001456859172321856,0.9181782603263855,0.9477716088294983,0.9455183744430542,0.0004746307968162,0.904965341091156,0.9333304762840271,0.9318559169769287,0.0005658363224938512
0,0.8474255204200745,0.9319283366203308,0.9155265092849731,0.0028025400824844837,0.9244754314422607,0.9575050473213196,0.9474851489067078,0.0004895332967862487,0.8962843418121338,0.9614414572715759,0.9319024085998535,0.0010575654450803995,0.8851873874664307,0.9354932904243469,0.9161230325698853,0.0006971635157242417
0,0.9105991721153259,0.946392834186554,0.9343862533569336,0.0004314962716307491,0.9484062194824219,0.9628013372421265,0.9562036395072937,4.977887510904111e-05,0.9257705211639404,0.9590398073196411,0.9444925785064697,0.00030099519062787294,0.919379472732544,0.9546398520469666,0.9360253810882568,0.0002289487310918048
1,0.8811894059181213,0.9533439874649048,0.920109748840332,0.0007949881837703288,0.9358121156692505,0.9648832678794861,0.9569053649902344,0.00023714013514108956,0.9045332074165344,0.9520964026451111,0.9411412477493286,0.0011085070436820388,0.8943026661872864,0.9513540267944336,0.9258201718330383,0.0008065701695159078
0,0.8643102049827576,0.9541049599647522,0.9315694570541382,0.003557233838364482,0.933143138885498,0.9599980115890503,0.9551519751548767,0.0004699593991972506,0.9004654884338379,0.9747831225395203,0.9443802237510681,0.0013664336875081062,0.8846449851989746,0.9650916457176208,0.9334349632263184,0.001844392972998321
1,0.873702347278595,0.956222414970398,0.9085432291030884,0.0014681280590593815,0.9357828497886658,0.9626049995422363,0.9490202069282532,0.00022450050164479762,0.9021661281585693,0.9622728228569031,0.9348747730255127,0.0010728978086262941,0.8875758051872253,0.9571411609649658,0.9182327389717102,0.0010260785929858685
0,0.8879349827766418,0.9268671274185181,0.9162471294403076,0.0006526968791149557,0.938172459602356,0.9597524404525757,0.9480640888214111,8.362451626453549e-05,0.9173538088798523,0.9616496562957764,0.9398157000541687,0.0005785743123851717,0.894635021686554,0.9515214562416077,0.9221007823944092,0.0008854168700054288
0,0.9404124021530151,0.9600740671157837,0.9562754034996033,0.0001833540154621005,0.9567819833755493,0.9653180837631226,0.963209331035614,3.6576697311829776e-05,0.9440729022026062,0.9593360424041748,0.9591391682624817,0.00015705745317973197,0.9401416778564453,0.9608982801437378,0.9582085609436035,0.00022479503240901977
1,0.8950366973876953,0.9383848309516907,0.9315754771232605,0.0010014991275966167,0.9487087726593018,0.9598845839500427,0.9565603733062744,4.509076097747311e-05,0.9087134599685669,0.9432018399238586,0.9352503418922424,0.0005768987466581166,0.9039177298545837,0.9365212917327881,0.9274512529373169,0.000615151016972959
0,0.8851265907287598,0.9613175988197327,0.9536828994750977,0.0041197920218110085,0.9372416138648987,0.9729079604148865,0.9613887667655945,0.0006194931920617819,0.9235140681266785,0.9683968424797058,0.9595504403114319,0.0010376141872256994,0.9079856872558594,0.9632205367088318,0.9547326564788818,0.00149834668263793
0,0.9165146946907043,0.949958324432373,0.9365046620368958,0.00030344261904247105,0.9496851563453674,0.9633141160011292,0.9606563448905945,9.67624073382467e-05,0.927585244178772,0.957705020904541,0.9496236443519592,0.0003931025566998869,0.9192031025886536,0.9470911026000977,0.9428939819335938,0.000381545745767653
0,0.8961688876152039,0.9441648721694946,0.9321279525756836,0.0010242258431389928,0.9400177001953125,0.957092821598053,0.9532665014266968,0.00012119329767301679,0.9228599667549133,0.9634335041046143,0.9469464421272278,0.00041112606413662434,0.9093857407569885,0.9470043182373047,0.9380207061767578,0.0006422644946724176
0,0.8696284890174866,0.9214659333229065,0.9106815457344055,0.0015806126175448298,0.9342702627182007,0.9576347470283508,0.9525872468948364,0.00031946811941452324,0.927005410194397,0.9618939757347107,0.9492223262786865,0.0004175224166829139,0.9019834399223328,0.9444447159767151,0.928646445274353,0.0006332251941785216
0,0.8951031565666199,0.9409252405166626,0.9302588701248169,0.001207965426146984,0.9261460304260254,0.9532260894775391,0.9476441740989685,0.0004743716854136437,0.8935918807983398,0.9297645092010498,0.9243711829185486,0.0011508072493597865,0.8826478123664856,0.9331643581390381,0.9246364831924438,0.0020079303067177534
0,0.864575982093811,0.9155507683753967,0.882455050945282,0.00031752229551784694,0.9304975867271423,0.9418679475784302,0.9395412802696228,8.089344919426367e-05,0.9021905064582825,0.9532454013824463,0.9226621389389038,0.0007069937419146299,0.8854016065597534,0.9388447403907776,0.9098026752471924,0.0006493874243460596
0,0.8795756101608276,0.8795756101608276,0.8795756101608276,0.0,0.9220997095108032,0.9220997095108032,0.9220997095108032,0.0,0.914099931716919,0.914099931716919,0.914099931716919,0.0,0.8633575439453125,0.8633575439453125,0.8633575439453125,0.0
1,0.8640736937522888,0.9434421062469482,0.9278735518455505,0.0027772407047450542,0.9303526878356934,0.9594389796257019,0.9525980949401855,0.00034065835643559694,0.9074341058731079,0.9543386697769165,0.945517361164093,0.0009279976366087794,0.898776113986969,0.9507580399513245,0.9383084774017334,0.0008795148460194468
0,0.9079222083091736,0.9527936577796936,0.9246968030929565,0.0002833618491422385,0.9491254091262817,0.9736500382423401,0.9552526473999023,4.672573777497746e-05,0.9302400946617126,0.957926869392395,0.946010410785675,0.0002593504323158413,0.914743959903717,0.9488229155540466,0.9374536275863647,0.0003226841799914837
0,0.8980831503868103,0.9416534900665283,0.9163982272148132,0.0006488261860795319,0.9474696516990662,0.9617624282836914,0.9562004208564758,8.46471666591242e-05,0.9222499132156372,0.9584863781929016,0.936484694480896,0.0003171816351823509,0.9100427031517029,0.952829122543335,0.9288795590400696,0.000516013999003917
0,0.7896470427513123,0.9999998807907104,0.9074114561080933,0.013185376301407814,0.9110205173492432,1.0000001192092896,0.9495056867599487,0.001600969466380775,0.8932812213897705,0.9999996423721313,0.9338022470474243,0.0014891329919919372,0.8717027902603149,1.000000238418579,0.924856960773468,0.0018500436563044786
0,0.895459771156311,0.9487451314926147,0.9325142502784729,0.0007409749086946249,0.9401638507843018,0.9665695428848267,0.955743670463562,0.00013904811930842698,0.9255290031433105,0.9576445817947388,0.9504105448722839,0.0002533520164433867,0.9126973748207092,0.9598835706710815,0.9364410042762756,0.00032568234018981457
1,0.894010066986084,0.9536426663398743,0.9308578968048096,0.0007778782746754587,0.9451411962509155,0.959506630897522,0.9551532864570618,5.6115255574695766e-05,0.9227182269096375,0.9704369902610779,0.9543389081954956,0.0005306504899635911,0.9091073870658875,0.9609250426292419,0.9375448226928711,0.0006531078834086657
0,0.8918692469596863,0.9411543607711792,0.9388174414634705,0.0013611650792881846,0.94072026014328,0.9552466869354248,0.9515256285667419,8.813934255158529e-05,0.9174883365631104,0.9403901100158691,0.9382701516151428,0.000473786290967837,0.8992374539375305,0.9347645044326782,0.9315904974937439,0.0007261073333211243
1,0.9113004803657532,0.9337944984436035,0.925761342048645,0.0002582449815236032,0.9402527809143066,0.9537893533706665,0.9478411674499512,7.047228427836671e-05,0.927642822265625,0.9618219137191772,0.9509721398353577,0.0004427364037837833,0.9181505441665649,0.9399281740188599,0.9325321316719055,0.00019129124120809138
0,0.854729950428009,0.9555904865264893,0.9177589416503906,0.002828160999342799,0.927745521068573,0.958008885383606,0.9493775367736816,0.00029696544515900314,0.9072134494781494,0.9567350745201111,0.9420303106307983,0.000942266546189785,0.8878037929534912,0.949523389339447,0.921995997428894,0.0009805784793570638
0,0.8871192932128906,0.9497464895248413,0.9356276988983154,0.0011317578610032797,0.9410296678543091,0.967405378818512,0.9613280296325684,0.000141120093758218,0.9219076037406921,0.9663811922073364,0.9470095038414001,0.0004678407567553222,0.9011158347129822,0.9541500806808472,0.945075511932373,0.0008050512406043708
0,0.8822188377380371,0.9312464594841003,0.9162163734436035,0.000789291865658015,0.9331436157226562,0.9561938047409058,0.9487675428390503,0.0002305336674908176,0.9131766557693481,0.9509848952293396,0.9442164897918701,0.0007651060004718602,0.8916808366775513,0.9260143041610718,0.9233853220939636,0.0007051185239106417
0,0.8569002151489258,0.936090350151062,0.9018406271934509,0.0011271544499322772,0.9321418404579163,0.9518824815750122,0.9454590678215027,0.00010459179611643776,0.9162708520889282,0.9576377272605896,0.938461422920227,0.0003256704076193273,0.8981490731239319,0.9443641901016235,0.9257704019546509,0.0004041477805003524
0,0.8889766335487366,0.9431244134902954,0.9234151840209961,0.0007225382723845541,0.9402279257774353,0.9556111097335815,0.9509474039077759,7.162160909501836e-05,0.9284359216690063,0.9509124755859375,0.948634922504425,0.00028602234669961035,0.9179999828338623,0.9482095241546631,0.9373953938484192,0.00027517182752490044
1,0.8894513845443726,0.9300869703292847,0.9189735651016235,0.0006625690148212016,0.9400283694267273,0.9542542695999146,0.9480502009391785,8.416997297899798e-05,0.9072784185409546,0.9312944412231445,0.9237853288650513,0.0003035067056771368,0.8937849998474121,0.9300962090492249,0.9276648759841919,0.0005298377363942564
0,0.7995855212211609,0.9427595138549805,0.8877026438713074,0.005342523101717234,0.9151557683944702,0.9592808485031128,0.9426398873329163,0.0005366763798519969,0.8827645182609558,0.9526880383491516,0.9289446473121643,0.0016917638713493943,0.8623558878898621,0.9503942728042603,0.9091625213623047,0.001571630360558629
0,0.7818551063537598,0.9999998807907104,0.9999998807907104,0.014808958396315575,0.9100599884986877,1.0000001192092896,1.0000001192092896,0.0021600958425551653,0.8971255421638489,0.9999996423721313,0.9999996423721313,0.002853433834388852,0.8871803879737854,1.0000001192092896,1.0000001192092896,0.0034752455540001392
0,0.8265692591667175,0.9331027865409851,0.888059139251709,0.0026412371080368757,0.9214482307434082,0.9540431499481201,0.9421532154083252,0.00027581030735746026,0.8484805822372437,0.941261887550354,0.9092211723327637,0.0036346721462905407,0.8367201685905457,0.9233866930007935,0.8903242349624634,0.002124600112438202
1,0.9073823690414429,0.961577296257019,0.9411661028862,0.0006740289973095059,0.9476482272148132,0.9663538932800293,0.9601600170135498,8.212993998313323e-05,0.9270329475402832,0.9717568755149841,0.9580541253089905,0.0005749774281866848,0.9202207326889038,0.9683519005775452,0.9512012004852295,0.0005018286174163222
0,0.8811410069465637,0.9398590326309204,0.9137423038482666,0.0007857416640035808,0.9364474415779114,0.9618126749992371,0.9535683393478394,0.00016787266940809786,0.9229021072387695,0.9621706604957581,0.9471627473831177,0.0004059086204506457,0.9043102264404297,0.946872889995575,0.9339941143989563,0.00046779285185039043
0,0.8718603253364563,0.9356971979141235,0.9117166996002197,0.0014137800317257643,0.9355239868164062,0.9563173055648804,0.9495959281921387,0.00019449555838946253,0.8958616256713867,0.9688231945037842,0.9446293115615845,0.0038676667027175426,0.8788450360298157,0.951881468296051,0.9323514103889465,0.0040725539438426495
1,0.8734096884727478,0.9328358173370361,0.9160473942756653,0.001355351647362113,0.9423896670341492,0.9631443619728088,0.9539055228233337,0.00010411025141365826,0.9015762209892273,0.9558933973312378,0.9285746812820435,0.0006048367940820754,0.8892893195152283,0.9392033815383911,0.9233177900314331,0.0007706767064519227
0,0.8567070364952087,0.9338789582252502,0.9032498598098755,0.0014285980723798275,0.9306983351707458,0.9602890014648438,0.9474712014198303,0.00021420393022708595,0.9138752818107605,0.9561932682991028,0.938953161239624,0.0005736466264352202,0.8974252343177795,0.9488651752471924,0.9257056713104248,0.0005258435267023742
0,0.9174309968948364,0.9516828656196594,0.9426344633102417,0.0003138481988571584,0.9519582986831665,0.9634537696838379,0.9599907398223877,4.128972068428993e-05,0.9419070482254028,0.9681063890457153,0.9570103883743286,0.00016201191465370357,0.9277501702308655,0.9601975083351135,0.9490569233894348,0.00023839992354623973
1,0.862545371055603,0.9367856979370117,0.9185426235198975,0.0023842514492571354,0.9277123808860779,0.9581810832023621,0.9491332769393921,0.0004532017046585679,0.9097619652748108,0.9624161720275879,0.9503414630889893,0.0011946402955800295,0.8939521908760071,0.9525771141052246,0.9385316371917725,0.0013720383867621422
0,0.8599513173103333,0.9008870720863342,0.8913833498954773,0.0009663941455073655,0.9273791313171387,0.9353845119476318,0.933284342288971,3.3558098948560655e-05,0.884565532207489,0.8951761722564697,0.8934639692306519,9.235573088517413e-05,0.881074845790863,0.8981108665466309,0.8963953852653503,0.00033725390676409006
0,0.89329594373703,0.9337432384490967,0.9202902913093567,0.0005898851668462157,0.9413529634475708,0.9570346474647522,0.9523640871047974,7.393117266474292e-05,0.9122529625892639,0.947388231754303,0.9418039917945862,0.0006454450776800513,0.8994256854057312,0.9393302798271179,0.9335966110229492,0.0005640682647936046
0,0.8823679685592651,1.0,0.9353690147399902,0.001840101438574493,0.9406129717826843,0.9999998211860657,0.9576328992843628,0.00018806758453138173,0.9205036759376526,1.0000001192092896,0.9461333751678467,0.000724724552128464,0.9063552021980286,1.0,0.9457298517227173,0.0009666193509474397
0,0.7831971049308777,0.9999998807907104,0.8974484205245972,0.00905640795826912,0.9008658528327942,1.0000001192092896,0.9412133097648621,0.001359915011562407,0.8912450671195984,1.000000238418579,0.9442309141159058,0.0018222230719402432,0.8738629817962646,1.0000001192092896,0.9400988817214966,0.0025261358823627234
1,0.9256305694580078,0.963736891746521,0.9564698934555054,0.0009117849986068904,0.9478054046630859,0.962899923324585,0.9587211608886719,0.00012089847587049007,0.9373133778572083,0.9699242115020752,0.9594559669494629,0.000327702407957986,0.9306805729866028,0.9647278785705566,0.957276463508606,0.0005912930355407298
0,0.9287513494491577,0.9287513494491577,0.9287513494491577,0.0,0.9593666195869446,0.9593666195869446,0.9593666195869446,0.0,0.9308960437774658,0.9308960437774658,0.9308960437774658,0.0,0.9295480251312256,0.9295480251312256,0.9295480251312256,0.0
0,0.9152737855911255,0.9592233300209045,0.9374744296073914,0.0004901456413790584,0.9506847858428955,0.9587750434875488,0.9572840332984924,2.1530060621444136e-05,0.9324004650115967,0.963409423828125,0.9472459554672241,0.00022178686049301177,0.9231734275817871,0.95299232006073,0.9433689713478088,0.00029733218252658844
0,0.8400022983551025,0.9259302020072937,0.8983008861541748,0.001465791603550315,0.9225358963012695,0.955173671245575,0.9425598978996277,0.00023726718791294843,0.8942490816116333,0.9454311728477478,0.9258680939674377,0.0006940730381757021,0.8774243593215942,0.9312083721160889,0.9096779823303223,0.0006648165290243924
0,0.9092869162559509,0.938290536403656,0.9293746948242188,0.0004386342188809067,0.9444031715393066,0.9518353939056396,0.9511814117431641,4.626855661626905e-05,0.9151172041893005,0.9414036273956299,0.9354841709136963,0.0004109930887352675,0.9094085097312927,0.9404363036155701,0.9293768405914307,0.00039782782550901175
1,0.901268482208252,0.9358410835266113,0.9261820316314697,0.00033363769762218,0.9473058581352234,0.9567866325378418,0.9557914733886719,4.947715933667496e-05,0.9149779081344604,0.9605745077133179,0.9390159845352173,0.0002837602514773607,0.9035585522651672,0.9475609064102173,0.9322776198387146,0.000354152376530692
1,0.8619615435600281,0.9422997832298279,0.9052647948265076,0.0017639694269746542,0.9329795241355896,0.9590233564376831,0.9492945671081543,0.0002210737147834152,0.9061344265937805,0.959831953048706,0.9361259937286377,0.0006287231226451695,0.890261709690094,0.9470227360725403,0.921272873878479,0.0006616914761252701
0,0.86081862449646,0.9356042146682739,0.8900023698806763,0.000769312959164381,0.9261124730110168,0.9479165077209473,0.9396697282791138,9.77933596004732e-05,0.9089908599853516,0.9576367735862732,0.9372797012329102,0.0004773718537762761,0.8902548551559448,0.9525740146636963,0.9147993326187134,0.0005089207552373409
1,0.9329857230186462,0.9602385759353638,0.9496243000030518,0.00017452541214879602,0.9515964984893799,0.9624109268188477,0.9595070481300354,3.4009324735961854e-05,0.9460349678993225,0.9703214764595032,0.9566407203674316,0.0001312192907789722,0.9383019208908081,0.963256299495697,0.9525158405303955,0.00012492167297750711
1,0.9003457427024841,0.9433772563934326,0.9280980825424194,0.0005306911189109087,0.9426599144935608,0.9640618562698364,0.9548357725143433,0.00010605620627757162,0.920316755771637,0.9631918668746948,0.9480950236320496,0.0004877148603554815,0.912082850933075,0.9516171216964722,0.9379699230194092,0.0004797594447154552
0,0.8867805600166321,0.9349324703216553,0.923162579536438,0.0008019053493626416,0.9393170475959778,0.9583195447921753,0.9524290561676025,0.00010688757174648345,0.9347007274627686,0.9681931138038635,0.9547731876373291,0.0002588945208117366,0.9130423069000244,0.9496968984603882,0.9392889738082886,0.0004080603248439729
0,0.833617627620697,0.9389879703521729,0.9175536632537842,0.0058155301958322525,0.920194149017334,0.9565468430519104,0.9511313438415527,0.0007643864955753088,0.8924179673194885,0.960923969745636,0.9385924339294434,0.001919055008329451,0.877369225025177,0.9412212371826172,0.9268431067466736,0.001861024764366448
0,0.8507996797561646,0.9659157395362854,0.9064725041389465,0.003077248577028513,0.9310210943222046,0.9661808609962463,0.9477406740188599,0.0002606570196803659,0.9092046618461609,0.971041738986969,0.9397079944610596,0.0009919306030496955,0.8892117738723755,0.9657531976699829,0.9239123463630676,0.0013119709910824895
0,0.8944712281227112,0.9397379159927368,0.9161903262138367,0.0003474018594715744,0.9388821125030518,0.9580790400505066,0.9499906301498413,0.00011680606985464692,0.9238428473472595,0.9600439071655273,0.9518243074417114,0.0005190741503611207,0.9090510010719299,0.9503440260887146,0.9387023448944092,0.0005111484788358212
0,0.9058654308319092,0.9502650499343872,0.9366403818130493,0.0006034849211573601,0.9478396773338318,0.9649990200996399,0.9604579210281372,9.094604320125654e-05,0.9386250972747803,0.9705368876457214,0.9606660008430481,0.00033391854958608747,0.9228249788284302,0.9603393077850342,0.9486436247825623,0.00036015440127812326
1,0.91167151927948,0.9440245628356934,0.9416798949241638,0.00034734318614937365,0.9506303668022156,0.9640249013900757,0.9578282833099365,4.692616857937537e-05,0.9323486089706421,0.9605191946029663,0.9481871128082275,0.00022084212105255574,0.9250051379203796,0.954812228679657,0.9490519762039185,0.00023438340576831251
0,0.8981388807296753,0.9342485666275024,0.9201019406318665,0.00038352340925484896,0.9398914575576782,0.9570813179016113,0.9513403177261353,8.50405776873231e-05,0.9375413060188293,0.9588185548782349,0.9514681696891785,0.00015896571858320385,0.9240007400512695,0.9446662664413452,0.9393734931945801,0.00017856204067356884
0,0.8756470680236816,0.9488661289215088,0.9176645874977112,0.0012972404947504401,0.9373643398284912,0.9668894410133362,0.9535728693008423,0.00018116767751052976,0.9120720624923706,0.9672601819038391,0.9451477527618408,0.0008060114341787994,0.9023933410644531,0.9614796042442322,0.931357204914093,0.0005936883389949799
0,0.8828227519989014,0.9358909130096436,0.9172673225402832,0.0008719657780602574,0.9386220574378967,0.9590718746185303,0.9504701495170593,0.00011374620225979015,0.9088342189788818,0.9505385756492615,0.944459080696106,0.0011580341961234808,0.8947741985321045,0.9368380904197693,0.9294285774230957,0.001077116234228015
1,0.9364274740219116,0.9688306450843811,0.9505338668823242,0.00028560234932228923,0.955346405506134,0.9628938436508179,0.9599441885948181,2.7458891054266132e-05,0.9417911767959595,0.963750958442688,0.9542428255081177,0.00015940135926939547,0.9318512082099915,0.9535973072052002,0.9466915726661682,0.00023561366833746433
0,0.8293924331665039,0.9495285749435425,0.8984222412109375,0.003050349187105894,0.9233306646347046,0.9595220685005188,0.9474307298660278,0.00040528588579036295,0.9055986404418945,0.978748083114624,0.9427599906921387,0.0008390842122025788,0.8885390162467957,0.9668430685997009,0.9251872897148132,0.0009121850016526878
0,0.861028790473938,0.9428262710571289,0.9362401366233826,0.004672168754041195,0.9341787099838257,0.9559406042098999,0.9524552226066589,0.0004519392387010157,0.9218615293502808,0.9692800045013428,0.9605021476745605,0.0008993594674393535,0.9095247983932495,0.9572325944900513,0.9458588361740112,0.0008786266553215683
1,0.8843387365341187,1.0000003576278687,0.9335075616836548,0.0018996113212779164,0.9382625222206116,1.000000238418579,0.9555279016494751,0.00035876035690307617,0.9349746704101562,1.0000004768371582,0.9518449306488037,0.0004277744155842811,0.9155287742614746,0.9999999403953552,0.9413820505142212,0.0006956300348974764
1,0.8747496008872986,0.9415099620819092,0.9316984415054321,0.0023503522388637066,0.9349358677864075,0.9620883464813232,0.9590015411376953,0.0004178321978542954,0.9143187999725342,0.9542016983032227,0.9484766125679016,0.0007470646523870528,0.8963208794593811,0.9385796785354614,0.9365929365158081,0.0010298367124050856
0,0.868507981300354,0.939643383026123,0.9141063690185547,0.0010638865642249584,0.9303807020187378,0.9602508544921875,0.9481236338615417,0.00021447300969157368,0.9089674353599548,0.9536545872688293,0.9394491314888,0.0006462160381488502,0.8915690779685974,0.9417387843132019,0.9229788184165955,0.0007664408767595887
0,0.8775500655174255,0.9280936121940613,0.9100610017776489,0.0006472300156019628,0.9361568689346313,0.9597206115722656,0.9480774998664856,0.00012274201435502619,0.9182305335998535,0.9514604210853577,0.9434891939163208,0.0004132604517508298,0.9001579880714417,0.9420973062515259,0.9277867674827576,0.0004886292153969407
0,0.8584369421005249,0.9230608940124512,0.8969481587409973,0.0008945647277869284,0.9324037432670593,0.9555712342262268,0.9462299346923828,0.00014062045374885201,0.9107969403266907,0.9682457447052002,0.9345319271087646,0.00040486082434654236,0.887255072593689,0.9538732767105103,0.9165806174278259,0.0005523012951016426
0,0.8537198901176453,0.9238734841346741,0.9102742671966553,0.003361915238201618,0.9311916828155518,0.962043821811676,0.9509440064430237,0.0003174474695697427,0.9064589738845825,0.9585442543029785,0.9456279277801514,0.0017028236761689186,0.8872328400611877,0.9482113718986511,0.9251888990402222,0.0017510033212602139
1,0.879833459854126,0.9491914510726929,0.9374768137931824,0.003945385571569204,0.9415473937988281,0.9635031223297119,0.9568294882774353,0.00029870268190279603,0.9034329056739807,0.9549311399459839,0.9437706470489502,0.0013626067666336894,0.8967759609222412,0.9548190832138062,0.9389975666999817,0.0013941321521997452
0,0.9071968793869019,0.9948387742042542,0.9363793730735779,0.0009687336860224605,0.9491896033287048,0.9923527240753174,0.9572023749351501,0.0001377961743855849,0.9194763898849487,0.9975120425224304,0.9426099061965942,0.0006951395189389586,0.9173120260238647,0.9979040622711182,0.9398012161254883,0.0007753664394840598
1,0.9134939312934875,0.9447811841964722,0.9347304105758667,0.0005793391028419137,0.9530633687973022,0.9607083797454834,0.9583290219306946,2.360471262363717e-05,0.9312217831611633,0.9540489912033081,0.9473209977149963,0.00019295598031021655,0.9258800745010376,0.9518996477127075,0.9489715099334717,0.0004367635992821306
1,0.8954879641532898,0.951972246170044,0.9342610239982605,0.0007723405724391341,0.9403102397918701,0.9617106914520264,0.9541814923286438,0.00014767443644814193,0.9174303412437439,0.9613527059555054,0.943748414516449,0.00037459607119672,0.9054758548736572,0.9538194537162781,0.935836672782898,0.0005115109961479902
0,0.9175788760185242,0.9360342025756836,0.932421088218689,0.0002168088249163702,0.9516533017158508,0.9582592248916626,0.9578565359115601,5.666545985150151e-05,0.9302167892456055,0.9522943496704102,0.9456592202186584,0.00013810743985231966,0.915630578994751,0.9376814961433411,0.9301865100860596,0.00012886365584563464
0,0.9158347249031067,0.9548588395118713,0.9519887566566467,0.0017216556007042527,0.9405980110168457,0.9579889178276062,0.9573115706443787,0.0002390898735029623,0.9173433184623718,0.9577255845069885,0.9572103023529053,0.001700991066172719,0.9150484800338745,0.9532661437988281,0.9472433924674988,0.0013970324071124196
1,0.8504934310913086,0.9596892595291138,0.9485094547271729,0.0056175789795815945,0.9195681214332581,0.9600526094436646,0.9559980630874634,0.0008533870568498969,0.888618528842926,0.9590379595756531,0.942987322807312,0.0017823446542024612,0.8766594529151917,0.9583767652511597,0.9475754499435425,0.0024570052046328783
0,0.8922170996665955,0.9426586031913757,0.9283928275108337,0.0005984361050650477,0.94150310754776,0.9641945362091064,0.9553024768829346,0.0001239368721144274,0.9194247126579285,0.9586753249168396,0.9464031457901001,0.00038828246761113405,0.901249349117279,0.9411290287971497,0.9245951175689697,0.00035319357994012535
0,0.8951470851898193,0.9275596737861633,0.926365852355957,0.0007643959834240377,0.9409586787223816,0.9578218460083008,0.95439612865448,0.0001746686757542193,0.9147470593452454,0.9542864561080933,0.9443567991256714,0.0006013950915075839,0.9002107977867126,0.9325369000434875,0.93171626329422,0.0005804688553325832
0,0.7742974758148193,0.9999998211860657,0.9050730466842651,0.010384013876318932,0.9009613990783691,1.0000001192092896,0.9415463209152222,0.0011524350848048925,0.8884836435317993,0.9999996423721313,0.9385374784469604,0.0014915169449523091,0.8712176084518433,1.0000004768371582,0.9231736660003662,0.0018388287862762809
0,0.8971145153045654,0.9509695768356323,0.9377906322479248,0.0012601903872564435,0.9445945024490356,0.9628831148147583,0.9602549076080322,0.00017079363169614226,0.9184488654136658,0.9614565968513489,0.9427371025085449,0.00046193605521693826,0.9021919965744019,0.9506105184555054,0.9311751127243042,0.0006859862478449941
0,0.8757093548774719,0.9339682459831238,0.9213552474975586,0.002057028003036976,0.9380638003349304,0.9609218835830688,0.9539995789527893,0.00022443514899350703,0.9195410013198853,0.9597601294517517,0.9473978281021118,0.0009177547181025147,0.9025925397872925,0.9446703791618347,0.9327319860458374,0.0009215649333782494
0,0.9138411283493042,0.9841621518135071,0.9358852505683899,0.0004856328305322677,0.9534292817115784,0.9815531969070435,0.9617271423339844,7.888494292274117e-05,0.9296470880508423,0.9861729145050049,0.9542887806892395,0.0005646240315400064,0.9171527028083801,0.9863283634185791,0.935371994972229,0.0005204859189689159
0,0.8532434105873108,0.9339954257011414,0.9022845029830933,0.0017943133134394884,0.9261983633041382,0.9553245306015015,0.9428507089614868,0.0002654811250977218,0.9098231792449951,0.9506320953369141,0.9378473162651062,0.0007300827419385314,0.8922594785690308,0.9364326596260071,0.9182184338569641,0.0006915149861015379
0,0.8657773733139038,0.9358536601066589,0.9125527143478394,0.0016513633308932185,0.9374992847442627,0.9580755829811096,0.9544492363929749,0.00019769518985413015,0.8942595720291138,0.9451920986175537,0.9250593185424805,0.0012397643877193332,0.8953106999397278,0.944352924823761,0.9263429641723633,0.0008210443775169551
0,0.8660688996315002,1.000000238418579,0.9955337047576904,0.015186799690127373,0.9437736868858337,1.0000003576278687,0.9950545430183411,0.001918554655276239,0.9226998090744019,1.0000003576278687,0.9977007508277893,0.004372891969978809,0.9166111350059509,1.000000238418579,0.9977281093597412,0.005076898727566004
0,0.8671320676803589,0.9438629746437073,0.9311009049415588,0.00367780146189034,0.9274243712425232,0.9584534168243408,0.9551881551742554,0.000644528481643647,0.8948485255241394,0.9433518648147583,0.9409518241882324,0.0019783289171755314,0.8793815970420837,0.941869854927063,0.9284221529960632,0.0022108738776296377
0,0.8685619831085205,0.9234334826469421,0.9005303978919983,0.0006598958279937506,0.92930006980896,0.9562093019485474,0.9476680159568787,0.00019869295647367835,0.8916035890579224,0.9491304159164429,0.9369668960571289,0.001406532945111394,0.8899252414703369,0.928095281124115,0.9173369407653809,0.0006194225279614329
1,0.8823950886726379,0.9327468276023865,0.9192630052566528,0.000610002432949841,0.9400842785835266,0.9585224390029907,0.9487376809120178,5.4648699006065726e-05,0.9203545451164246,0.9532037377357483,0.9400182366371155,0.00031242240220308304,0.9087154865264893,0.9435617327690125,0.930863082408905,0.000304610060993582
0,0.9056224226951599,0.9487700462341309,0.9325404167175293,0.0005173655808903277,0.9432076811790466,0.9612653255462646,0.9531320333480835,5.990540375933051e-05,0.9163421988487244,0.9502546191215515,0.9459138512611389,0.0005531312781386077,0.9133430123329163,0.9520140290260315,0.937552809715271,0.00037935140426270664
1,0.8681603074073792,0.9410736560821533,0.9136801362037659,0.001414019032381475,0.9349548816680908,0.9629694819450378,0.9525364637374878,0.00014007725985720754,0.9066506028175354,0.9565448760986328,0.9341939091682434,0.0006168915424495935,0.8925206661224365,0.9454916715621948,0.9244139790534973,0.0008495915681123734
0,0.8626493215560913,0.9407345056533813,0.9222655296325684,0.0018906795885413885,0.9327543377876282,0.9589827060699463,0.9477902054786682,0.00018634897423908114,0.9078227877616882,0.9543707370758057,0.9373266696929932,0.0007689750636927783,0.8942330479621887,0.9433063268661499,0.9270767569541931,0.0006623899680562317
1,0.8841012716293335,0.951408863067627,0.9210025072097778,0.000786833290476352,0.9398494362831116,0.9660528302192688,0.9511982798576355,0.0001351810642518103,0.9155211448669434,0.9586331844329834,0.9419161677360535,0.0005795445758849382,0.9055507183074951,0.9605064392089844,0.9357736110687256,0.0005990051431581378
