doc_id,fuente,clase_real,clase_nombre,num_frases,p_full,pred_full,p_mean,p_max,p_min,p_top2,p_top3,p_first,p_w_mean,p_std,gap_peak_mean,agree_mean,agree_max,agree_top2,agree_first,p_no_top1,p_no_top2,p_no_top3,p_no_rand,drop_top1,drop_top2,drop_top3,drop_rand,flip_top1,flip_top2,flip_top3,flip_rand,frase_top1
AMA_0,Amarillismo Real (Prensa),1,Amarillista,20,0.11529678851366043,0,0.7803357243537903,0.9855791330337524,0.3607192933559418,0.9841345548629761,0.9818957448005676,0.9604589343070984,0.8079691459942195,0.2019985467195511,0.20524340867996216,0,0,0,0,0.26016155,0.109821275,0.109392546,0.37228492,-0.14486477,0.0054755136,0.0059042424,-0.25698814,False,False,False,False,Y Lemoine asegura que LaMDA
AMA_1,Amarillismo Real (Prensa),1,Amarillista,23,0.005569578614085913,0,0.5929204821586609,0.9384317994117737,0.28301990032196045,0.9035813808441162,0.8821244835853577,0.7821857333183289,0.5407516700917762,0.18615560233592987,0.3455113172531128,0,0,0,0,0.01076528,0.010656759,0.009410496,0.00960311,-0.005195701,-0.0050871805,-0.0038409173,-0.0040335315,False,False,False,False,dijo Masayuki Kuzuhara
AMA_2,Amarillismo Real (Prensa),1,Amarillista,24,0.5517211556434631,1,0.6010286808013916,0.9875680208206177,0.10413478314876556,0.9834244847297668,0.9631140232086182,0.979280948638916,0.5179269442298118,0.23273518681526184,0.3865393400192261,1,1,1,1,0.3330264,0.008220991,0.0077767577,0.5427576,0.21869475,0.5435002,0.5439444,0.008963585,True,True,True,False,que dice que esta serpiente personificaba el mal y el caos
AMA_3,Amarillismo Real (Prensa),1,Amarillista,14,0.8692474365234375,1,0.8157702684402466,0.9798120260238647,0.595529317855835,0.9797741174697876,0.9769752621650696,0.9297991394996643,0.8500893095145861,0.13830022513866425,0.16404175758361816,1,1,1,1,0.91590106,0.9739007,0.9648573,0.8218204,-0.04665363,-0.10465324,-0.095609844,0.04742706,False,False,False,False,Los expertos lograron descubrir células de ADN sanas en un dinosaurio fósil y se podría experimentar un escenario de parque jurásico de la vida real si los científicos pueden clonar al animal
AMA_4,Amarillismo Real (Prensa),1,Amarillista,27,0.004894071724265814,0,0.5957287549972534,0.9238103628158569,0.32460564374923706,0.9218404293060303,0.9125421643257141,0.82172030210495,0.6093363862723034,0.1686950922012329,0.3280816078186035,0,0,0,0,0.011391699,0.008937667,0.0076392745,0.0135637885,-0.0064976276,-0.0040435954,-0.0027452027,-0.008669717,False,False,False,False,elixir de la juventud
AMA_5,Amarillismo Real (Prensa),1,Amarillista,17,0.600999653339386,1,0.6866281032562256,0.9809949994087219,0.2573792636394501,0.9752089381217957,0.969127357006073,0.9809949994087219,0.6575148763436992,0.23116694390773773,0.29436689615249634,1,1,1,1,0.46367872,0.068777956,0.19744757,0.92862093,0.13732094,0.5322217,0.4035521,-0.32762128,True,True,True,False,El artífice de los trasplantes con corazón de cerdo
AMA_6,Amarillismo Real (Prensa),1,Amarillista,19,0.03587287664413452,0,0.522714376449585,0.9815327525138855,0.047941092401742935,0.9783382415771484,0.93696528673172,0.9751436710357666,0.4806181890057893,0.25322291254997253,0.45881837606430054,0,0,0,0,0.008902885,0.011212484,0.010207599,0.5534223,0.026969992,0.024660394,0.025665278,-0.5175494,False,False,False,False,Científicos mexicanos realizaron un increíble hallazgo
AMA_7,Amarillismo Real (Prensa),1,Amarillista,26,0.003521612146869302,0,0.581814169883728,0.930945634841919,0.20485755801200867,0.9281576871871948,0.9190695881843567,0.9253697395324707,0.5357337336977216,0.20484930276870728,0.3491314649581909,0,0,0,0,0.0073319036,0.012148772,0.018683895,0.006740084,-0.0038102914,-0.00862716,-0.015162284,-0.0032184718,False,False,False,False,los científicos pudieron al fin retratar la criatura completa
AMA_8,Amarillismo Real (Prensa),1,Amarillista,14,0.5463206768035889,1,0.46360287070274353,0.9790626764297485,0.06871116161346436,0.9259756803512573,0.899336576461792,0.8460583686828613,0.4222294394263214,0.29325443506240845,0.515459805727005,0,1,1,1,0.03786641,0.021067338,0.019327283,0.68526405,0.50845426,0.52525336,0.5269934,-0.13894337,True,True,True,False,Harvard descubrió una alternativa impensada para bajar de peso
AMA_9,Amarillismo Real (Prensa),0,No Amarillista,18,0.004495137836784124,0,0.4611870348453522,0.7193512916564941,0.08663754165172577,0.7109854221343994,0.6858776211738586,0.5523746013641357,0.4206199634316458,0.1573253720998764,0.25816425681114197,1,0,0,0,0.013611178,0.010949545,0.011245833,0.011890324,-0.009116041,-0.006454407,-0.006750695,-0.007395186,False,False,False,False,han encontrado pruebas de que el agua dulce en la Tierra
AMA_10,Amarillismo Real (Prensa),0,No Amarillista,34,0.008135167881846428,0,0.5636847019195557,0.8147755265235901,0.25443387031555176,0.7989298701286316,0.7930663228034973,0.48365506529808044,0.4812642445364153,0.162250354886055,0.2510908246040344,0,0,0,1,0.013808093,0.015164646,0.015475813,0.0139137,-0.005672925,-0.0070294784,-0.0073406454,-0.0057785325,False,False,False,False,el reino
AMA_11,Amarillismo Real (Prensa),0,No Amarillista,15,0.1067587286233902,0,0.5006154179573059,0.9754915833473206,0.14015088975429535,0.9751395583152771,0.926031768321991,0.9747875332832336,0.44852251053290726,0.27996399998664856,0.47487616539001465,0,0,0,0,0.020578846,0.02027927,0.028815316,0.09368276,0.08617988,0.086479455,0.077943414,0.01307597,False,False,False,False,se reveló un impactante hallazgo en la vida marina
AMA_12,Amarillismo Real (Prensa),0,No Amarillista,18,0.0113833574578166,0,0.5724056363105774,0.9669939875602722,0.11705378443002701,0.9669939875602722,0.9646124839782715,0.9669939875602722,0.5537759905798536,0.2833748757839203,0.3945883512496948,0,0,0,0,0.022569032,0.028291069,0.02679561,0.020738877,-0.011185675,-0.01690771,-0.015412253,-0.00935552,False,False,False,False,Eclipse solar total
AMA_13,Amarillismo Real (Prensa),0,No Amarillista,15,0.0036603854969143867,0,0.455556720495224,0.8182603716850281,0.1989513486623764,0.765777051448822,0.7472248673439026,0.7101206183433533,0.4076301383534796,0.17789892852306366,0.3627036511898041,1,0,0,0,0.0062718247,0.0067827003,0.006467965,0.007085353,-0.0026114392,-0.0031223148,-0.0028075795,-0.0034249676,False,False,False,False,el megalodón
AMA_14,Amarillismo Real (Prensa),1,Amarillista,19,0.574860155582428,1,0.723257839679718,0.9913608431816101,0.37499380111694336,0.9913608431816101,0.9893791675567627,0.9913608431816101,0.7556237375756861,0.21078170835971832,0.2681030035018921,1,1,1,1,0.9939004,0.95781446,0.9015063,0.97625285,-0.41904026,-0.3829543,-0.32664615,-0.4013927,False,False,False,False,LA ONU ALERTA SOBRE MEGATERREMOTO EN MÉXICO Y EU EN LAS PROXIMAS *NUMBER* HORAS
AMA_15,Amarillismo Real (Prensa),1,Amarillista,17,0.5843958258628845,1,0.7130085229873657,0.9903790950775146,0.1850731074810028,0.9775034189224243,0.9658117294311523,0.9388943314552307,0.6726743282588351,0.24409276247024536,0.2773705720901489,1,1,1,1,0.5964466,0.17000657,0.18713951,0.9846149,-0.012050748,0.41438925,0.3972563,-0.40021908,False,True,True,False,Esto viene a destapar una mafia oculta pues siempre habíamos pensado que los taxis necesitaban este combustible para funcionar
AMA_16,Amarillismo Real (Prensa),0,No Amarillista,14,0.007737503852695227,0,0.5114985108375549,0.9574514031410217,0.11424211412668228,0.8903720378875732,0.8370373845100403,0.9574514031410217,0.44371268423774357,0.23076291382312775,0.4459528923034668,0,0,0,0,0.016571917,0.015530797,0.016085077,0.012157687,-0.008834412,-0.007793293,-0.008347573,-0.004420183,False,False,False,False,California obliga a poner paneles solares en las casas nuevas
AMA_17,Amarillismo Real (Prensa),0,No Amarillista,25,0.9489109516143799,1,0.7159755825996399,0.9925742149353027,0.308170884847641,0.9760153293609619,0.9698057174682617,0.923733115196228,0.6784381874791392,0.20276516675949097,0.27659863233566284,1,1,1,1,0.9503445,0.93725455,0.9420893,0.9895744,-0.0014335513,0.011656404,0.0068216324,-0.04066342,False,False,False,False,Ante la verdadera avalancha de mensajes que están llenando Facebook
AMA_18,Amarillismo Real (Prensa),0,No Amarillista,21,0.004940269980579615,0,0.5645323395729065,0.9558831453323364,0.02826089970767498,0.8828368782997131,0.8584880828857422,0.9558831453323364,0.42842407746497413,0.24779553711414337,0.39135080575942993,0,0,0,0,0.010079937,0.009286842,0.011626685,0.005853586,-0.005139667,-0.0043465723,-0.006686415,-0.0009133159,False,False,False,False,La NASA te invita a recorrer la Luna desde tu casa
AMA_19,Amarillismo Real (Prensa),1,Amarillista,24,0.0046038394793868065,0,0.5588482022285461,0.8801608681678772,0.24873678386211395,0.8780766129493713,0.8454070687294006,0.8759923577308655,0.5828678648379253,0.1715112328529358,0.32131266593933105,0,0,0,0,0.0063584074,0.011448002,0.010750304,0.006580264,-0.001754568,-0.006844163,-0.0061464645,-0.0019764244,False,False,False,False,hasta *NUMBER*º en algunas cuevas
AMA_20,Amarillismo Real (Prensa),0,No Amarillista,16,0.003702057059854269,0,0.4336128830909729,0.9167571067810059,0.05439864099025726,0.9160438776016235,0.8018806576728821,0.5735543370246887,0.30344923567822857,0.233489990234375,0.48314422369003296,1,0,0,0,0.0045131287,0.0041990946,0.003914437,0.0035921345,-0.0008110716,-0.00049703754,-0.00021237973,0.00010992261,False,False,False,False,así como los nuevos Pixel *NUMBER* y Pixel *NUMBER* XL
AMA_21,Amarillismo Real (Prensa),0,No Amarillista,23,0.09173280745744705,0,0.6086665987968445,0.9853217005729675,0.3505537211894989,0.9808139204978943,0.9720051884651184,0.6810426712036133,0.7006029942091506,0.18855740129947662,0.37665510177612305,0,0,0,0,0.19827802,0.18025178,0.17506911,0.17934595,-0.10654522,-0.08851897,-0.0833363,-0.08761314,False,False,False,False,*NUMBER* de los *NUMBER* empleados de The Square Market
AMA_22,Amarillismo Real (Prensa),1,Amarillista,19,0.8326264023780823,1,0.7537438869476318,0.988292396068573,0.19429358839988708,0.9852771759033203,0.9816920161247253,0.9476929903030396,0.7400212965964436,0.23578226566314697,0.23454850912094116,1,1,1,1,0.9570984,0.96919537,0.932273,0.93727654,-0.12447202,-0.13656896,-0.09964657,-0.10465014,False,False,False,False,LAS NOVEDADES DE ANDROID KIT KAT ES QUE SE PODRÁ COMER Android Kit Kat llega plagado de novedades
AMA_23,Amarillismo Real (Prensa),1,Amarillista,20,0.9859586358070374,1,0.6961635947227478,0.990675151348114,0.09831389039754868,0.9891306161880493,0.9832267761230469,0.9875861406326294,0.7028755091091657,0.2510698139667511,0.2945115566253662,1,1,1,1,0.9934388,0.9705522,0.7453828,0.9907178,-0.0074801445,0.01540643,0.24057585,-0.0047591925,False,False,False,False,Facebook poseerá las almas de sus usuarios a partir de *NUMBER* Entre las notificaciones que usuarios de Facebook han recibido en las últimas semanas
AMA_24,Amarillismo Real (Prensa),0,No Amarillista,16,0.020827826112508774,0,0.6859281063079834,0.9844940304756165,0.21739333868026733,0.9732518196105957,0.9602723121643066,0.9844940304756165,0.6989814930728504,0.23012803494930267,0.29856592416763306,0,0,0,0,0.12950471,0.12755188,0.100685425,0.066141024,-0.10867688,-0.10672405,-0.0798576,-0.045313198,False,False,False,False,Rechaza Facebook reporte del New York Times sobre manejo de datos
AMA_25,Amarillismo Real (Prensa),0,No Amarillista,24,0.012310354970395565,0,0.5991995334625244,0.9590715169906616,0.20230363309383392,0.9201443195343018,0.8992814421653748,0.8575556874275208,0.5956139791721267,0.1829843372106552,0.3598719835281372,0,0,0,0,0.01547348,0.01369986,0.013806996,0.029708559,-0.0031631254,-0.0013895053,-0.001496641,-0.017398205,False,False,False,False,el narcocorrido y el pasito duranguense pueden provoc
AMA_26,Amarillismo Real (Prensa),0,No Amarillista,18,0.003029303392395377,0,0.6236807107925415,0.9704772233963013,0.2510903775691986,0.9651516675949097,0.9590519070625305,0.9195334911346436,0.6541962927247321,0.24633623659610748,0.34679651260375977,0,0,0,0,0.0038868096,0.0036698303,0.0028747837,0.0032118142,-0.0008575062,-0.0006405269,0.00015451969,-0.00018251082,False,False,False,False,lanzan Nekso La aplicación
AMA_27,Amarillismo Real (Prensa),1,Amarillista,25,0.9035181999206543,1,0.6839781999588013,0.9793328642845154,0.3139173686504364,0.9734273552894592,0.9557878971099854,0.6926825642585754,0.6675471021557478,0.19495317339897156,0.2953546643257141,1,1,1,1,0.5420688,0.4595677,0.65512794,0.8526021,0.36144942,0.4439505,0.24839026,0.050916076,False,True,False,False,Y tiene ante sí una verdadera mina de oro
AMA_28,Amarillismo Real (Prensa),0,No Amarillista,13,0.0037803687155246735,0,0.5357000827789307,0.9363255500793457,0.021410970017313957,0.8583306074142456,0.8135818839073181,0.3277716636657715,0.382619927861147,0.22031715512275696,0.40062546730041504,0,0,0,1,0.006105074,0.0066455114,0.0065883794,0.0050881314,-0.0023247055,-0.0028651427,-0.0028080107,-0.0013077627,False,False,False,False,que ahora está prohibida
AMA_29,Amarillismo Real (Prensa),1,Amarillista,24,0.004838438238948584,0,0.5710234045982361,0.9750389456748962,0.1369178146123886,0.9674339294433594,0.9560263156890869,0.6950977444648743,0.6133955336149989,0.22307531535625458,0.40401554107666016,0,0,0,0,0.012563399,0.03043502,0.010649768,0.012124144,-0.007724961,-0.025596581,-0.0058113295,-0.0072857053,False,False,False,False,Facebook cobrará manejo de cuenta si no se cubre un mínimo de posts El conocido empresario Mark Zuckerberg anunció que
AMA_30,Amarillismo Real (Prensa),1,Amarillista,16,0.032866835594177246,0,0.6958327293395996,0.9666500091552734,0.4246359169483185,0.9573472142219543,0.9271082282066345,0.8385791778564453,0.7669636273979628,0.165574848651886,0.27081727981567383,0,0,0,0,0.17294413,0.23138428,0.20891379,0.22141841,-0.1400773,-0.19851744,-0.17604695,-0.18855157,False,False,False,False,También es posible que se nos escapen algunos seres inteligentes que aún no hayan desarrollado la tecnología necesaria para captar nuestras señales de radio o enviárnoslas a nosotros
AMA_31,Amarillismo Real (Prensa),0,No Amarillista,16,0.1714046150445938,0,0.675921618938446,0.9804636836051941,0.27619466185569763,0.975625216960907,0.9617047309875488,0.7545676231384277,0.631904625012357,0.21879498660564423,0.30454206466674805,0,0,0,0,0.679528,0.038242377,0.010277004,0.6107408,-0.5081234,0.13316223,0.16112761,-0.43933618,False,False,False,False,Y está próximos a endurecerse con las nuevas medidas que plantea con la llegada de iOS *NUMBER* y Mojave
AMA_32,Amarillismo Real (Prensa),1,Amarillista,18,0.5494399666786194,1,0.8791368007659912,0.9930287003517151,0.5125930905342102,0.9920796155929565,0.98819500207901,0.9911304712295532,0.9070497266238029,0.12227505445480347,0.11389189958572388,1,1,1,1,0.99200916,0.9869631,0.9914042,0.9909952,-0.4425692,-0.43752313,-0.4419642,-0.44155526,False,False,False,False,HI5 VUELVE A CONVERTIRSE EN LA RED SOCIAL MÁS POPULAR TRAS ESCÁNDALO DE FACEBOOK POR VENDER DATOS México
AMA_33,Amarillismo Real (Prensa),0,No Amarillista,14,0.002927012974396348,0,0.32660239934921265,0.5079061388969421,0.09439777582883835,0.5018938779830933,0.4893995225429535,0.34000009298324585,0.2933131751459009,0.1330932378768921,0.1813037395477295,1,0,0,1,0.006829231,0.0076132407,0.0072193067,0.0036780112,-0.003902218,-0.004686228,-0.0042922935,-0.00075099827,False,False,False,False,Abren sitio web con información de espacios en guarderías del IMSS en Juárez Juárez
AMA_34,Amarillismo Real (Prensa),0,No Amarillista,23,0.0038986578583717346,0,0.6920219659805298,0.9712925553321838,0.2476714551448822,0.9611341953277588,0.954613983631134,0.5597947239875793,0.7081017992892129,0.22739659249782562,0.27927058935165405,0,0,0,0,0.0134556,0.023425246,0.034911495,0.02620909,-0.009556942,-0.019526588,-0.031012837,-0.022310432,False,False,False,False,solamente gastaron *NUMBER* mil dólares
AMA_35,Amarillismo Real (Prensa),1,Amarillista,19,0.9832571148872375,1,0.725134015083313,0.9778631925582886,0.30197036266326904,0.9771718382835388,0.9699631333351135,0.9546827077865601,0.7196367904153794,0.19934947788715363,0.2527291774749756,1,1,1,1,0.9912134,0.9890465,0.9895661,0.9878885,-0.007956266,-0.005789399,-0.006308973,-0.0046314,False,False,False,False,Al rescate del laboratorio de Tesla Una iniciativa popular ha recaudado ya más de *NUMBER* euros para comprar el edificio donde trabajó el inventor
AMA_36,Amarillismo Real (Prensa),1,Amarillista,19,0.16197888553142548,0,0.7884889841079712,0.9892873764038086,0.40572264790534973,0.9879690408706665,0.9821636080741882,0.9866507053375244,0.8283650015529833,0.19391195476055145,0.2007983922958374,0,0,0,0,0.7674472,0.49306792,0.7386374,0.46114677,-0.6054683,-0.33108902,-0.5766585,-0.29916787,False,False,False,False,El FBI revela cómo logró desencriptar el iPhone de un terrorista sin la ayuda de Apple El FBI logró acceder al iPhone que usó uno de los atacantes del acto terrorista en San Bernardino
AMA_37,Amarillismo Real (Prensa),0,No Amarillista,19,0.20395581424236298,0,0.7676065564155579,0.9908656477928162,0.24309678375720978,0.9889992475509644,0.982088565826416,0.9045858383178711,0.8011439453752829,0.2503488063812256,0.2232590913772583,0,0,0,0,0.97050035,0.25889173,0.48562998,0.5892862,-0.7665445,-0.054935917,-0.28167415,-0.38533038,False,False,False,False,QUE NO HACE NADA PARA LOS ADICTOS A TRAER EL TELÉFONO EN LA MANO Internacional
AMA_38,Amarillismo Real (Prensa),1,Amarillista,21,0.9723038673400879,1,0.8455626964569092,0.9890717267990112,0.5784311294555664,0.9872621297836304,0.9847944378852844,0.9708996415138245,0.8944921281404781,0.13436749577522278,0.14350903034210205,1,1,1,1,0.9816176,0.9834457,0.9812166,0.966345,-0.009313762,-0.011141837,-0.008912742,0.005958855,False,False,False,False,fue el científico Barry DiGregorio que acusa a la Agencia espacial de ocultar vida en Marte
AMA_39,Amarillismo Real (Prensa),1,Amarillista,18,0.0035015130415558815,0,0.5516734719276428,0.9541071057319641,0.039518531411886215,0.8985610604286194,0.8689970970153809,0.809869110584259,0.45571846177042513,0.2460421621799469,0.4024336338043213,0,0,0,0,0.004992127,0.005525726,0.011071648,0.005419189,-0.0014906139,-0.0020242129,-0.0075701354,-0.0019176761,False,False,False,False,rememora esta economista de *NUMBER* años
AMA_40,Amarillismo Real (Prensa),1,Amarillista,21,0.9889230728149414,1,0.7678136229515076,0.9896811842918396,0.30915567278862,0.9894972443580627,0.9891495704650879,0.9896811842918396,0.7633096716620705,0.22343166172504425,0.22186756134033203,1,1,1,1,0.9892888,0.9784266,0.9727333,0.9887721,-0.0003657341,0.010496497,0.016189754,0.00015097857,False,False,False,False,El mundo vivirá tres días de completa oscuridad
AMA_41,Amarillismo Real (Prensa),0,No Amarillista,29,0.0046081081964075565,0,0.6588076949119568,0.9368528723716736,0.16402417421340942,0.9270473122596741,0.9166345000267029,0.6318899989128113,0.6942340745862606,0.17650268971920013,0.2780451774597168,0,0,0,0,0.006956917,0.013062964,0.014696581,0.006406513,-0.0023488086,-0.0084548555,-0.010088474,-0.0017984048,False,False,False,False,nos contó Rosco Pointdexter McFly
AMA_42,Amarillismo Real (Prensa),1,Amarillista,21,0.985352098941803,1,0.7239216566085815,0.9941264390945435,0.2129604071378708,0.9884995222091675,0.9866239428520203,0.9828726649284363,0.7656667518605117,0.25127261877059937,0.2702047824859619,1,1,1,1,0.9761385,0.9922299,0.8950665,0.9899422,0.009213626,-0.00687778,0.0902856,-0.004590094,False,False,False,False,Todo pura fiesta hasta que alguien acabe con la cabeza estampada en el suelo contra el bordillo de la acera al estilo de American History X
AMA_43,Amarillismo Real (Prensa),1,Amarillista,14,0.005351077299565077,0,0.5845939517021179,0.967300295829773,0.10090699791908264,0.9592686891555786,0.9378340840339661,0.5742849707603455,0.4826812129180182,0.2880479693412781,0.38270634412765503,0,0,0,0,0.007159557,0.0062931636,0.0068840547,0.006642251,-0.0018084799,-0.00094208634,-0.0015329774,-0.0012911735,False,False,False,False,cuyo nombre no ha sido revelado
AMA_44,Amarillismo Real (Prensa),1,Amarillista,22,0.622576117515564,1,0.741244375705719,0.989990234375,0.3741655647754669,0.9879368543624878,0.987252414226532,0.9858835339546204,0.769020152424657,0.2007438838481903,0.248745858669281,1,1,1,1,0.90896213,0.9581039,0.9558565,0.9845685,-0.286386,-0.33552778,-0.33328038,-0.36199236,False,False,False,False,quien junto a su mujer mató a *NUMBER* personas en un tiroteo en San Bernardino
AMA_45,Amarillismo Real (Prensa),0,No Amarillista,20,0.012958023697137833,0,0.6708971261978149,0.9717498421669006,0.33860665559768677,0.9680507183074951,0.9557918906211853,0.7741531133651733,0.6815242736540928,0.2069816291332245,0.3008527159690857,0,0,0,0,0.017189087,0.01485764,0.053522483,0.041206792,-0.0042310636,-0.0018996159,-0.04056446,-0.028248768,False,False,False,False,Los casos de personas a quienes el celular les ha explotado no son pocos
AMA_46,Amarillismo Real (Prensa),1,Amarillista,17,0.9682785868644714,1,0.7326069474220276,0.9799654483795166,0.28841057419776917,0.9798538684844971,0.979801595211029,0.7666493058204651,0.8176698383697032,0.20606255531311035,0.247358500957489,1,1,1,1,0.96634936,0.9476826,0.9107724,0.98605424,0.0019292235,0.020595968,0.057506204,-0.017775655,False,False,False,False,recuerde este papel recién publicado antes de susurrar desdeñosamente a usted mismo
AMA_47,Amarillismo Real (Prensa),0,No Amarillista,20,0.029278507456183434,0,0.5359699130058289,0.9850050210952759,0.029551692306995392,0.9850050210952759,0.9682247042655945,0.9850050210952759,0.4805119107965593,0.27052804827690125,0.449035108089447,0,0,0,0,0.5447193,0.44846982,0.020968568,0.25804868,-0.51544076,-0.4191913,0.00830994,-0.22877018,False,False,False,False,EL METRO DE LA CIUDAD DE MÉXICO TENDRÁ WI-FI GRATUITO
AMA_48,Amarillismo Real (Prensa),1,Amarillista,16,0.010003780946135521,0,0.6664069890975952,0.9797012805938721,0.022082453593611717,0.9784690737724304,0.9774515628814697,0.9502087235450745,0.6733522582992886,0.31401410698890686,0.31329429149627686,0,0,0,0,0.060975,0.015473581,0.018675609,0.4365686,-0.050971217,-0.0054698,-0.008671828,-0.4265648,False,False,False,False,aunque la empresa se defiende diciendo que éstos no sufren ya que son mudos desde su nacimiento y no se les hace ninguna operación
AMA_49,Amarillismo Real (Prensa),0,No Amarillista,19,0.009479685686528683,0,0.5599192380905151,0.9887669682502747,0.081161729991436,0.9877235293388367,0.9222171306610107,0.9866800904273987,0.5746076335407204,0.2217658907175064,0.4288477301597595,0,0,0,0,0.008748803,0.010002564,0.0101490095,0.028397856,0.0007308824,-0.000522878,-0.00066932384,-0.018918172,False,False,False,False,La caída de WhatsApp afecta a medio mundo Si durante la mañana de este viernes ha observado que no le llegaban mensajes de WhatsApp
AMA_50,Amarillismo Real (Prensa),0,No Amarillista,25,0.5664320588111877,1,0.7177255153656006,0.9954668283462524,0.20929720997810364,0.9877063035964966,0.9831941723823547,0.979945719242096,0.7484670579957668,0.2173062115907669,0.27774131298065186,1,1,1,1,0.9776744,0.99258786,0.9887115,0.92651564,-0.41124237,-0.4261558,-0.42227942,-0.36008358,False,False,False,False,La CNN utiliza imágenes de Murcia para mostrar la devastación del huracán Irma EL ALCALDE DE LA CIUDAD
AMA_51,Amarillismo Real (Prensa),0,No Amarillista,17,0.018571162596344948,0,0.7300734519958496,0.9882779717445374,0.2569417357444763,0.9744918346405029,0.9695485234260559,0.9607057571411133,0.7563856864688919,0.2321471869945526,0.25820451974868774,0,0,0,0,0.09974386,0.1601377,0.081672005,0.22243883,-0.0811727,-0.14156653,-0.063100845,-0.20386766,False,False,False,False,el día de ayer explotó la batería de un iPhone dentro de la Apple Store de la calle Colón en Valencia
AMA_52,Amarillismo Real (Prensa),0,No Amarillista,10,0.9821639060974121,1,0.6560695171356201,0.9902319312095642,0.1530175507068634,0.9902315139770508,0.9887454509735107,0.7135825753211975,0.6461808246847361,0.3218611478805542,0.3341624140739441,1,1,1,1,0.9703634,0.97278225,0.9492971,0.9912661,0.011800528,0.009381652,0.032866836,-0.009102166,False,False,False,False,vulnerabilidad flagrante y evidente del derecho constitucional a bajarse el disco que uno quiera y comprarlo solo si la economía se lo permite
AMA_53,Amarillismo Real (Prensa),1,Amarillista,22,0.00577475456520915,0,0.7043478488922119,0.9771158695220947,0.28007638454437256,0.972575306892395,0.9697108268737793,0.9680346846580505,0.7113833237660055,0.22515244781970978,0.2727680206298828,0,0,0,0,0.022595711,0.014568717,0.018196981,0.024736978,-0.016820956,-0.008793963,-0.012422226,-0.018962223,False,False,False,False,muy por encima del *NUMBER* por ciento que ostenta Hi5
AMA_54,Amarillismo Real (Prensa),0,No Amarillista,16,0.00667352881282568,0,0.5295403599739075,0.9254217743873596,0.04237355664372444,0.8888928890228271,0.8724530339241028,0.5048086047172546,0.48082649397671734,0.25282034277915955,0.39588141441345215,0,0,0,0,0.010325214,0.010911705,0.0106096435,0.014555236,-0.003651685,-0.004238176,-0.0039361147,-0.0078817075,False,False,False,False,por el impacto de un asteroide que revolucionó el clima
AMA_55,Amarillismo Real (Prensa),1,Amarillista,17,0.1992204636335373,0,0.7458298802375793,0.9909706115722656,0.325449138879776,0.986639142036438,0.9836639761924744,0.9496756792068481,0.7466343859057177,0.23448455333709717,0.24514073133468628,0,0,0,0,0.09811831,0.2947077,0.3583342,0.079818,0.10110215,-0.09548722,-0.15911375,0.11940246,False,False,False,False,El Holy Match sucede cuando dos personas se han mandado al cielo mutuamente
AMA_56,Amarillismo Real (Prensa),1,Amarillista,23,0.043155647814273834,0,0.705605149269104,0.9808195233345032,0.2505199909210205,0.9780119061470032,0.9559778571128845,0.9752042889595032,0.723052793202248,0.19375549256801605,0.27521437406539917,0,0,0,0,0.36211166,0.14380443,0.06139301,0.15140416,-0.31895602,-0.10064878,-0.018237364,-0.10824851,False,False,False,False,Tendremos otra Era de Hielo en *NUMBER* según los científicos Ayer
AMA_57,Amarillismo Real (Prensa),1,Amarillista,26,0.993477463722229,1,0.7170776724815369,0.991942286491394,0.3118804693222046,0.9915732145309448,0.9909384250640869,0.9896687865257263,0.7655459815305284,0.19516047835350037,0.2748646140098572,1,1,1,1,0.9950245,0.9945208,0.98846275,0.99293,-0.0015470386,-0.0010433197,0.0050147176,0.00054746866,False,False,False,False,Anuncia Facebook que ahora sólo aceptará un número limitado de selfies por día Mark Zuckerberg
AMA_58,Amarillismo Real (Prensa),1,Amarillista,24,0.03622894361615181,0,0.7591469883918762,0.9757212400436401,0.33587390184402466,0.968703031539917,0.9612607955932617,0.9065664410591125,0.8383213408163461,0.16166600584983826,0.21657425165176392,0,0,0,0,0.63604397,0.6929937,0.78150576,0.58383775,-0.599815,-0.65676475,-0.7452768,-0.5476088,False,False,False,False,las empresas Unilever y Procter & Gamble han levantado la mano y prometen unir esfuerzos para que esas comunidades y el planeta entero ya no sufra de hambre
AMA_59,Amarillismo Real (Prensa),0,No Amarillista,18,0.32296639680862427,0,0.6310901641845703,0.9933933615684509,0.31970375776290894,0.9910423755645752,0.9758706092834473,0.9886914491653442,0.6547201018500348,0.22170421481132507,0.3623031973838806,0,0,0,0,0.9836061,0.009497808,0.01033061,0.5057085,-0.6606397,0.31346858,0.31263578,-0.18274212,False,False,False,False,WHATSAPP INCLUIRÁ LA BANDERA DE DAESH EN SU PRÓXIMA ACTUALIZACIÓN La bandera de Catalunya también estará en WhatsApp Durante las últimas actualizaciones de WhatsApp
AMA_60,Amarillismo Real (Prensa),0,No Amarillista,24,0.010170781053602695,0,0.6713008284568787,0.9865899085998535,0.32603663206100464,0.9672123193740845,0.9570905566215515,0.714348316192627,0.672622207595014,0.18324120342731476,0.31528908014297485,0,0,0,0,0.111468524,0.13106376,0.1616076,0.2847029,-0.10129774,-0.12089298,-0.1514368,-0.2745321,False,False,False,False,un brillante globo de luz rosa y púrpura se avistó *NUMBER* días antes del devastador temblor
AMA_61,Amarillismo Real (Prensa),1,Amarillista,4,0.04316912218928337,0,0.48422443866729736,0.9821549654006958,0.20743125677108765,0.6779530644416809,0.5764888525009155,0.37375113368034363,0.4485079202101315,0.29538118839263916,0.49793052673339844,1,0,0,1,0.14585936,0.22443591,0.20743121,0.6907621,-0.102690235,-0.18126678,-0.16426209,-0.64759296,False,False,False,False,técnica que promete ser el futuro de la alimentación para las grandes ciudades en el mundo
AMA_62,Amarillismo Real (Prensa),1,Amarillista,28,0.07867656648159027,0,0.6822117567062378,0.9580699801445007,0.28374457359313965,0.9576377868652344,0.9536811709403992,0.9140986204147339,0.676347295973036,0.22071117162704468,0.27585822343826294,0,0,0,0,0.1292064,0.11326245,0.0956913,0.13363574,-0.050529838,-0.034585886,-0.017014734,-0.054959178,False,False,False,False,que seguro ha molestado a los usuarios de nuestro servicio
AMA_63,Amarillismo Real (Prensa),0,No Amarillista,22,0.10750105232000351,0,0.6852662563323975,0.9840933084487915,0.14860817790031433,0.971503496170044,0.9665481448173523,0.8956274390220642,0.6822448064522789,0.24483799934387207,0.29882705211639404,0,0,0,0,0.7916637,0.8097776,0.8445159,0.8379456,-0.6841627,-0.7022766,-0.7370149,-0.73044455,False,False,False,False,teniendo ahora turistas que cenan a las *NUMBER* de la tarde
AMA_64,Amarillismo Real (Prensa),0,No Amarillista,21,0.20027980208396912,0,0.7063363790512085,0.9834338426589966,0.1021599993109703,0.9819599390029907,0.9792860150337219,0.9710054397583008,0.7004771306309648,0.2770654559135437,0.2770974636077881,0,0,0,0,0.9440635,0.9590641,0.9509619,0.9537152,-0.7437837,-0.7587843,-0.7506821,-0.7534354,False,False,False,False,Enfáticamente dijeron que esa tarea era imposible e injusta
AMA_65,Amarillismo Real (Prensa),1,Amarillista,22,0.004995752591639757,0,0.6184500455856323,0.9594362378120422,0.3050408959388733,0.9184834957122803,0.8941726684570312,0.7545555233955383,0.6649092690491951,0.16436001658439636,0.3409861922264099,0,0,0,0,0.006735878,0.008341134,0.010175169,0.007925679,-0.0017401255,-0.003345381,-0.005179417,-0.0029299264,False,False,False,False,puede llegar a permanecer virgen hasta los *NUMBER*
AMA_66,Amarillismo Real (Prensa),0,No Amarillista,21,0.024463819339871407,0,0.7647199034690857,0.9697954058647156,0.15448102355003357,0.9677752256393433,0.9587282538414001,0.8358070254325867,0.7476745267499405,0.1746816188097,0.20507550239562988,0,0,0,0,0.3585751,0.05609946,0.051073585,0.5805809,-0.33411127,-0.031635642,-0.026609765,-0.55611706,False,False,False,False,LOGO MICROPPLE Tim Cook
AMA_67,Amarillismo Real (Prensa),1,Amarillista,23,0.0061065275222063065,0,0.7314414978027344,0.9782705307006836,0.37416359782218933,0.9604088664054871,0.944814145565033,0.9425472021102905,0.726341235912926,0.16613392531871796,0.24682903289794922,0,0,0,0,0.007962839,0.007957378,0.009405202,0.008006737,-0.0018563112,-0.0018508509,-0.0032986747,-0.0019002091,False,False,False,False,la roca espacial de entre *NUMBER* y *NUMBER* metros pasará cerca de nuestro planeta
AMA_68,Amarillismo Real (Prensa),1,Amarillista,19,0.6348372101783752,1,0.5977358818054199,0.9746869206428528,0.20929484069347382,0.9743376970291138,0.9724156856536865,0.9685717225074768,0.5697354391294708,0.23527446389198303,0.37695103883743286,1,1,1,1,0.8526917,0.73143774,0.02430187,0.8961333,-0.2178545,-0.09660053,0.6105353,-0.2612961,False,False,True,False,ha recopilado suficientes datos como para crear un mapa de la gravedad de la Tierra con una precisión sin precedentes
AMA_69,Amarillismo Real (Prensa),0,No Amarillista,18,0.00833894032984972,0,0.6284502148628235,0.9748787879943848,0.23654301464557648,0.9551324844360352,0.9398722648620605,0.9748787879943848,0.6331118624545088,0.21761620044708252,0.3464285731315613,0,0,0,0,0.09251612,0.03576886,0.02215718,0.030101959,-0.08417717,-0.02742992,-0.013818239,-0.02176302,False,False,False,False,Por qué este *NUMBER* de julio la Tierra se moverá *NUMBER* km por hora más despacio
AMA_70,Amarillismo Real (Prensa),1,Amarillista,4,0.27293336391448975,0,0.6944248676300049,0.9522597193717957,0.3749791383743286,0.9096165895462036,0.8009067177772522,0.9522597193717957,0.6625698242868696,0.22945840656757355,0.25783485174179077,0,0,0,0,0.567603,0.33841598,0.37497917,0.974837,-0.29466963,-0.06548262,-0.102045804,-0.70190364,False,False,False,False,Sismo artificial por gol de México a Alemania
AMA_71,Amarillismo Real (Prensa),1,Amarillista,14,0.00633687898516655,0,0.45035359263420105,0.9731184244155884,0.04944497346878052,0.8544725179672241,0.7992682456970215,0.40970465540885925,0.2730613931797553,0.2582871913909912,0.5227648317813873,1,0,0,1,0.008341134,0.008436391,0.007912575,0.0098186955,-0.0020042546,-0.0020995121,-0.0015756963,-0.0034818165,False,False,False,False,no se han reestablecido amistades que se habían cortado
AMA_72,Amarillismo Real (Prensa),1,Amarillista,10,0.450549453496933,0,0.7407915592193604,0.9852544069290161,0.2709874212741852,0.983365535736084,0.9809107184410095,0.9760010242462158,0.7427616786785336,0.24741025269031525,0.24446284770965576,0,0,0,0,0.981987,0.9756243,0.05369461,0.5276265,-0.5314375,-0.52507484,0.39685485,-0.07707706,False,False,False,False,EXPLOSIONES DE GAS EN MARTE PODRÍAN DAÑAR LA TIERRA Explosiones de gas en Marte podrían dañar la Tierra en las próximas horas
AMA_73,Amarillismo Real (Prensa),1,Amarillista,3,0.16422542929649353,0,0.6888419985771179,0.8168905973434448,0.5683600306510925,0.7490829825401306,0.6888419985771179,0.6812753677368164,0.6668356600132855,0.10160315781831741,0.1280485987663269,0,0,0,0,0.165036,0.56836003,0.16422555,0.165036,-0.00081056356,-0.4041346,-1.1920929e-07,-0.00081056356,False,False,False,False,lo que podria indicar procesos quimicos hasta ahora desconocidos
AMA_74,Amarillismo Real (Prensa),1,Amarillista,3,0.24190616607666016,0,0.7890686392784119,0.9684543013572693,0.4871586859226227,0.94002366065979,0.7890686988830566,0.911592960357666,0.7467237459539802,0.21474096179008484,0.17938566207885742,0,0,0,0,0.046677046,0.48715878,0.2419068,0.046677046,0.19522911,-0.24525261,-6.4074993e-07,0.19522911,False,False,False,False,prometiendo transformar la industria de la electronica movil
AMA_75,Amarillismo Real (Prensa),1,Amarillista,3,0.022667836397886276,0,0.5941388010978699,0.7969348430633545,0.41096246242523193,0.6857269406318665,0.5941388010978699,0.7969348430633545,0.5881983406158514,0.15818211436271667,0.20279604196548462,0,0,0,0,0.6279563,0.4109628,0.022667855,0.6279563,-0.60528845,-0.38829497,-1.8626451e-08,-0.60528845,False,False,False,False,DeepMind crea modelo de IA para prediccion de terremotos
AMA_76,Amarillismo Real (Prensa),1,Amarillista,3,0.4377128779888153,0,0.8926716446876526,0.9595493674278259,0.7867664694786072,0.9456242322921753,0.8926716446876526,0.9316990971565247,0.9276881002630862,0.07574447989463806,0.06687772274017334,0,0,0,0,0.9307559,0.78676647,0.43771142,0.9307559,-0.49304304,-0.3490536,1.4603138e-06,-0.49304304,False,False,False,False,ha detectado un fenomeno energetico desconocido en el espacio que podria desafiar las teorias actuales del cosmos
AMA_77,Amarillismo Real (Prensa),1,Amarillista,3,0.0189558956772089,0,0.6583536267280579,0.9000065326690674,0.41896021366119385,0.7780503034591675,0.6583536267280579,0.9000065326690674,0.6591130993582985,0.19639283418655396,0.24165290594100952,0,0,0,0,0.41349405,0.4189603,0.018955812,0.41349405,-0.39453816,-0.40000442,8.381903e-08,-0.39453816,False,False,False,False,Boston Dynamics prueba robots que responden a emociones humanas
AMA_78,Amarillismo Real (Prensa),1,Amarillista,3,0.01353729423135519,0,0.6447263360023499,0.8571425080299377,0.44427353143692017,0.7449527978897095,0.6447263360023499,0.8571425080299377,0.6414727925256705,0.16876520216464996,0.2124161720275879,0,0,0,0,0.26080766,0.44427335,0.01353728,0.26080766,-0.24727038,-0.43073606,1.3969839e-08,-0.24727038,False,False,False,False,Carbon Engineering logra convertir CO2 en roca en 24 horas
AMA_79,Amarillismo Real (Prensa),1,Amarillista,3,0.09254391491413116,0,0.812025249004364,0.9749187231063843,0.6922746896743774,0.8719004392623901,0.812025249004364,0.6922746896743774,0.8564016859930472,0.11935354024171829,0.16289347410202026,0,0,0,0,0.6782142,0.6922751,0.09254383,0.6782142,-0.5856703,-0.5997312,8.195639e-08,-0.5856703,False,False,False,False,Neuralink ha anunciado una interfaz cerebro-computadora que permite controlar dispositivos electronicos con solo pensamientos
AMA_80,Amarillismo Real (Prensa),1,Amarillista,3,0.07411224395036697,0,0.8071398138999939,0.9334239363670349,0.6349225640296936,0.893248438835144,0.8071398138999939,0.8530728816986084,0.7677361979171144,0.12611675262451172,0.12628412246704102,0,0,0,0,0.23423457,0.63492316,0.074112244,0.23423457,-0.16012233,-0.5608109,0.0,-0.16012233,False,False,False,False,lo que ha despertado interes sobre su posible origen extraterrestre
AMA_81,Amarillismo Real (Prensa),1,Amarillista,2,0.021379031240940094,0,0.4344795048236847,0.6865925192832947,0.1823664903640747,0.4344795048236847,0.4344795048236847,0.6865925192832947,0.2941407332279412,0.25211301445961,0.25211301445961,1,0,1,0,0.18236649,0.021379054,0.021379054,0.18236649,-0.16098747,-2.2351742e-08,-2.2351742e-08,-0.16098747,False,False,False,False,Microsoft predice tendencias laborales con IA
AMA_82,Amarillismo Real (Prensa),1,Amarillista,3,0.16189302504062653,0,0.8479511141777039,0.952255368232727,0.7814472913742065,0.8812029361724854,0.8479511141777039,0.8101505041122437,0.8412509673046615,0.07467935979366302,0.1043042540550232,0,0,0,0,0.5227119,0.7814472,0.16189352,0.5227119,-0.36081886,-0.61955416,-4.917383e-07,-0.36081886,False,False,False,False,prometiendo revolucionar como interactuamos con los medios impresos
AMA_83,Amarillismo Real (Prensa),1,Amarillista,5,0.1307462453842163,0,0.8034719228744507,0.9044325351715088,0.7197253704071045,0.8878350853919983,0.8580819964408875,0.9044325351715088,0.7821105548711581,0.07514794170856476,0.1009606122970581,0,0,0,0,0.77056867,0.65578735,0.66006017,0.79583776,-0.6398224,-0.5250411,-0.5293139,-0.6650915,False,False,False,False,IBM anuncia avance en computacion cuantica
AMA_84,Amarillismo Real (Prensa),1,Amarillista,3,0.04805261641740799,0,0.7279148101806641,0.9645713567733765,0.5345575213432312,0.8245934247970581,0.7279148101806641,0.684615433216095,0.6595570005174053,0.1782023012638092,0.2366565465927124,0,0,0,0,0.14584637,0.53455764,0.04805259,0.14584637,-0.09779375,-0.48650503,2.6077032e-08,-0.09779375,False,False,False,False,prometiendo transformar el diagnostico medico temprano
AMA_85,Amarillismo Real (Prensa),1,Amarillista,3,0.5262091159820557,1,0.7227569222450256,0.9831574559211731,0.2397306114435196,0.9642701148986816,0.7227569222450256,0.9831574559211731,0.6216438184766209,0.34189915657043457,0.26040053367614746,1,1,1,1,0.95539904,0.23973063,0.5262095,0.95539904,-0.42918992,0.2864785,-3.5762787e-07,-0.42918992,False,True,False,False,SpaceX planea mision a Ceres en busca de agua
AMA_86,Amarillismo Real (Prensa),1,Amarillista,3,0.17601029574871063,0,0.5811802744865417,0.771849513053894,0.3244781196117401,0.709531307220459,0.5811802744865417,0.6472131013870239,0.6191124914757973,0.1885126829147339,0.1906692385673523,0,0,0,0,0.5443378,0.32447824,0.17601055,0.5443378,-0.3683275,-0.14846794,-2.5331974e-07,-0.3683275,False,False,False,False,Intel ha lanzado una nueva forma de memoria de computadora que imita la neuroplasticidad del cerebro humano
AMA_87,Amarillismo Real (Prensa),1,Amarillista,3,0.1233772486448288,0,0.8229809403419495,0.9829791188240051,0.5676862001419067,0.9506283402442932,0.8229809403419495,0.9829791188240051,0.8200547584673253,0.18244293332099915,0.15999817848205566,0,0,0,0,0.9144964,0.5676861,0.12337721,0.9144964,-0.79111916,-0.44430882,3.7252903e-08,-0.79111916,False,False,False,False,Amazon patenta drones que plantan arboles
AMA_88,Amarillismo Real (Prensa),1,Amarillista,3,0.13275685906410217,0,0.6346833109855652,0.8648893237113953,0.2338894158601761,0.8350802063941956,0.6346833109855652,0.8052710890769958,0.4625209899671585,0.2844472825527191,0.23020601272583008,0,0,0,0,0.13143443,0.23388962,0.13275683,0.13143443,0.0013224334,-0.101132765,2.9802322e-08,0.0013224334,False,False,False,False,ofreciendo nuevas esperanzas para ciudades mas limpias
AMA_89,Amarillismo Real (Prensa),1,Amarillista,3,0.09309575706720352,0,0.7062994837760925,0.8185580372810364,0.5453940629959106,0.7867521047592163,0.7062994837760925,0.7549461126327515,0.7183794109788659,0.11670337617397308,0.11225855350494385,0,0,0,0,0.76677376,0.5453939,0.093095645,0.76677376,-0.673678,-0.45229813,1.1175871e-07,-0.673678,False,False,False,False,Samsung ha introducido una nueva tecnologia de pantalla que puede reparar automaticamente rasgunos y grietas
AMA_90,Amarillismo Real (Prensa),1,Amarillista,4,0.03696125000715256,0,0.7728570699691772,0.8974234461784363,0.5643263459205627,0.8861647844314575,0.8423673510551453,0.8974234461784363,0.7490270629347083,0.13204441964626312,0.12456637620925903,0,0,0,0,0.8302399,0.4895162,0.5643265,0.9385319,-0.79327863,-0.45255494,-0.52736527,-0.9015706,False,False,False,False,NASA detecta senales de posibles oceanos subterraneos en Encelado
AMA_91,Amarillismo Real (Prensa),1,Amarillista,3,0.07410340756177902,0,0.5079231858253479,0.917521595954895,0.11099527031183243,0.7063871622085571,0.5079231858253479,0.917521595954895,0.36599846220160104,0.32938486337661743,0.4095984101295471,0,0,0,0,0.12294079,0.11099536,0.07410341,0.12294079,-0.048837386,-0.036891952,0.0,-0.048837386,False,False,False,False,Facebook introduce traductor universal en tiempo real
AMA_92,Amarillismo Real (Prensa),1,Amarillista,3,0.01596951112151146,0,0.6665617227554321,0.7875478267669678,0.49467960000038147,0.7525027990341187,0.6665617227554321,0.49467960000038147,0.6746974444614267,0.124861940741539,0.12098610401153564,0,0,0,1,0.071064845,0.49468035,0.015969511,0.071064845,-0.055095334,-0.47871083,0.0,-0.055095334,False,False,False,False,potencialmente revolucionando el mercado de vehiculos electricos
AMA_93,Amarillismo Real (Prensa),1,Amarillista,4,0.06474985182285309,0,0.6953112483024597,0.9576002359390259,0.5254698395729065,0.8274924755096436,0.7519250512123108,0.6973847150802612,0.7375552535057068,0.16323305666446686,0.26228898763656616,0,0,0,0,0.5351803,0.47916204,0.5254697,0.5375482,-0.47043043,-0.4144122,-0.46071988,-0.47279835,False,False,False,False,Cientificos de Johns Hopkins University han desarrollado una vacuna que
AMA_94,Amarillismo Real (Prensa),1,Amarillista,5,0.05899229273200035,0,0.6600197553634644,0.955233097076416,0.4560093879699707,0.8206765651702881,0.7627832293510437,0.955233097076416,0.6485426016475844,0.16762828826904297,0.29521334171295166,0,0,0,0,0.5416877,0.832103,0.6592377,0.24301994,-0.48269543,-0.77311075,-0.6002454,-0.18402764,False,False,False,False,Nokia lanza red 6G experimental
AMA_95,Amarillismo Real (Prensa),1,Amarillista,3,0.10463839769363403,0,0.7106545567512512,0.8871831893920898,0.41433092951774597,0.858816385269165,0.7106545567512512,0.8871831893920898,0.732323492496786,0.210808664560318,0.17652863264083862,0,0,0,0,0.4566721,0.41433075,0.10463826,0.4566721,-0.3520337,-0.30969235,1.3411045e-07,-0.3520337,False,False,False,False,Adobe introduce IA que disena logos
AMA_96,Amarillismo Real (Prensa),1,Amarillista,3,0.9708870649337769,1,0.9659340977668762,0.9780464768409729,0.9571683406829834,0.970317006111145,0.9659340977668762,0.9625874757766724,0.9699584482467338,0.008845867589116096,0.01211237907409668,1,1,1,1,0.9882675,0.95716834,0.97088706,0.9882675,-0.017380416,0.013718724,0.0,-0.017380416,False,False,False,False,Blue Origin ha revelado planes para construir un hotel orbital que estaria listo para recibir a turistas espaciales en 2025
AMA_97,Amarillismo Real (Prensa),1,Amarillista,3,0.2478097677230835,0,0.7671387195587158,0.9540945291519165,0.4117391109466553,0.9448385238647461,0.7671387195587158,0.9540945291519165,0.8076364339512085,0.2514190673828125,0.18695580959320068,0,0,0,0,0.85918474,0.4117391,0.24780941,0.85918474,-0.611375,-0.16392934,3.5762787e-07,-0.611375,False,False,False,False,Sony desarrolla camara que ve a traves de paredes
AMA_98,Amarillismo Real (Prensa),1,Amarillista,3,0.5135348439216614,1,0.6622588038444519,0.8649001717567444,0.4388984143733978,0.7739390134811401,0.6622588038444519,0.8649001717567444,0.6578637483088594,0.17453047633171082,0.20264136791229248,1,1,1,1,0.8770051,0.43889838,0.5135335,0.8770051,-0.36347026,0.07463646,1.3709068e-06,-0.36347026,False,True,False,False,Cambridge descubre bacteria que come plastico
AMA_99,Amarillismo Real (Prensa),1,Amarillista,3,0.046176545321941376,0,0.7306542992591858,0.923579752445221,0.4156552255153656,0.8881539106369019,0.7306542992591858,0.923579752445221,0.7604034362720842,0.22460830211639404,0.19292545318603516,0,0,0,0,0.5400047,0.41565537,0.0461766,0.5400047,-0.49382812,-0.36947882,-5.5879354e-08,-0.49382812,False,False,False,False,Apple patenta tecnologia de realidad aumentada para cirugias
AMA_100,Amarillismo Real (Prensa),1,Amarillista,4,0.08716597408056259,0,0.5932697653770447,0.8345834612846375,0.4935971200466156,0.6891216039657593,0.6264939308166504,0.4935971200466156,0.5685907260049134,0.14062167704105377,0.24131369590759277,0,0,0,1,0.088443026,0.069016635,0.49359727,0.74551725,-0.0012770519,0.018149339,-0.4064313,-0.6583513,False,False,False,False,lo que podria revolucionar la industria energetica
AMA_101,Amarillismo Real (Prensa),1,Amarillista,2,0.011912406422197819,0,0.5649315118789673,0.8967530131340027,0.23311005532741547,0.5649315118789673,0.5649315118789673,0.8967530131340027,0.4126200357177218,0.331821471452713,0.3318215012550354,0,0,0,0,0.23311004,0.011912406,0.011912406,0.23311004,-0.22119763,0.0,0.0,-0.22119763,False,False,False,False,Pfizer anuncia avances en terapia genetica para la diabetes tipo 1
AMA_102,Amarillismo Real (Prensa),1,Amarillista,3,0.22015072405338287,0,0.714123547077179,0.9412220120429993,0.39031463861465454,0.8760280013084412,0.714123547077179,0.8108339905738831,0.8020217650719271,0.23507362604141235,0.2270984649658203,0,0,0,0,0.8165699,0.39031467,0.22014996,0.8165699,-0.5964192,-0.17016394,7.599592e-07,-0.5964192,False,False,False,False,Microsoft ha desarrollado una inteligencia artificial que puede predecir la trayectoria y la intensidad de huracanes con una precision sin precedentes
AMA_103,Amarillismo Real (Prensa),0,No Amarillista,3,0.17984841763973236,0,0.6563291549682617,0.953316867351532,0.3716420531272888,0.7986726760864258,0.6563291549682617,0.953316867351532,0.6432917657736186,0.23762698471546173,0.29698771238327026,0,0,0,0,0.6740817,0.37164178,0.17984825,0.6740817,-0.49423325,-0.19179337,1.6391277e-07,-0.49423325,False,False,False,False,Apple patenta la primera pantalla holografica para smartphones
AMA_104,Amarillismo Real (Prensa),0,No Amarillista,5,0.1273222416639328,0,0.7283266186714172,0.9681698679924011,0.5605837106704712,0.945494532585144,0.831640899181366,0.586126983165741,0.7494484033640914,0.17842881381511688,0.2398432493209839,0,0,0,0,0.77528745,0.70206624,0.37782502,0.8825303,-0.6479652,-0.574744,-0.25050277,-0.755208,False,False,False,False,puede prever desastres naturales con una precision sin precedentes
AMA_105,Amarillismo Real (Prensa),0,No Amarillista,3,0.5406017303466797,1,0.8422551155090332,0.9325845241546631,0.6935256719589233,0.9166197776794434,0.8422551155090332,0.9006550908088684,0.8097487590633906,0.10597233474254608,0.09032940864562988,1,1,1,1,0.2737233,0.69352674,0.5406024,0.2737233,0.26687843,-0.15292501,-6.556511e-07,0.26687843,True,False,False,True,prometiendo una autonomia de conduccion practicamente ilimitada
AMA_106,Amarillismo Real (Prensa),0,No Amarillista,3,0.7722895741462708,1,0.7259707450866699,0.9699899554252625,0.33390042185783386,0.9220058917999268,0.7259707450866699,0.8740218281745911,0.6565817875484012,0.2799902558326721,0.24401921033859253,1,1,1,1,0.18610097,0.33390054,0.7722895,0.18610097,0.5861886,0.43838903,5.9604645e-08,0.5861886,True,True,False,True,abriendo el camino hacia una fuente de energia practicamente inagotable
AMA_107,Amarillismo Real (Prensa),0,No Amarillista,5,0.17221085727214813,0,0.6637039184570312,0.8125892281532288,0.421500563621521,0.8007338047027588,0.7911262512207031,0.8125892281532288,0.6510377812794861,0.1598903238773346,0.1488853096961975,0,0,0,0,0.5984706,0.54802346,0.40790853,0.5893912,-0.42625976,-0.3758126,-0.23569767,-0.4171803,False,False,False,False,Microsoft lanza Quantum OS
AMA_108,Amarillismo Real (Prensa),0,No Amarillista,3,0.06661146134138107,0,0.5563587546348572,0.5709593296051025,0.545840859413147,0.5616177320480347,0.5563587546348572,0.545840859413147,0.5620874520820407,0.010653186589479446,0.014600574970245361,0,0,0,0,0.51947045,0.5458411,0.0666115,0.51947045,-0.45285898,-0.47922963,-3.7252903e-08,-0.45285898,False,False,False,False,Facebook ha lanzado un algoritmo de IA que puede identificar y eliminar noticias falsas de su plataforma con una precision casi perfecta
AMA_109,Amarillismo Real (Prensa),0,No Amarillista,3,0.9588251709938049,1,0.9462885856628418,0.9885150790214539,0.8971247673034668,0.9708704352378845,0.9462885856628418,0.9532257914543152,0.9438030914618418,0.03763102740049362,0.04222649335861206,1,1,1,1,0.84686023,0.89712477,0.9588252,0.84686023,0.11196494,0.061700404,0.0,0.11196494,False,False,False,False,prometiendo vacaciones espaciales para el publico general en la proxima decada
AMA_110,Amarillismo Real (Prensa),0,No Amarillista,3,0.06193111836910248,0,0.5508462190628052,0.689821720123291,0.42288145422935486,0.6148285865783691,0.5508462190628052,0.689821720123291,0.525760723102806,0.10925567895174026,0.13897550106048584,0,0,0,0,0.26761964,0.42288136,0.06193104,0.26761964,-0.20568852,-0.36095023,7.8231096e-08,-0.20568852,False,False,False,False,Intel crea el primer chip capaz de auto-repararse
AMA_111,Amarillismo Real (Prensa),0,No Amarillista,5,0.06802714616060257,0,0.8348938226699829,0.9782720804214478,0.5002318620681763,0.9750499725341797,0.9404458999633789,0.9718279242515564,0.8227972097340084,0.1749010980129242,0.14337825775146484,0,0,0,0,0.9421505,0.8038548,0.74449986,0.98357403,-0.87412333,-0.7358277,-0.6764727,-0.9155469,False,False,False,False,NVIDIA ha lanzado una nueva tecnologia de graficos que
AMA_112,Amarillismo Real (Prensa),0,No Amarillista,4,0.0604713074862957,0,0.7110863327980042,0.9386726021766663,0.5842486619949341,0.807306170463562,0.7533655762672424,0.6759397387504578,0.7052195497921535,0.13548265397548676,0.2275862693786621,0,0,0,0,0.34996384,0.4723995,0.5842489,0.87342376,-0.28949255,-0.4119282,-0.5237776,-0.81295246,False,False,False,False,prometiendo una nueva era en la produccion de peliculas
AMA_113,Amarillismo Real (Prensa),0,No Amarillista,2,0.03268314525485039,0,0.6742507219314575,0.8953558802604675,0.4531455338001251,0.6742507219314575,0.6742507219314575,0.8953558802604675,0.5840036975485938,0.2211051732301712,0.22110515832901,0,0,0,0,0.45314574,0.032683168,0.032683168,0.45314574,-0.4204626,-2.2351742e-08,-2.2351742e-08,-0.4204626,False,False,False,False,Samsung anuncia bateria que dura una semana en smartphones
AMA_114,Amarillismo Real (Prensa),0,No Amarillista,3,0.1647825539112091,0,0.7256447672843933,0.9458276629447937,0.3982841372489929,0.8893250226974487,0.7256447672843933,0.832822322845459,0.5968025598455878,0.2360314279794693,0.2201828956604004,0,0,0,0,0.122377604,0.39828372,0.1647824,0.122377604,0.04240495,-0.23350117,1.4901161e-07,0.04240495,False,False,False,False,prometiendo una revolucion en la energia sostenible
AMA_115,Amarillismo Real (Prensa),0,No Amarillista,2,0.06295640021562576,0,0.9232957363128662,0.9286975264549255,0.9178939461708069,0.9232957363128662,0.9232957363128662,0.9286975264549255,0.9221214341080707,0.005401790142059326,0.005401790142059326,0,0,0,0,0.91789395,0.06295627,0.06295627,0.91789395,-0.85493755,1.2665987e-07,1.2665987e-07,-0.85493755,False,False,False,False,Amazon desarrolla drones capaces de entregar paquetes a cualquier parte del mundo
AMA_116,Amarillismo Real (Prensa),0,No Amarillista,5,0.04238764941692352,0,0.6785738468170166,0.8844484686851501,0.3155134916305542,0.8778430223464966,0.8363191485404968,0.3155134916305542,0.6153585710056088,0.21402563154697418,0.20587462186813354,0,0,0,1,0.5838383,0.34114173,0.31617597,0.71319616,-0.5414506,-0.2987541,-0.27378833,-0.6708085,False,False,False,False,Pfizer ha desarrollado una pildora que
AMA_117,Amarillismo Real (Prensa),0,No Amarillista,3,0.7214369773864746,1,0.8441358208656311,0.9605377912521362,0.7143486738204956,0.909029483795166,0.8441359400749207,0.7143486738204956,0.8687108621305349,0.10095095634460449,0.11640197038650513,1,1,1,1,0.87293595,0.7143483,0.7214367,0.87293595,-0.15149897,0.007088661,2.9802322e-07,-0.15149897,False,False,False,False,Apple ha patentado un teclado holografico que permite a los usuarios escribir en el aire
AMA_118,Amarillismo Real (Prensa),0,No Amarillista,3,0.37777599692344666,0,0.7297424674034119,0.9152824878692627,0.5645965337753296,0.8123154640197754,0.7297425270080566,0.5645965337753296,0.7758181737019465,0.14389139413833618,0.18554002046585083,0,0,0,0,0.75544906,0.56459695,0.37777564,0.75544906,-0.37767306,-0.18682095,3.5762787e-07,-0.37767306,False,False,False,False,Cientificos del MIT han creado un material que puede hacer invisibles los objetos al doblar la luz alrededor de ellos
AMA_119,Amarillismo Real (Prensa),0,No Amarillista,3,0.23108075559139252,0,0.7710167765617371,0.9571315050125122,0.42620107531547546,0.9434245824813843,0.7710167765617371,0.9571315050125122,0.8227342847768251,0.24407821893692017,0.18611472845077515,0,0,0,0,0.6663803,0.426201,0.23108172,0.6663803,-0.43529952,-0.19512023,-9.685755e-07,-0.43529952,False,False,False,False,Tesla lanza pintura que absorbe CO2 para automoviles
AMA_120,Amarillismo Real (Prensa),0,No Amarillista,4,0.046646177768707275,0,0.6192896962165833,0.9287457466125488,0.4315935969352722,0.7609130144119263,0.6818550229072571,0.5930803418159485,0.6158802546560764,0.18762309849262238,0.3094560503959656,0,0,0,0,0.14912105,0.4814978,0.43159384,0.7283072,-0.10247487,-0.43485162,-0.38494766,-0.681661,False,False,False,False,prometiendo una nueva era en la comunicacion entre especies
AMA_121,Amarillismo Real (Prensa),0,No Amarillista,3,0.09805937856435776,0,0.6696553826332092,0.9510257244110107,0.4180887043476105,0.7954387664794922,0.6696553826332092,0.9510257244110107,0.6561090689926332,0.21858887374401093,0.2813703417778015,0,0,0,0,0.68932104,0.41808873,0.098059416,0.68932104,-0.5912617,-0.32002935,-3.7252903e-08,-0.5912617,False,False,False,False,Johnson & Johnson lanza vacuna contra el envejecimiento
AMA_122,Amarillismo Real (Prensa),0,No Amarillista,3,0.6238088011741638,1,0.7436599135398865,0.923271656036377,0.6026169061660767,0.8141814470291138,0.7436599731445312,0.6026169061660767,0.7975715854443794,0.13371743261814117,0.17961174249649048,1,1,1,1,0.90754855,0.6026175,0.6238089,0.90754855,-0.28373975,0.021191299,-1.1920929e-07,-0.28373975,False,False,False,False,Cientificos en Suiza han desarrollado una tecnologia para crear nubes artificiales que pueden regular las temperaturas globales
AMA_123,Amarillismo Real (Prensa),0,No Amarillista,3,0.905417799949646,1,0.8782434463500977,0.9027705192565918,0.8637319803237915,0.8854991793632507,0.8782434463500977,0.8637319803237915,0.8841190780912127,0.017440110445022583,0.02452707290649414,1,1,1,1,0.95715743,0.863732,0.90541786,0.95715743,-0.051739633,0.04168582,-5.9604645e-08,-0.051739633,False,False,False,False,Intel ha anunciado una nueva linea de computadoras de escritorio y laptops que funcionan completamente con energia solar
AMA_124,Amarillismo Real (Prensa),0,No Amarillista,4,0.24119892716407776,0,0.6725154519081116,0.9568938612937927,0.5305352807044983,0.7866590023040771,0.7198421955108643,0.9568938612937927,0.6280550864291063,0.167051300406456,0.28437840938568115,0,0,0,0,0.22831672,0.26679522,0.5305349,0.9372832,0.012882203,-0.02559629,-0.289336,-0.69608426,False,False,False,False,Microsoft inventa un
AMA_125,Amarillismo Real (Prensa),0,No Amarillista,2,0.5893929600715637,1,0.8896008729934692,0.9160274267196655,0.8631742596626282,0.8896008729934692,0.8896008729934692,0.9160274267196655,0.880791982014974,0.026426583528518677,0.02642655372619629,1,1,1,1,0.8631745,0.58939254,0.58939254,0.8631745,-0.27378154,4.172325e-07,4.172325e-07,-0.27378154,False,False,False,False,SpaceX prueba exitosamente propulsor para viajes intergalacticos
AMA_126,Amarillismo Real (Prensa),0,No Amarillista,2,0.1863897144794464,0,0.6640226244926453,0.8045545220375061,0.5234907269477844,0.6640226244926453,0.6640226244926453,0.5234907269477844,0.7339424355863937,0.14053189754486084,0.14053189754486084,0,0,0,0,0.52349097,0.18638958,0.18638958,0.52349097,-0.33710125,1.3411045e-07,1.3411045e-07,-0.33710125,False,False,False,False,Investigadores de la Universidad de California han modificado geneticamente una planta para que produzca un tipo de plastico completamente biodegradable
AMA_127,Amarillismo Real (Prensa),0,No Amarillista,3,0.8937370777130127,1,0.8245411515235901,0.9934897422790527,0.5903989672660828,0.9416123032569885,0.8245411515235901,0.9934897422790527,0.7829963718241418,0.17089608311653137,0.16894859075546265,1,1,1,1,0.97095406,0.59039885,0.8937368,0.97095406,-0.07721698,0.30333823,2.9802322e-07,-0.07721698,False,False,False,False,NVIDIA anuncia chips que imitan la percepcion humana
AMA_128,Amarillismo Real (Prensa),0,No Amarillista,3,0.07081647217273712,0,0.5457825660705566,0.6373199820518494,0.44687357544898987,0.5952370762825012,0.5457825660705566,0.6373199820518494,0.551254643196309,0.07792395353317261,0.09153741598129272,0,0,0,0,0.20837548,0.4468737,0.07081645,0.20837548,-0.13755901,-0.3760572,2.2351742e-08,-0.13755901,False,False,False,False,Cura para la calvicie encontrada en un compuesto de coral
AMA_129,Amarillismo Real (Prensa),0,No Amarillista,3,0.18217213451862335,0,0.7289711833000183,0.9812467694282532,0.5937523245811462,0.7965805530548096,0.7289711833000183,0.6119143962860107,0.6643172687080305,0.17853981256484985,0.25227558612823486,0,0,0,0,0.15386796,0.59375304,0.18217245,0.15386796,0.028304175,-0.41158092,-3.1292439e-07,0.028304175,False,False,False,False,prometiendo revolucionar la vision
AMA_130,Amarillismo Real (Prensa),0,No Amarillista,3,0.08710524439811707,0,0.5868303179740906,0.8416152596473694,0.44488874077796936,0.6578011512756348,0.5868303179740906,0.8416152596473694,0.5483683398193564,0.18055136501789093,0.2547849416732788,0,0,0,0,0.22406632,0.4448885,0.087105304,0.22406632,-0.13696107,-0.35778326,-5.9604645e-08,-0.13696107,False,False,False,False,Apple revela nuevo sistema operativo autoactualizable
AMA_131,Amarillismo Real (Prensa),0,No Amarillista,3,0.5270520448684692,1,0.8075659275054932,0.8966849446296692,0.7596224546432495,0.831537663936615,0.8075659275054932,0.8966849446296692,0.7966218092548314,0.06307720392942429,0.08911901712417603,1,1,1,1,0.8804158,0.75962263,0.5270521,0.8804158,-0.35336375,-0.23257059,-5.9604645e-08,-0.35336375,False,False,False,False,Generador de energia de fusion fria es una realidad
AMA_132,Amarillismo Real (Prensa),0,No Amarillista,3,0.00683268578723073,0,0.34280237555503845,0.6074557304382324,0.1291058361530304,0.4496506154537201,0.34280237555503845,0.6074557304382324,0.30649498290540766,0.19858181476593018,0.26465335488319397,1,0,1,0,0.064292535,0.12910576,0.006832693,0.064292535,-0.05745985,-0.12227307,-6.9849193e-09,-0.05745985,False,False,False,False,Google patenta un asistente de IA para la toma de decisiones personales
AMA_133,Amarillismo Real (Prensa),0,No Amarillista,3,0.056308869272470474,0,0.5125292539596558,0.8213990926742554,0.28520357608795166,0.6261920928955078,0.5125292539596558,0.28520357608795166,0.46613980295523155,0.22636769711971283,0.3088698387145996,0,0,0,1,0.32405972,0.28520378,0.056308843,0.32405972,-0.26775086,-0.22889492,2.6077032e-08,-0.26775086,False,False,False,False,lo que podria revolucionar la computacion cuantica
AMA_134,Amarillismo Real (Prensa),0,No Amarillista,4,0.11614520847797394,0,0.5500165820121765,0.6905136704444885,0.38882166147232056,0.6633700132369995,0.6037482023239136,0.38882166147232056,0.506113795956154,0.11984071880578995,0.140497088432312,0,0,0,1,0.46827883,0.32198155,0.38882148,0.45265102,-0.35213363,-0.20583634,-0.2726763,-0.33650583,False,False,False,False,Este descubrimiento
AMA_135,Amarillismo Real (Prensa),0,No Amarillista,2,0.14539353549480438,0,0.639370322227478,0.6940067410469055,0.5847338438034058,0.639370322227478,0.639370322227478,0.5847338438034058,0.6551129979602361,0.05463644862174988,0.05463641881942749,0,0,0,0,0.58473366,0.1453931,0.1453931,0.58473366,-0.4393401,4.3213367e-07,4.3213367e-07,-0.4393401,False,False,False,False,Este hallazgo abre nuevas posibilidades para la busqueda de vida extraterrestre en el sistema solar del exoplaneta
AMA_136,Amarillismo Real (Prensa),0,No Amarillista,3,0.1700012981891632,0,0.7779448628425598,0.9311158657073975,0.47529056668281555,0.9292719960212708,0.7779448628425598,0.927428126335144,0.7604713927414337,0.2140141874551773,0.15317100286483765,0,0,0,0,0.6300426,0.47529083,0.17000148,0.6300426,-0.4600413,-0.30528954,-1.7881393e-07,-0.4600413,False,False,False,False,potencialmente duplicando la vida util de las baterias de los vehiculos electricos
AMA_137,Amarillismo Real (Prensa),0,No Amarillista,5,0.33012306690216064,0,0.5556251406669617,0.922528088092804,0.3661617934703827,0.7426878809928894,0.6665411591529846,0.922528088092804,0.6272613871776337,0.19637154042720795,0.3669029474258423,0,0,0,0,0.18826689,0.39773053,0.37757728,0.7926212,0.14185618,-0.06760746,-0.047454208,-0.46249813,False,False,False,False,Inteligencia Artificial ahora puede predecir enfermedades cardiacas con un 90% de exactitud
AMA_138,Amarillismo Real (Prensa),0,No Amarillista,3,0.38754215836524963,0,0.6640951633453369,0.9041344523429871,0.44652822613716125,0.7728786468505859,0.6640951633453369,0.9041344523429871,0.6572731834437165,0.1874915510416031,0.24003928899765015,0,0,0,0,0.5029535,0.44652826,0.38754287,0.5029535,-0.11541137,-0.058986098,-7.1525574e-07,-0.11541137,False,False,False,False,Nuevo metodo de enfriamiento sin energia descubierto
AMA_139,Amarillismo Real (Prensa),0,No Amarillista,3,0.5498247146606445,1,0.5443858504295349,0.6389967799186707,0.45749273896217346,0.5878323316574097,0.5443857908248901,0.6389967799186707,0.5543092083517868,0.0742994174361229,0.09461092948913574,1,1,1,1,0.61509204,0.45749316,0.54982424,0.61509204,-0.065267324,0.09233156,4.7683716e-07,-0.065267324,False,True,False,False,Crean tela que genera electricidad a partir del movimiento humano
AMA_140,Amarillismo Real (Prensa),0,No Amarillista,4,0.3029327392578125,0,0.5351331830024719,0.8161539435386658,0.24095061421394348,0.7307512760162354,0.6331940293312073,0.4380796551704407,0.657346295532973,0.21626538038253784,0.28102076053619385,0,0,0,1,0.6550745,0.20171008,0.24095078,0.809715,-0.35214174,0.101222664,0.06198196,-0.50678223,False,False,False,False,podria ayudar a combatir el cambio climatico transformando gases de efecto invernadero en combustibles utiles
AMA_141,Amarillismo Real (Prensa),0,No Amarillista,2,0.01937592774629593,0,0.30431413650512695,0.3989832103252411,0.209645077586174,0.30431413650512695,0.30431413650512695,0.3989832103252411,0.27642408705845906,0.09466906636953354,0.09466907382011414,1,1,1,1,0.20964494,0.019375939,0.019375939,0.20964494,-0.19026902,-1.1175871e-08,-1.1175871e-08,-0.19026902,False,False,False,False,Terapia celular muestra resultados prometedores en la regeneracion de tejido cardiaco
AMA_142,Amarillismo Real (Prensa),0,No Amarillista,2,0.0965353325009346,0,0.5209982991218567,0.8922333717346191,0.14976325631141663,0.5209982991218567,0.5209982991218567,0.8922333717346191,0.33538078516721725,0.37123507261276245,0.37123507261276245,0,0,0,0,0.1497633,0.09653561,0.09653561,0.1497633,-0.05322797,-2.7567148e-07,-2.7567148e-07,-0.05322797,False,False,False,False,Robots autonomos mejoran la eficiencia en la agricultura
AMA_143,Amarillismo Real (Prensa),0,No Amarillista,3,0.024003108963370323,0,0.3081866502761841,0.4946834444999695,0.16533127427101135,0.37961429357528687,0.3081866204738617,0.4946834444999695,0.2674721826886917,0.1379532366991043,0.1864967942237854,1,1,1,1,0.08928075,0.16533129,0.024003021,0.08928075,-0.065277636,-0.14132819,8.754432e-08,-0.065277636,False,False,False,False,Nuevo algoritmo optimiza la gestion de redes electricas
AMA_144,Amarillismo Real (Prensa),0,No Amarillista,4,0.011171508580446243,0,0.5030818581581116,0.8734268546104431,0.12584786117076874,0.7735164761543274,0.6288265585899353,0.8734268546104431,0.5754666629363783,0.28953230381011963,0.37034499645233154,0,0,0,0,0.17700444,0.086142525,0.12584804,0.057709027,-0.16583294,-0.07497102,-0.114676535,-0.04653752,False,False,False,False,Avances en edicion genetica curan rara enfermedad genetica en modelos animales
AMA_145,Amarillismo Real (Prensa),0,No Amarillista,3,0.03391920030117035,0,0.5096645355224609,0.5855092406272888,0.4004727303981781,0.5642604827880859,0.5096645951271057,0.5855092406272888,0.5139953652759651,0.07913554459810257,0.07584470510482788,0,0,0,0,0.5283884,0.40047252,0.033919178,0.5283884,-0.49446917,-0.3665533,2.2351742e-08,-0.49446917,False,False,False,False,Nueva tecnologia de desalinizacion ofrece agua potable a bajo costo
AMA_146,Amarillismo Real (Prensa),0,No Amarillista,2,0.44150489568710327,0,0.7002959251403809,0.9013609886169434,0.49923089146614075,0.7002959251403809,0.7002959251403809,0.49923089146614075,0.7684986217168984,0.2010650485754013,0.2010650634765625,0,0,0,1,0.49923065,0.441504,0.441504,0.49923065,-0.057725757,8.940697e-07,8.940697e-07,-0.057725757,False,False,False,False,Investigadores de la Universidad de California en Berkeley han creado particulas que se unen a metales pesados y los eliminan sin dejar residuos toxicos
AMA_147,Amarillismo Real (Prensa),0,No Amarillista,5,0.22070497274398804,0,0.5462431907653809,0.8155570030212402,0.2670784294605255,0.7941561341285706,0.7138359546661377,0.8155570030212402,0.6521279057786133,0.22442010045051575,0.2693138122558594,0,0,0,0,0.6454121,0.2119117,0.11662901,0.8111487,-0.4247071,0.0087932795,0.10407596,-0.59044373,False,False,False,False,Implante cerebral permite a pacientes con paralisis controlar dispositivos con la mente
AMA_148,Amarillismo Real (Prensa),0,No Amarillista,4,0.43643274903297424,0,0.49555617570877075,0.9533351063728333,0.1751585304737091,0.7216375470161438,0.602355420589447,0.9533351063728333,0.4751580550227054,0.2870582640171051,0.4577789306640625,1,0,0,0,0.100655586,0.11217011,0.17515849,0.86633694,0.33577716,0.32426265,0.26127428,-0.4299042,False,False,False,False,Granja solar flotante rompe records de eficiencia energetica
AMA_149,Amarillismo Real (Prensa),0,No Amarillista,4,0.022632483392953873,0,0.5796060562133789,0.7071398496627808,0.44764915108680725,0.6875014901161194,0.6235917210578918,0.7071398496627808,0.6011644097474905,0.11010783165693283,0.12753379344940186,0,0,0,0,0.12157038,0.36186317,0.44764906,0.41224882,-0.0989379,-0.3392307,-0.42501658,-0.38961634,False,False,False,False,Nuevo robot quirurgico realiza operaciones con precision submilimetrica
AMA_150,Amarillismo Real (Prensa),0,No Amarillista,2,0.2328588217496872,0,0.5586393475532532,0.8783814907073975,0.23889721930027008,0.5586393475532532,0.5586393475532532,0.8783814907073975,0.4391752603453594,0.3197421431541443,0.3197421431541443,0,0,0,0,0.23889703,0.2328589,0.2328589,0.23889703,-0.006038204,-7.4505806e-08,-7.4505806e-08,-0.006038204,False,False,False,False,Telescopio identifica la galaxia mas distante jamas vista
AMA_151,Amarillismo Real (Prensa),0,No Amarillista,2,0.07363180071115494,0,0.5948125123977661,0.8986909985542297,0.2909340560436249,0.5948125123977661,0.5948125123977661,0.8986909985542297,0.5144479729173598,0.30387845635414124,0.3038784861564636,0,0,0,0,0.2909341,0.073631816,0.073631816,0.2909341,-0.2173023,-1.4901161e-08,-1.4901161e-08,-0.2173023,False,False,False,False,Estudio revela que la vacunacion masiva reduce drasticamente las enfermedades infecciosas
AMA_152,Amarillismo Real (Prensa),0,No Amarillista,3,0.014686648733913898,0,0.34390202164649963,0.4611772894859314,0.1958673894405365,0.417919397354126,0.3439020812511444,0.37466147541999817,0.3270855227731309,0.11047455668449402,0.11727526783943176,1,1,1,1,0.055501845,0.19586736,0.014686643,0.055501845,-0.040815197,-0.18118072,5.5879354e-09,-0.040815197,False,False,False,False,abriendo la puerta a nuevas estrategias de prevencion de enfermedades relacionadas con la edad
AMA_153,Amarillismo Real (Prensa),0,No Amarillista,3,0.014907359145581722,0,0.3441711366176605,0.660504162311554,0.16949498653411865,0.43150919675827026,0.3441711366176605,0.20251421630382538,0.2886033937272666,0.22408704459667206,0.31633302569389343,1,0,1,1,0.121034086,0.16949499,0.014907345,0.121034086,-0.106126726,-0.15458763,1.3969839e-08,-0.106126726,False,False,False,False,Desarrollada por cientificos del Instituto Karolinska
AMA_154,Amarillismo Real (Prensa),0,No Amarillista,4,0.13680371642112732,0,0.6636412143707275,0.9094167947769165,0.2952992916107178,0.908832311630249,0.7864218354225159,0.5416010022163391,0.7155002932497524,0.26019591093063354,0.24577558040618896,0,0,0,0,0.39346182,0.20733362,0.295299,0.79546374,-0.2566581,-0.07052991,-0.15849528,-0.65866005,False,False,False,False,huracanes y sequias seran mas frecuentes y severas
AMA_155,Amarillismo Real (Prensa),0,No Amarillista,4,0.023307224735617638,0,0.5383100509643555,0.8259305953979492,0.38953477144241333,0.6624274849891663,0.587901771068573,0.38953477144241333,0.6085792314438593,0.1705162227153778,0.28762054443359375,0,0,0,1,0.34083527,0.33143696,0.38953462,0.55261284,-0.31752804,-0.30812973,-0.3662274,-0.52930564,False,False,False,False,sugiere que una dieta baja en calorias puede alterar el reloj biologico para prolongar la vida
AMA_156,Amarillismo Real (Prensa),0,No Amarillista,3,0.07573572546243668,0,0.4756716787815094,0.817169189453125,0.2583464980125427,0.5843342542648315,0.4756716787815094,0.817169189453125,0.4252063029060953,0.24445146322250366,0.3414975106716156,1,0,0,0,0.11449513,0.2583466,0.075735755,0.11449513,-0.038759403,-0.18261087,-2.9802322e-08,-0.038759403,False,False,False,False,Nueva politica energetica podria reducir la dependencia del carbon
AMA_157,Amarillismo Real (Prensa),0,No Amarillista,2,0.9646944999694824,1,0.861031174659729,0.9651433229446411,0.7569190263748169,0.861031174659729,0.861031174659729,0.7569190263748169,0.9130872488021851,0.10411214828491211,0.10411214828491211,1,1,1,1,0.7569189,0.9646946,0.9646946,0.7569189,0.2077756,-1.1920929e-07,-1.1920929e-07,0.2077756,False,False,False,False,Cientificos de la Universidad Tecnologica de Delft han desarrollado un compuesto que combina metales ligeros con una estructura nanometrica para lograr una resistencia sin precedentes
AMA_158,Amarillismo Real (Prensa),0,No Amarillista,4,0.16947734355926514,0,0.7586420774459839,0.9640343189239502,0.40217331051826477,0.9267204403877258,0.877465009689331,0.9640343189239502,0.776946464440097,0.21608325839042664,0.2053922414779663,0,0,0,0,0.28590488,0.21432842,0.40217352,0.787346,-0.11642754,-0.04485108,-0.23269618,-0.61786866,False,False,False,False,Fosiles recien descubiertos podrian reescribir la historia de la evolucion humana
AMA_159,Amarillismo Real (Prensa),0,No Amarillista,2,0.04922052100300789,0,0.31819772720336914,0.4535200297832489,0.18287540972232819,0.31819772720336914,0.31819772720336914,0.4535200297832489,0.2611837515673662,0.13532231748104095,0.13532230257987976,1,1,1,1,0.18287526,0.04922051,0.04922051,0.18287526,-0.13365474,1.1175871e-08,1.1175871e-08,-0.13365474,False,False,False,False,Identifican como el cerebro procesa los idiomas multiples
AMA_160,Amarillismo Real (Prensa),0,No Amarillista,4,0.23184722661972046,0,0.5570160746574402,0.7157760858535767,0.4283933639526367,0.645806074142456,0.5998902916908264,0.7157760858535767,0.555586985650772,0.10547459870576859,0.15876001119613647,0,0,0,0,0.3611153,0.3447214,0.42839348,0.23129055,-0.12926808,-0.11287418,-0.19654626,0.0005566776,False,False,False,False,Contaminacion del aire vinculada a un aumento en las enfermedades cardiovasculares
AMA_161,Amarillismo Real (Prensa),0,No Amarillista,3,0.03587677329778671,0,0.5361393094062805,0.9016759395599365,0.15789957344532013,0.7252591848373413,0.5361393094062805,0.5488424897193909,0.39927508580987736,0.3037782609462738,0.365536630153656,0,0,0,0,0.16228135,0.1578997,0.03587674,0.16228135,-0.12640458,-0.12202292,3.3527613e-08,-0.12640458,False,False,False,False,Desarrollado en la Universidad Johns Hopkins
AMA_162,Amarillismo Real (Prensa),0,No Amarillista,2,0.027100063860416412,0,0.419160932302475,0.7504346370697021,0.08788721263408661,0.419160932302475,0.419160932302475,0.7504346370697021,0.2883217275893989,0.3312737047672272,0.3312737047672272,1,0,1,0,0.08788723,0.027100103,0.027100103,0.08788723,-0.060787164,-3.9115548e-08,-3.9115548e-08,-0.060787164,False,False,False,False,Avances en LED azules podrian reducir costos de iluminacion mundialmente
AMA_163,Amarillismo Real (Prensa),0,No Amarillista,2,0.1953352391719818,0,0.6085265874862671,0.8446502685546875,0.3724028766155243,0.6085265874862671,0.6085265874862671,0.8446502685546875,0.4815783489455459,0.2361236959695816,0.2361236810684204,0,0,0,0,0.37240243,0.1953353,0.1953353,0.37240243,-0.17706719,-5.9604645e-08,-5.9604645e-08,-0.17706719,False,False,False,False,Hallan evidencias de antiguos rios en Marte
AMA_164,Amarillismo Real (Prensa),0,No Amarillista,4,0.02129499800503254,0,0.5026770234107971,0.9895642995834351,0.29342129826545715,0.7066248059272766,0.5724289417266846,0.9895642995834351,0.4983500495101466,0.28572043776512146,0.48688727617263794,0,0,0,0,0.08843718,0.15750022,0.29342094,0.6664651,-0.06714218,-0.13620523,-0.27212593,-0.6451701,False,False,False,False,Turbina eolica sin aspas promete revolucionar la energia eolica
AMA_165,Amarillismo Real (Prensa),0,No Amarillista,3,0.11373188346624374,0,0.5638932585716248,0.5871618986129761,0.550899088382721,0.5703903436660767,0.5638932585716248,0.550899088382721,0.5621948732605463,0.016490833833813667,0.02326864004135132,0,0,0,0,0.6773123,0.55089957,0.11373182,0.6773123,-0.56358045,-0.43716767,6.7055225e-08,-0.56358045,False,False,False,False,mostrando una capacidad excepcional para eliminar bacterias y virus
AMA_166,Amarillismo Real (Prensa),0,No Amarillista,2,0.04859037324786186,0,0.3891948163509369,0.5288438200950623,0.24954581260681152,0.3891948163509369,0.3891948163509369,0.5288438200950623,0.3211015004757022,0.13964900374412537,0.13964900374412537,1,0,1,0,0.2495455,0.048590332,0.048590332,0.2495455,-0.20095512,4.0978193e-08,4.0978193e-08,-0.20095512,False,False,False,False,Descubren planeta con tres soles en un sistema estelar inusual
AMA_167,Amarillismo Real (Prensa),0,No Amarillista,4,0.036331094801425934,0,0.4520147442817688,0.715378999710083,0.3013903796672821,0.5899503231048584,0.5022228360176086,0.715378999710083,0.48985441459026263,0.16423429548740387,0.2633642554283142,1,0,0,0,0.09699286,0.25516275,0.30139035,0.14345416,-0.060661763,-0.21883166,-0.26505926,-0.10712307,False,False,False,False,Primer tratamiento exitoso de la esclerosis multiple con celulas madre
AMA_168,Amarillismo Real (Prensa),0,No Amarillista,5,0.022829612717032433,0,0.5288652181625366,0.6993085741996765,0.23463794589042664,0.6974034309387207,0.6569458842277527,0.5760307312011719,0.5289320843851465,0.17533652484416962,0.1704433560371399,0,0,0,0,0.1281163,0.07412495,0.065390825,0.7607481,-0.10528668,-0.051295333,-0.04256121,-0.7379185,False,False,False,False,pero que nuevas amenazas emergen rapidamente
AMA_169,Amarillismo Real (Prensa),0,No Amarillista,3,0.24660180509090424,0,0.6406862139701843,0.7225493788719177,0.4853229820728302,0.7183678150177002,0.6406862139701843,0.7141863107681274,0.6007579903344851,0.10991144180297852,0.0818631649017334,0,0,0,0,0.60900944,0.48532295,0.24660191,0.60900944,-0.36240762,-0.23872115,-1.0430813e-07,-0.36240762,False,False,False,False,capaz de generar electricidad incluso en dias nublados
AMA_170,Amarillismo Real (Prensa),0,No Amarillista,4,0.0920826867222786,0,0.6601530313491821,0.9200135469436646,0.5576147437095642,0.7535805702209473,0.6943324208259583,0.5576147437095642,0.7192635039950526,0.1504000574350357,0.2598605155944824,0,0,0,0,0.5945275,0.7639991,0.55761474,0.7952104,-0.5024448,-0.6719164,-0.46553206,-0.70312774,False,False,False,False,ofrece esperanzas de que el agua podria ser extraida facilmente por futuras misiones humanas
AMA_171,Amarillismo Real (Prensa),0,No Amarillista,3,0.02619236707687378,0,0.3509691655635834,0.5673686861991882,0.22198791801929474,0.4154597520828247,0.3509691655635834,0.5673686861991882,0.3062211953360459,0.15395548939704895,0.21639952063560486,1,0,1,0,0.09635169,0.22198781,0.026192375,0.09635169,-0.07015932,-0.19579545,-7.450581e-09,-0.07015932,False,False,False,False,Descubren como las plantas sienten la temperatura
AMA_172,Amarillismo Real (Prensa),1,Amarillista,4,0.9882602691650391,1,0.7702850699424744,0.9667986035346985,0.5463833212852478,0.9660258889198303,0.844918966293335,0.9652531743049622,0.73992209012758,0.19675184786319733,0.19651353359222412,1,1,1,1,0.9791094,0.50032336,0.54638374,0.9891077,0.009150863,0.4879369,0.44187653,-0.00084745884,False,False,False,False,prometiendo una nueva era en la interacción humana-máquina
AMA_173,Amarillismo Real (Prensa),1,Amarillista,3,0.06528913974761963,0,0.73356032371521,0.9686731696128845,0.578097403049469,0.8112918138504028,0.73356032371521,0.6539103984832764,0.7235762445431835,0.1691063642501831,0.23511284589767456,0,0,0,0,0.21039586,0.5780973,0.065289035,0.21039586,-0.14510672,-0.51280814,1.0430813e-07,-0.14510672,False,False,False,False,aumentando las especulaciones sobre la posibilidad de vida fuera de nuestro sistema solar
AMA_174,Amarillismo Real (Prensa),1,Amarillista,5,0.09079348295927048,0,0.5777966976165771,0.7816975116729736,0.3734811246395111,0.7805724740028381,0.6852865815162659,0.7816975116729736,0.6009370801991938,0.17020362615585327,0.20390081405639648,0,0,0,0,0.746563,0.5609862,0.6325038,0.7800593,-0.6557695,-0.47019273,-0.5417103,-0.6892658,False,False,False,False,Google desarrolla inteligencia artificial que predice el futuro
AMA_175,Amarillismo Real (Prensa),1,Amarillista,4,0.9238091111183167,1,0.8993797898292542,0.9698565006256104,0.7360197901725769,0.96022629737854,0.9538331031799316,0.9698565006256104,0.9296270681394113,0.09488508105278015,0.0704767107963562,1,1,1,1,0.992861,0.97412777,0.73602,0.98777115,-0.06905186,-0.05031866,0.18778908,-0.06396204,False,False,False,False,SpaceX planea colonia en Marte en la próxima década
AMA_176,Amarillismo Real (Prensa),1,Amarillista,4,0.4397602677345276,0,0.7698644995689392,0.971627950668335,0.6469194293022156,0.8692192435264587,0.8108461499214172,0.971627950668335,0.7858641043541923,0.12407010793685913,0.20176345109939575,0,0,0,0,0.88127136,0.8692804,0.6469194,0.7206379,-0.4415111,-0.42952013,-0.20715916,-0.28087765,False,False,False,False,IBM revela computadora cuántica capaz de resolver problemas imposibles
AMA_177,Amarillismo Real (Prensa),1,Amarillista,5,0.02269156090915203,0,0.5183886289596558,0.6480822563171387,0.2729169726371765,0.6324875354766846,0.6081036925315857,0.5593360662460327,0.5047597587108612,0.1334293633699417,0.1296936273574829,0,0,0,0,0.09674631,0.16498896,0.26041454,0.14381282,-0.07405475,-0.1422974,-0.23772298,-0.12112126,False,False,False,False,lo que podría significar un cambio radical en la conservación de energía
AMA_178,Amarillismo Real (Prensa),1,Amarillista,6,0.1129075139760971,0,0.5739326477050781,0.920455276966095,0.34929582476615906,0.769355058670044,0.7117345929145813,0.920455276966095,0.551705118856932,0.1880289912223816,0.34652262926101685,0,0,0,0,0.08617556,0.17323978,0.20076415,0.28341398,0.026731953,-0.06033227,-0.087856635,-0.17050646,False,False,False,False,Facebook introduce tecnología para
AMA_179,Amarillismo Real (Prensa),1,Amarillista,3,0.04820771887898445,0,0.49351778626441956,0.8295432329177856,0.2748228907585144,0.6028652191162109,0.49351778626441956,0.8295432329177856,0.4379763873418172,0.24118252098560333,0.3360254466533661,1,0,0,0,0.31421843,0.27482304,0.048207678,0.31421843,-0.2660107,-0.22661532,4.0978193e-08,-0.2660107,False,False,False,False,Intel desarrolla chip que imita el cerebro humano
AMA_180,Amarillismo Real (Prensa),1,Amarillista,3,0.026543714106082916,0,0.791539192199707,0.9528891444206238,0.52476567029953,0.9249259233474731,0.791539192199707,0.9528891444206238,0.7577006936073303,0.1900140643119812,0.16134995222091675,0,0,0,0,0.7733572,0.5247659,0.026543733,0.7733572,-0.7468135,-0.4982222,-1.8626451e-08,-0.7468135,False,False,False,False,Amazon patenta drone que entrega paquetes en minutos
AMA_181,Amarillismo Real (Prensa),1,Amarillista,5,0.03171916306018829,0,0.6452170610427856,0.9120452404022217,0.4658280909061432,0.8722138404846191,0.7577115893363953,0.8323824405670166,0.670651911192858,0.18813665211200714,0.26682817935943604,0,0,0,0,0.056094225,0.1320877,0.43292215,0.61033535,-0.024375062,-0.10036853,-0.40120298,-0.5786162,False,False,False,False,prometiendo una revolución en los tratamientos preventivos
AMA_182,Amarillismo Real (Prensa),1,Amarillista,4,0.03690033033490181,0,0.6253476738929749,0.871526300907135,0.3349831700325012,0.8584225177764893,0.7221358418464661,0.871526300907135,0.6154441766070025,0.2367504984140396,0.24617862701416016,0,0,0,0,0.3569312,0.23824644,0.33498287,0.53844583,-0.32003087,-0.20134611,-0.29808253,-0.5015455,False,False,False,False,Samsung crea pantalla que cura la vista
AMA_183,Amarillismo Real (Prensa),1,Amarillista,3,0.07117299735546112,0,0.6551375985145569,0.8594141006469727,0.3962736427783966,0.7845696210861206,0.6551375985145569,0.7097252011299133,0.7251795323324004,0.19297602772712708,0.20427650213241577,0,0,0,0,0.40442637,0.39627373,0.07117301,0.40442637,-0.33325338,-0.32510072,-1.4901161e-08,-0.33325338,False,False,False,False,Apple ha registrado la patente de un dispositivo que supuestamente puede cargar cualquier aparato electrónico a distancia
AMA_184,Amarillismo Real (Prensa),1,Amarillista,5,0.2671641707420349,0,0.6968375444412231,0.8655620813369751,0.49471497535705566,0.8560365438461304,0.8016313910484314,0.8655620813369751,0.7446779500594182,0.14445891976356506,0.16872453689575195,0,0,0,0,0.83989507,0.6166105,0.56326205,0.85764074,-0.5727309,-0.34944636,-0.29609787,-0.5904766,False,False,False,False,Microsoft lanza IA que puede pasar el Test de Turing
AMA_185,Amarillismo Real (Prensa),1,Amarillista,4,0.09347281605005264,0,0.573564887046814,0.7943065762519836,0.400534987449646,0.712213397026062,0.631241500377655,0.7943065762519836,0.5845866112552062,0.15226323902606964,0.22074168920516968,0,0,0,0,0.9680255,0.76199853,0.40053484,0.9206668,-0.87455267,-0.6685257,-0.30706203,-0.827194,False,False,False,False,Tesla introduce el primer automóvil totalmente autónomo
AMA_186,Amarillismo Real (Prensa),1,Amarillista,3,0.1041032075881958,0,0.712785005569458,0.9612720608711243,0.39666748046875,0.870843768119812,0.712785005569458,0.9612720608711243,0.6530035077170893,0.23540744185447693,0.24848705530166626,0,0,0,0,0.4276083,0.39666778,0.10410324,0.4276083,-0.3235051,-0.29256457,-2.9802322e-08,-0.3235051,False,False,False,False,Johnson & Johnson desarrolla cura para la calvicie
AMA_187,Amarillismo Real (Prensa),1,Amarillista,5,0.05518553778529167,0,0.5941716432571411,0.9403756856918335,0.4666987657546997,0.7608133554458618,0.6758092045783997,0.9403756856918335,0.5954996406506862,0.17769356071949005,0.3462040424346924,0,0,0,0,0.4106001,0.47448394,0.64289796,0.22505587,-0.35541457,-0.4192984,-0.5877124,-0.16987033,False,False,False,False,Sony revela cámara que puede ver a través de paredes
AMA_188,Amarillismo Real (Prensa),1,Amarillista,4,0.07800165563821793,0,0.6696481704711914,0.9106314182281494,0.348006010055542,0.8163199424743652,0.7768622040748596,0.7220085263252258,0.7150858783614042,0.2031434327363968,0.240983247756958,0,0,0,0,0.67398435,0.51533836,0.348006,0.8227856,-0.5959827,-0.4373367,-0.27000436,-0.74478394,False,False,False,False,puede predecir terremotos con una precisión y anticipación nunca antes vistas
AMA_189,Amarillismo Real (Prensa),1,Amarillista,4,0.7253889441490173,1,0.9116854667663574,0.9751145243644714,0.8216652274131775,0.9693715572357178,0.9416921734809875,0.9751145243644714,0.9094089637532758,0.06218458712100983,0.06342905759811401,1,1,1,1,0.9688579,0.9729422,0.82166535,0.9716769,-0.24346894,-0.24755323,-0.0962764,-0.24628794,False,False,False,False,SpaceX anuncia planes para hotel en la Luna
AMA_190,Amarillismo Real (Prensa),1,Amarillista,4,0.1862657070159912,0,0.5526241660118103,0.9344388246536255,0.3974231481552124,0.6886982917785645,0.6043578386306763,0.9344388246536255,0.5239094025591045,0.2211182713508606,0.3818146586418152,0,0,0,0,0.6300265,0.66270924,0.39742315,0.90114623,-0.4437608,-0.47644353,-0.21115744,-0.7148805,False,False,False,False,IBM lanza supercomputadora con emociones
AMA_191,Amarillismo Real (Prensa),1,Amarillista,3,0.0074363755993545055,0,0.3939186632633209,0.5940175652503967,0.29177892208099365,0.44498854875564575,0.3939186632633209,0.5940175652503967,0.3682246276310512,0.14150157570838928,0.2000989019870758,1,0,1,0,0.03723355,0.29177943,0.0074363756,0.03723355,-0.029797174,-0.28434306,0.0,-0.029797174,False,False,False,False,BioNTech desarrolla vacuna ajustable con una aplicación móvil
AMA_192,Amarillismo Real (Prensa),1,Amarillista,5,0.18620584905147552,0,0.6809560060501099,0.9228034019470215,0.3353182077407837,0.8692165613174438,0.824122965335846,0.7339358329772949,0.6162728206806273,0.20294462144374847,0.24184739589691162,0,0,0,0,0.29766852,0.23914947,0.24157582,0.9453429,-0.11146267,-0.052943617,-0.055369973,-0.75913703,False,False,False,False,prometiendo independencia digital total
AMA_193,Amarillismo Real (Prensa),1,Amarillista,4,0.09680245071649551,0,0.6475610136985779,0.984808087348938,0.29562410712242126,0.9751846790313721,0.7648733258247375,0.9655612707138062,0.6166026129651425,0.32814499735832214,0.3372470736503601,0,0,0,0,0.4627842,0.24371089,0.29562446,0.82150316,-0.36598176,-0.14690843,-0.19882202,-0.7247007,False,False,False,False,NVIDIA ha creado una inteligencia artificial que
AMA_194,Amarillismo Real (Prensa),1,Amarillista,3,0.05237134173512459,0,0.7614012360572815,0.9498308897018433,0.4175044894218445,0.9333496689796448,0.7614012360572815,0.9498308897018433,0.7849572527089289,0.243543803691864,0.18842965364456177,0,0,0,0,0.6747493,0.41750455,0.052371304,0.6747493,-0.622378,-0.3651332,3.7252903e-08,-0.622378,False,False,False,False,Amazon lanza drone que entrega paquetes en cualquier clima
AMA_195,Amarillismo Real (Prensa),1,Amarillista,3,0.86800616979599,1,0.7065076231956482,0.9869892001152039,0.37822648882865906,0.870648205280304,0.7065076231956482,0.9869892001152039,0.7304767384233638,0.25081416964530945,0.28048157691955566,1,1,1,1,0.20258637,0.3782261,0.86800647,0.20258637,0.6654198,0.48978007,-2.9802322e-07,0.6654198,True,True,False,True,Robots de Boston Dynamics ahora pueden autorepararse
AMA_196,Amarillismo Real (Prensa),1,Amarillista,3,0.009485848248004913,0,0.5932886004447937,0.8443461060523987,0.27976134419441223,0.7500522136688232,0.5932886004447937,0.8443461060523987,0.5603624117083665,0.23468537628650665,0.251057505607605,0,0,0,0,0.32214376,0.2797612,0.009485838,0.32214376,-0.31265792,-0.27027535,1.0244548e-08,-0.31265792,False,False,False,False,Samsung patenta teléfono que se carga con energía solar
AMA_197,Amarillismo Real (Prensa),1,Amarillista,4,0.01146299671381712,0,0.4935415983200073,0.7174426913261414,0.4115847945213318,0.572708010673523,0.520860493183136,0.7174426913261414,0.5062061872944903,0.12940354645252228,0.22390109300613403,1,0,0,0,0.16892172,0.15072793,0.41158512,0.22242811,-0.15745872,-0.13926493,-0.40012214,-0.21096511,False,False,False,False,Facebook desarrolla algoritmo que detecta noticias falsas con 99% de precisión
AMA_198,Amarillismo Real (Prensa),1,Amarillista,4,0.0418720617890358,0,0.727558434009552,0.8814409971237183,0.48828184604644775,0.8739346265792847,0.8073172569274902,0.8664281964302063,0.7084181321647777,0.1605285108089447,0.15388256311416626,0,0,0,0,0.6014631,0.49494296,0.48828188,0.74673927,-0.559591,-0.4530709,-0.44640982,-0.7048672,False,False,False,False,SpaceX ha descubierto un material que
AMA_199,Amarillismo Real (Prensa),1,Amarillista,3,0.014200281351804733,0,0.35899320244789124,0.6830719709396362,0.12391526252031326,0.4765321612358093,0.35899320244789124,0.2699923515319824,0.29894004586654216,0.23679094016551971,0.324078768491745,1,0,1,1,0.04972353,0.123915076,0.014200314,0.04972353,-0.035523247,-0.10971479,-3.259629e-08,-0.035523247,False,False,False,False,abriendo la puerta a una vida más larga y saludable
AMA_200,Amarillismo Real (Prensa),1,Amarillista,3,0.009902279824018478,0,0.3881276547908783,0.6237979531288147,0.21537107229232788,0.4745059013366699,0.3881276547908783,0.6237979531288147,0.35964760639782034,0.17257219552993774,0.2356702983379364,1,0,1,0,0.1681033,0.21537133,0.009902298,0.1681033,-0.15820101,-0.20546904,-1.8626451e-08,-0.15820101,False,False,False,False,Apple introduce realidad aumentada en cada dispositivo
AMA_201,Amarillismo Real (Prensa),1,Amarillista,5,0.8540423512458801,1,0.6674525141716003,0.8156295418739319,0.5658455491065979,0.7593583464622498,0.7344370484352112,0.6845945119857788,0.6466265318241525,0.09350274503231049,0.14817702770233154,1,1,1,1,0.94610983,0.9314942,0.96284884,0.18993607,-0.09206748,-0.077451825,-0.10880649,0.66410625,False,False,False,True,según dicen
IA_0,IA Sintético (70 reg.),1,Sensacionalista,3,0.9957996010780334,1,0.9824002385139465,0.9911710619926453,0.9705857038497925,0.988307535648346,0.9824002385139465,0.9705857038497925,0.9861493713400337,0.008675158023834229,0.00877082347869873,1,1,1,1,0.9940964,0.9705857,0.9957996,0.9940964,0.0017032027,0.025213897,0.0,0.0017032027,False,False,False,False,La nueva inteligencia artificial que destruirá millones de empleos mañana mismo
IA_1,IA Sintético (70 reg.),0,No sensacionalista,2,0.04105190187692642,0,0.3764130473136902,0.6709738969802856,0.08185221999883652,0.3764130473136902,0.3764130473136902,0.6709738969802856,0.4189607351604435,0.29456084966659546,0.29456084966659546,1,0,1,0,0.08185238,0.041051965,0.041051965,0.08185238,-0.040800475,-6.3329935e-08,-6.3329935e-08,-0.040800475,False,False,False,False,Empresa de tecnología anuncia un nuevo modelo de lenguaje que podría automatizar tareas administrativas
IA_2,IA Sintético (70 reg.),1,Sensacionalista,2,0.978682279586792,1,0.9490178823471069,0.9607232809066772,0.9373125433921814,0.9490178823471069,0.9490178823471069,0.9373125433921814,0.9559347209605303,0.011705368757247925,0.011705398559570312,1,1,1,1,0.93731254,0.9786824,0.9786824,0.93731254,0.041369736,-1.1920929e-07,-1.1920929e-07,0.041369736,False,False,False,False,Descubre cómo la cámara secreta graba todas tus conversaciones y las envía a los gobiernos sin tu permiso
IA_3,IA Sintético (70 reg.),0,No sensacionalista,1,0.022798458114266396,0,0.022798428311944008,0.022798428311944008,0.022798428311944008,0.022798428311944008,0.022798428311944008,0.022798428311944008,0.022798428311944008,0.0,0.0,1,1,1,1,0.022798428,0.022798428,0.022798428,0.022798428,2.9802322e-08,2.9802322e-08,2.9802322e-08,2.9802322e-08,False,False,False,False,Especialistas en ciberseguridad recomiendan revisar los permisos de las aplicaciones móviles para proteger los datos personales de los usuarios.
IA_4,IA Sintético (70 reg.),1,Sensacionalista,2,0.993192732334137,1,0.9694308042526245,0.9892944097518921,0.9495672583580017,0.9694308042526245,0.9694308042526245,0.9892944097518921,0.9547350178889142,0.01986357569694519,0.019863605499267578,1,1,1,1,0.94956726,0.99319273,0.99319273,0.94956726,0.043625474,0.0,0.0,0.043625474,False,False,False,False,Escándalo brutal
IA_5,IA Sintético (70 reg.),0,No sensacionalista,1,0.03158249333500862,0,0.031582482159137726,0.031582482159137726,0.031582482159137726,0.031582482159137726,0.031582482159137726,0.031582482159137726,0.031582482159137726,0.0,0.0,1,1,1,1,0.03158251,0.03158251,0.03158251,0.03158251,-1.4901161e-08,-1.4901161e-08,-1.4901161e-08,-1.4901161e-08,False,False,False,False,La comisión parlamentaria citó al funcionario público para responder sobre presuntas irregularidades en el presupuesto de infraestructura.
IA_6,IA Sintético (70 reg.),1,Sensacionalista,2,0.9921860694885254,1,0.9887807369232178,0.9890376925468445,0.9885237812995911,0.9887807369232178,0.9887807369232178,0.9885237812995911,0.9889855566232101,0.000256955623626709,0.000256955623626709,1,1,1,1,0.9885238,0.99218607,0.99218607,0.9885238,0.0036622882,0.0,0.0,0.0036622882,False,False,False,False,El gobierno planea confiscar todos los depósitos bancarios de los ciudadanos para pagar una deuda secreta este fin de semana
IA_7,IA Sintético (70 reg.),0,No sensacionalista,1,0.028225088492035866,0,0.028225131332874298,0.028225131332874298,0.028225131332874298,0.028225131332874298,0.028225131332874298,0.028225131332874298,0.028225131332874298,0.0,0.0,1,1,1,1,0.028225092,0.028225092,0.028225092,0.028225092,-3.7252903e-09,-3.7252903e-09,-3.7252903e-09,-3.7252903e-09,False,False,False,False,El Banco Central emitió un comunicado oficial asegurando la estabilidad del sistema financiero tras las fluctuaciones del mercado internacional.
IA_8,IA Sintético (70 reg.),1,Sensacionalista,2,0.9919405579566956,1,0.9719852209091187,0.9895337224006653,0.9544366598129272,0.9719852209091187,0.9719852209091187,0.9544366598129272,0.9833763429993078,0.01754853129386902,0.01754850149154663,1,1,1,1,0.9544368,0.99194056,0.99194056,0.9544368,0.03750378,0.0,0.0,0.03750378,False,False,False,False,La falla tectónica que partirá al país en dos y hundirá ciudades enteras en las próximas horas
IA_9,IA Sintético (70 reg.),0,No sensacionalista,1,0.028082940727472305,0,0.02808288298547268,0.02808288298547268,0.02808288298547268,0.02808288298547268,0.02808288298547268,0.02808288298547268,0.02808288298547268,0.0,0.0,1,1,1,1,0.028082922,0.028082922,0.028082922,0.028082922,1.8626451e-08,1.8626451e-08,1.8626451e-08,1.8626451e-08,False,False,False,False,El instituto geofísico monitorea la actividad sísmica en la región andina tras registrarse un temblor de magnitud moderada sin daños reportados.
IA_10,IA Sintético (70 reg.),1,Sensacionalista,2,0.9844052195549011,1,0.8295977115631104,0.990298330783844,0.6688971519470215,0.8295977115631104,0.8295977115631104,0.6688971519470215,0.9367314676443735,0.16070058941841125,0.16070061922073364,1,1,1,1,0.6688973,0.9844052,0.9844052,0.6688973,0.31550795,0.0,0.0,0.31550795,False,False,False,False,Las marcas de moda más famosas usan ácidos mortales que están quemando la piel de millones
IA_11,IA Sintético (70 reg.),0,No sensacionalista,1,0.05591793730854988,0,0.05591781809926033,0.05591781809926033,0.05591781809926033,0.05591781809926033,0.05591781809926033,0.05591781809926033,0.05591781809926033,0.0,0.0,1,1,1,1,0.05591779,0.05591779,0.05591779,0.05591779,1.4901161e-07,1.4901161e-07,1.4901161e-07,1.4901161e-07,False,False,False,False,Diseñador local presentó su nueva colección de invierno destacando el uso de materiales reciclados y sostenibles.
IA_12,IA Sintético (70 reg.),1,Sensacionalista,2,0.993107259273529,1,0.972459077835083,0.9829418063163757,0.9619763493537903,0.972459077835083,0.972459077835083,0.9829418063163757,0.9654133095115912,0.010482728481292725,0.010482728481292725,1,1,1,1,0.96197623,0.99310726,0.99310726,0.96197623,0.03113103,0.0,0.0,0.03113103,False,False,False,False,Ola de calor asesina
IA_13,IA Sintético (70 reg.),0,No sensacionalista,1,0.08357313275337219,0,0.08357313275337219,0.08357313275337219,0.08357313275337219,0.08357313275337219,0.08357313275337219,0.08357313275337219,0.08357313275337219,0.0,0.0,1,1,1,1,0.083573096,0.083573096,0.083573096,0.083573096,3.7252903e-08,3.7252903e-08,3.7252903e-08,3.7252903e-08,False,False,False,False,Las autoridades declararon alerta amarilla ante el aumento gradual de las temperaturas en la región central del país.
IA_14,IA Sintético (70 reg.),1,Sensacionalista,2,0.9838093519210815,1,0.7743676900863647,0.986535370349884,0.5622000694274902,0.7743676900863647,0.7743676900863647,0.5622000694274902,0.9120337526306851,0.2121676504611969,0.2121676802635193,1,1,1,1,0.5622002,0.9838095,0.9838095,0.5622002,0.42160916,-1.1920929e-07,-1.1920929e-07,0.42160916,False,False,False,False,Estudiantes descubren que sus diplomas son totalmente falsos tras años de pagar fortunas a mafias académicas
IA_15,IA Sintético (70 reg.),0,No sensacionalista,1,0.4690243899822235,0,0.46902406215667725,0.46902406215667725,0.46902406215667725,0.46902406215667725,0.46902406215667725,0.46902406215667725,0.46902406215667725,0.0,0.0,1,1,1,1,0.46902406,0.46902406,0.46902406,0.46902406,3.2782555e-07,3.2782555e-07,3.2782555e-07,3.2782555e-07,False,False,False,False,Universidad pública inaugura un nuevo centro de investigación tecnológica con fondos otorgados por organismos internacionales.
IA_16,IA Sintético (70 reg.),1,Sensacionalista,2,0.9789799451828003,1,0.9446447491645813,0.9777864813804626,0.9115030169487,0.9446447491645813,0.9446447491645813,0.9115030169487,0.9613572466067779,0.03314173221588135,0.03314173221588135,1,1,1,1,0.91150314,0.97898006,0.97898006,0.91150314,0.06747681,-1.1920929e-07,-1.1920929e-07,0.06747681,False,False,False,False,Fallas eléctricas inminentes amenazan con electrocutar a miles de pasajeros en hora pico
IA_17,IA Sintético (70 reg.),0,No sensacionalista,1,0.02274220436811447,0,0.022742215543985367,0.022742215543985367,0.022742215543985367,0.022742215543985367,0.022742215543985367,0.022742215543985367,0.022742215543985367,0.0,0.0,1,1,1,1,0.022742188,0.022742188,0.022742188,0.022742188,1.6763806e-08,1.6763806e-08,1.6763806e-08,1.6763806e-08,False,False,False,False,La línea de metro suspenderá su servicio en tres estaciones durante el fin de semana por mantenimiento preventivo en las vías.
IA_18,IA Sintético (70 reg.),1,Sensacionalista,2,0.9956561326980591,1,0.9717745184898376,0.9938098788261414,0.9497391581535339,0.9717745184898376,0.9717745184898376,0.9497391581535339,0.9853629906972249,0.02203536033630371,0.02203536033630371,1,1,1,1,0.9497393,0.99565613,0.99565613,0.9497393,0.045916855,0.0,0.0,0.045916855,False,False,False,False,Golpea salvajemente a un presentador y amenaza con incendiar el estudio de grabación por completo
IA_19,IA Sintético (70 reg.),0,No sensacionalista,1,0.016545020043849945,0,0.01654503494501114,0.01654503494501114,0.01654503494501114,0.01654503494501114,0.01654503494501114,0.01654503494501114,0.01654503494501114,0.0,0.0,1,1,1,1,0.016545026,0.016545026,0.016545026,0.016545026,-5.5879354e-09,-5.5879354e-09,-5.5879354e-09,-5.5879354e-09,False,False,False,False,La ceremonia de premios a la televisión concluyó con un homenaje a la trayectoria del reconocido director de cine independiente.
IA_20,IA Sintético (70 reg.),1,Sensacionalista,2,0.9869346618652344,1,0.9712680578231812,0.9807978272438049,0.9617383480072021,0.9712680578231812,0.9712680578231812,0.9807978272438049,0.9642796119054159,0.009529739618301392,0.00952976942062378,1,1,1,1,0.96173835,0.98693466,0.98693466,0.96173835,0.025196314,0.0,0.0,0.025196314,False,False,False,False,Gatos diabólicos
IA_21,IA Sintético (70 reg.),0,No sensacionalista,1,0.04501260071992874,0,0.04501260071992874,0.04501260071992874,0.04501260071992874,0.04501260071992874,0.04501260071992874,0.04501260071992874,0.04501260071992874,0.0,0.0,1,1,1,1,0.0450126,0.0450126,0.0450126,0.0450126,0.0,0.0,0.0,0.0,False,False,False,False,Veterinarios advierten sobre la importancia de desparasitar a las mascotas regularmente para prevenir enfermedades comunes.
IA_22,IA Sintético (70 reg.),1,Sensacionalista,2,0.9944196343421936,1,0.9706497192382812,0.9904340505599976,0.9508654475212097,0.9706497192382812,0.9706497192382812,0.9508654475212097,0.9830350434877039,0.01978430151939392,0.01978433132171631,1,1,1,1,0.95086545,0.99441963,0.99441963,0.95086545,0.043554187,0.0,0.0,0.043554187,False,False,False,False,Propietarios sin escrúpulos expulsan a ancianos a la calle para cobrar el triple a extranjeros ricos
IA_23,IA Sintético (70 reg.),0,No sensacionalista,1,0.04544735699892044,0,0.04544733464717865,0.04544733464717865,0.04544733464717865,0.04544733464717865,0.04544733464717865,0.04544733464717865,0.04544733464717865,0.0,0.0,1,1,1,1,0.045447234,0.045447234,0.045447234,0.045447234,1.2293458e-07,1.2293458e-07,1.2293458e-07,1.2293458e-07,False,False,False,False,Nuevo proyecto de ley busca regular los precios de alquiler en zonas céntricas para facilitar el acceso a la vivienda.
IA_24,IA Sintético (70 reg.),1,Sensacionalista,2,0.995162844657898,1,0.9756136536598206,0.9933278560638428,0.9578994512557983,0.9756136536598206,0.9756136536598206,0.9578994512557983,0.9883986866992452,0.017714202404022217,0.017714202404022217,1,1,1,1,0.95789945,0.99516284,0.99516284,0.95789945,0.037263393,0.0,0.0,0.037263393,False,False,False,False,El labial de moda que contiene plomo puro y está envenenando silenciosamente a las jóvenes del país
IA_25,IA Sintético (70 reg.),0,No sensacionalista,1,0.11668344587087631,0,0.11668338626623154,0.11668338626623154,0.11668338626623154,0.11668338626623154,0.11668338626623154,0.11668338626623154,0.11668338626623154,0.0,0.0,1,1,1,1,0.11668323,0.11668323,0.11668323,0.11668323,2.1606684e-07,2.1606684e-07,2.1606684e-07,2.1606684e-07,False,False,False,False,Empresa de cosméticos retiró voluntariamente un lote de sus productos tras detectar leves inconsistencias en el empaquetado.
IA_26,IA Sintético (70 reg.),1,Sensacionalista,3,0.9902571439743042,1,0.9590453505516052,0.9858842492103577,0.9098710417747498,0.9836324453353882,0.9590453505516052,0.9813806414604187,0.9722373313822988,0.034820035099983215,0.02683889865875244,1,1,1,1,0.9882853,0.9098712,0.99025714,0.9882853,0.0019718409,0.08038592,0.0,0.0019718409,False,False,False,False,Vientos destructores borrarán la costa del mapa en menos de veinticuatro horas
IA_27,IA Sintético (70 reg.),0,No sensacionalista,1,0.026794523000717163,0,0.026794523000717163,0.026794523000717163,0.026794523000717163,0.026794523000717163,0.026794523000717163,0.026794523000717163,0.026794523000717163,0.0,0.0,1,1,1,1,0.026794538,0.026794538,0.026794538,0.026794538,-1.4901161e-08,-1.4901161e-08,-1.4901161e-08,-1.4901161e-08,False,False,False,False,Protección civil recomienda asegurar puertas y ventanas ante la posible llegada de ráfagas de viento a la zona costera.
IA_28,IA Sintético (70 reg.),1,Sensacionalista,2,0.985034704208374,1,0.9350583553314209,0.9676399230957031,0.9024768471717834,0.9350583553314209,0.9350583553314209,0.9024768471717834,0.9559439863914099,0.03258153796195984,0.03258156776428223,1,1,1,1,0.9024767,0.9850347,0.9850347,0.9024767,0.082557976,0.0,0.0,0.082557976,False,False,False,False,La red secreta de maestros que vigila a los alumnos por cámaras ocultas en los baños del colegio
IA_29,IA Sintético (70 reg.),0,No sensacionalista,1,0.012652690522372723,0,0.012652684934437275,0.012652684934437275,0.012652684934437275,0.012652684934437275,0.012652684934437275,0.012652684934437275,0.012652684934437275,0.0,0.0,1,1,1,1,0.012652673,0.012652673,0.012652673,0.012652673,1.7695129e-08,1.7695129e-08,1.7695129e-08,1.7695129e-08,False,False,False,False,Sindicato de maestros llegó a un acuerdo salarial con el gobierno local tras dos semanas de negociaciones formales.
IA_30,IA Sintético (70 reg.),1,Sensacionalista,2,0.9946235418319702,1,0.9735803008079529,0.9933152794837952,0.9538453221321106,0.9735803008079529,0.9735803008079529,0.9538453221321106,0.9877211123000919,0.019734978675842285,0.019734978675842285,1,1,1,1,0.95384544,0.99462354,0.99462354,0.95384544,0.0407781,0.0,0.0,0.0407781,False,False,False,False,Conductores psicópatas están secuestrando pasajeros a plena luz del día bajo la mirada cómplice de la policía
IA_31,IA Sintético (70 reg.),0,No sensacionalista,1,0.12451530992984772,0,0.1245153397321701,0.1245153397321701,0.1245153397321701,0.1245153397321701,0.1245153397321701,0.1245153397321701,0.1245153397321701,0.0,0.0,1,1,1,1,0.12451527,0.12451527,0.12451527,0.12451527,3.7252903e-08,3.7252903e-08,3.7252903e-08,3.7252903e-08,False,False,False,False,Plataforma de movilidad compartida ajustará sus tarifas en un cinco por ciento a partir del inicio del próximo mes.
IA_32,IA Sintético (70 reg.),1,Sensacionalista,2,0.9939203262329102,1,0.9830119609832764,0.9899683594703674,0.9760555624961853,0.9830119609832764,0.9830119609832764,0.9760555624961853,0.9858763603603139,0.0069563984870910645,0.0069563984870910645,1,1,1,1,0.97605556,0.9939203,0.9939203,0.97605556,0.017864764,0.0,0.0,0.017864764,False,False,False,False,Fotos exclusivas lo muestran consumiendo sustancias letales en un antro de perdición
IA_33,IA Sintético (70 reg.),0,No sensacionalista,1,0.06244830787181854,0,0.06244821846485138,0.06244821846485138,0.06244821846485138,0.06244821846485138,0.06244821846485138,0.06244821846485138,0.06244821846485138,0.0,0.0,1,1,1,1,0.062448245,0.062448245,0.062448245,0.062448245,6.3329935e-08,6.3329935e-08,6.3329935e-08,6.3329935e-08,False,False,False,False,La banda de rock confirmó las fechas de su próxima gira latinoamericana que iniciará a principios del año entrante.
IA_34,IA Sintético (70 reg.),1,Sensacionalista,2,0.9883411526679993,1,0.8963319063186646,0.9890895485877991,0.80357426404953,0.8963319063186646,0.8963319063186646,0.80357426404953,0.9435539787465875,0.09275764226913452,0.09275764226913452,1,1,1,1,0.80357397,0.98834115,0.98834115,0.80357397,0.18476719,0.0,0.0,0.18476719,False,False,False,False,Palomas mutantes están esparciendo un virus carnívoro desde los techos de la ciudad
IA_35,IA Sintético (70 reg.),0,No sensacionalista,1,0.03386922553181648,0,0.03386922553181648,0.03386922553181648,0.03386922553181648,0.03386922553181648,0.03386922553181648,0.03386922553181648,0.03386922553181648,0.0,0.0,1,1,1,1,0.03386924,0.03386924,0.03386924,0.03386924,-1.4901161e-08,-1.4901161e-08,-1.4901161e-08,-1.4901161e-08,False,False,False,False,El zoológico municipal anunció el nacimiento de tres crías de flamenco como parte de su programa de conservación.
IA_36,IA Sintético (70 reg.),1,Sensacionalista,2,0.9938449859619141,1,0.9530735015869141,0.9786245226860046,0.9275224804878235,0.9530735015869141,0.9530735015869141,0.9275224804878235,0.9667300818295315,0.025551021099090576,0.025551021099090576,1,1,1,1,0.9275227,0.993845,0.993845,0.9275227,0.06632227,0.0,0.0,0.06632227,False,False,False,False,Los precios de los apartamentos caerán a cero y perderás todos los ahorros de tu vida hoy
IA_37,IA Sintético (70 reg.),0,No sensacionalista,1,0.008537845686078072,0,0.008537850342690945,0.008537850342690945,0.008537850342690945,0.008537850342690945,0.008537850342690945,0.008537850342690945,0.008537850342690945,0.0,0.0,1,1,1,1,0.008537854,0.008537854,0.008537854,0.008537854,-8.381903e-09,-8.381903e-09,-8.381903e-09,-8.381903e-09,False,False,False,False,Expertos en economía sugieren que el mercado de oficinas tardará varios años en recuperar los niveles de ocupación previos a la crisis.
IA_38,IA Sintético (70 reg.),1,Sensacionalista,2,0.9942153096199036,1,0.9725686311721802,0.9922208189964294,0.9529164433479309,0.9725686311721802,0.9725686311721802,0.9529164433479309,0.9858921483411627,0.019652187824249268,0.019652187824249268,1,1,1,1,0.9529163,0.9942153,0.9942153,0.9529163,0.041298985,0.0,0.0,0.041298985,False,False,False,False,Deportivas de marca famosa están deformando los pies de los atletas causando amputaciones terribles
IA_39,IA Sintético (70 reg.),0,No sensacionalista,1,0.04111597687005997,0,0.041116029024124146,0.041116029024124146,0.041116029024124146,0.041116029024124146,0.041116029024124146,0.041116029024124146,0.041116029024124146,0.0,0.0,1,1,1,1,0.04111603,0.04111603,0.04111603,0.04111603,-5.2154064e-08,-5.2154064e-08,-5.2154064e-08,-5.2154064e-08,False,False,False,False,Feria textil congrega a cientos de empresarios del sector para discutir las nuevas tendencias en exportación de prendas.
IA_40,IA Sintético (70 reg.),1,Sensacionalista,2,0.995315670967102,1,0.9885463714599609,0.9928152561187744,0.9842774868011475,0.9885463714599609,0.9885463714599609,0.9842774868011475,0.9916239394698032,0.0042688846588134766,0.0042688846588134766,1,1,1,1,0.9842775,0.9953157,0.9953157,0.9842775,0.011038184,0.0,0.0,0.011038184,False,False,False,False,Represas a punto de reventar ahogarán a pueblos enteros mientras los políticos escapan en helicópteros privados
IA_41,IA Sintético (70 reg.),0,No sensacionalista,1,0.013222772628068924,0,0.013222772628068924,0.013222772628068924,0.013222772628068924,0.013222772628068924,0.013222772628068924,0.013222772628068924,0.013222772628068924,0.0,0.0,1,1,1,1,0.013222785,0.013222785,0.013222785,0.013222785,-1.21071935e-08,-1.21071935e-08,-1.21071935e-08,-1.21071935e-08,False,False,False,False,El nivel de los embalses se encuentra en un promedio estable tras las precipitaciones registradas durante el último mes.
IA_42,IA Sintético (70 reg.),1,Sensacionalista,2,0.9916337728500366,1,0.9407782554626465,0.9513888955116272,0.930167555809021,0.9407782554626465,0.9407782554626465,0.930167555809021,0.947144627571106,0.0106106698513031,0.010610640048980713,1,1,1,1,0.93016756,0.9916338,0.9916338,0.93016756,0.061466217,0.0,0.0,0.061466217,False,False,False,False,Libros de texto incluyen mensajes subliminales para que los niños odien a sus propios padres
IA_43,IA Sintético (70 reg.),0,No sensacionalista,1,0.016886327415704727,0,0.016886327415704727,0.016886327415704727,0.016886327415704727,0.016886327415704727,0.016886327415704727,0.016886327415704727,0.016886327415704727,0.0,0.0,1,1,1,1,0.016886346,0.016886346,0.016886346,0.016886346,-1.8626451e-08,-1.8626451e-08,-1.8626451e-08,-1.8626451e-08,False,False,False,False,La facultad de ciencias sociales publicó un estudio sobre el impacto de la lectura comprensiva en el rendimiento académico.
IA_44,IA Sintético (70 reg.),1,Sensacionalista,2,0.9942776560783386,1,0.9788533449172974,0.9908595681190491,0.9668471813201904,0.9788533449172974,0.9788533449172974,0.9668471813201904,0.9849060837887536,0.012006193399429321,0.012006223201751709,1,1,1,1,0.9668472,0.99427766,0.99427766,0.9668472,0.027430475,0.0,0.0,0.027430475,False,False,False,False,Una locomotora a toda velocidad se dirige al centro de la ciudad para causar una carnicería
IA_45,IA Sintético (70 reg.),0,No sensacionalista,1,0.05996603146195412,0,0.05996603146195412,0.05996603146195412,0.05996603146195412,0.05996603146195412,0.05996603146195412,0.05996603146195412,0.05996603146195412,0.0,0.0,1,1,1,1,0.059966017,0.059966017,0.059966017,0.059966017,1.4901161e-08,1.4901161e-08,1.4901161e-08,1.4901161e-08,False,False,False,False,Ministerio de transporte inauguró el nuevo puente colgante que conectará a las dos provincias más aisladas del sur.
IA_46,IA Sintético (70 reg.),1,Sensacionalista,2,0.9957141280174255,1,0.9908334016799927,0.9922301173210144,0.9894367456436157,0.9908334016799927,0.9908334016799927,0.9922301173210144,0.9899064276070721,0.0013966858386993408,0.0013967156410217285,1,1,1,1,0.98943675,0.9957141,0.9957141,0.98943675,0.0062773824,0.0,0.0,0.0062773824,False,False,False,False,Divorcio sangriento
IA_47,IA Sintético (70 reg.),0,No sensacionalista,1,0.08532264828681946,0,0.08532258123159409,0.08532258123159409,0.08532258123159409,0.08532258123159409,0.08532258123159409,0.08532258123159409,0.08532258123159409,0.0,0.0,1,1,1,1,0.08532253,0.08532253,0.08532253,0.08532253,1.1920929e-07,1.1920929e-07,1.1920929e-07,1.1920929e-07,False,False,False,False,Festival de cine documental abre su convocatoria para recibir largometrajes producidos por jóvenes realizadores iberoamericanos.
IA_48,IA Sintético (70 reg.),1,Sensacionalista,2,0.9903650879859924,1,0.9757423400878906,0.9923173189163208,0.9591673612594604,0.9757423400878906,0.9757423400878906,0.9591673612594604,0.9835777846249667,0.016574978828430176,0.016574978828430176,1,1,1,1,0.95916736,0.9903651,0.9903651,0.95916736,0.031197727,0.0,0.0,0.031197727,False,False,False,False,Croquetas de supermercado están matando a miles de perros en una agonía espantosa
IA_49,IA Sintético (70 reg.),0,No sensacionalista,1,0.06584348529577255,0,0.06584347039461136,0.06584347039461136,0.06584347039461136,0.06584347039461136,0.06584347039461136,0.06584347039461136,0.06584347039461136,0.0,0.0,1,1,1,1,0.06584341,0.06584341,0.06584341,0.06584341,7.4505806e-08,7.4505806e-08,7.4505806e-08,7.4505806e-08,False,False,False,False,La venta de alimentos premium para mascotas experimentó un crecimiento sustained en los supermercados de cadena de la región.
IA_50,IA Sintético (70 reg.),1,Sensacionalista,2,0.9858184456825256,1,0.9515798091888428,0.9593011736869812,0.9438584446907043,0.9515798091888428,0.9515798091888428,0.9438584446907043,0.9566788234800663,0.007721364498138428,0.007721364498138428,1,1,1,1,0.94385856,0.98581845,0.98581845,0.94385856,0.04195988,0.0,0.0,0.04195988,False,False,False,False,Tu edificio está construido con arena y colapsará sobre tu cabeza al primer temblor leve
IA_51,IA Sintético (70 reg.),0,No sensacionalista,1,0.11757436394691467,0,0.11757419258356094,0.11757419258356094,0.11757419258356094,0.11757419258356094,0.11757419258356094,0.11757419258356094,0.11757419258356094,0.0,0.0,1,1,1,1,0.11757416,0.11757416,0.11757416,0.11757416,2.0116568e-07,2.0116568e-07,2.0116568e-07,2.0116568e-07,False,False,False,False,Fondo de inversión adquiere un complejo de oficinas en el distrito financiero para destinarlo a espacios de trabajo colaborativo.
IA_52,IA Sintético (70 reg.),1,Sensacionalista,2,0.988387405872345,1,0.8652535676956177,0.9856019616127014,0.7449051737785339,0.8652535676956177,0.8652535676956177,0.7449051737785339,0.9394684106111526,0.12034839391708374,0.12034839391708374,1,1,1,1,0.74490523,0.9883873,0.9883873,0.74490523,0.24348217,1.1920929e-07,1.1920929e-07,0.24348217,False,False,False,False,La tela sintética que absorbe radiación y te condena a una muerte lenta y dolorosa e irreversible
IA_53,IA Sintético (70 reg.),0,No sensacionalista,1,0.2904187738895416,0,0.29041868448257446,0.29041868448257446,0.29041868448257446,0.29041868448257446,0.29041868448257446,0.29041868448257446,0.29041868448257446,0.0,0.0,1,1,1,1,0.29041865,0.29041865,0.29041865,0.29041865,1.1920929e-07,1.1920929e-07,1.1920929e-07,1.1920929e-07,False,False,False,False,Organización no gubernamental promueve el intercambio de prendas usadas para reducir el impacto ambiental de la industria textil.
IA_54,IA Sintético (70 reg.),1,Sensacionalista,2,0.9938586354255676,1,0.9797687530517578,0.986356258392334,0.9731813073158264,0.9797687530517578,0.9797687530517578,0.986356258392334,0.9747671810565172,0.006587475538253784,0.006587505340576172,1,1,1,1,0.9731813,0.99385864,0.99385864,0.9731813,0.020677328,0.0,0.0,0.020677328,False,False,False,False,Sequía mortal
IA_55,IA Sintético (70 reg.),0,No sensacionalista,1,0.018342766910791397,0,0.018342770636081696,0.018342770636081696,0.018342770636081696,0.018342770636081696,0.018342770636081696,0.018342770636081696,0.018342770636081696,0.0,0.0,1,1,1,1,0.018342774,0.018342774,0.018342774,0.018342774,-7.450581e-09,-7.450581e-09,-7.450581e-09,-7.450581e-09,False,False,False,False,Agricultores implementan nuevos sistemas de riego por goteo para optimizar el uso de recursos hídricos en época de sequía.
IA_56,IA Sintético (70 reg.),1,Sensacionalista,2,0.9906794428825378,1,0.9475706815719604,0.9868934154510498,0.9082479476928711,0.9475706815719604,0.9475706815719604,0.9082479476928711,0.9748864738085797,0.039322733879089355,0.039322733879089355,1,1,1,1,0.9082478,0.99067944,0.99067944,0.9082478,0.082431614,0.0,0.0,0.082431614,False,False,False,False,Niños con chips cerebrales están reemplazando a los estudiantes humanos en un experimento gubernamental macabro
IA_57,IA Sintético (70 reg.),0,No sensacionalista,1,0.12993381917476654,0,0.1299339234828949,0.1299339234828949,0.1299339234828949,0.1299339234828949,0.1299339234828949,0.1299339234828949,0.1299339234828949,0.0,0.0,1,1,1,1,0.12993424,0.12993424,0.12993424,0.12993424,-4.172325e-07,-4.172325e-07,-4.172325e-07,-4.172325e-07,False,False,False,False,Foro internacional debate los retos de integrar herramientas de inteligencia artificial en la evaluación de estudiantes universitarios.
IA_58,IA Sintético (70 reg.),1,Sensacionalista,2,0.9954349398612976,1,0.9827651977539062,0.9892314076423645,0.976298987865448,0.9827651977539062,0.9827651977539062,0.976298987865448,0.9864525405828618,0.006466209888458252,0.006466209888458252,1,1,1,1,0.976299,0.99543494,0.99543494,0.976299,0.019135952,0.0,0.0,0.019135952,False,False,False,False,Todos los bancos cerrarán sus puertas y la inflación devorará los salarios en cuestión de horas
IA_59,IA Sintético (70 reg.),0,No sensacionalista,1,0.0214520413428545,0,0.02145201899111271,0.02145201899111271,0.02145201899111271,0.02145201899111271,0.02145201899111271,0.02145201899111271,0.02145201899111271,0.0,0.0,1,1,1,1,0.02145203,0.02145203,0.02145203,0.02145203,1.1175871e-08,1.1175871e-08,1.1175871e-08,1.1175871e-08,False,False,False,False,El Ministerio de Economía anunció un ajuste en las tasas de interés para contener el incremento inflacionario trimestral.
IA_60,IA Sintético (70 reg.),1,Sensacionalista,2,0.9903432130813599,1,0.9523322582244873,0.9844857454299927,0.9201788306236267,0.9523322582244873,0.9523322582244873,0.9201788306236267,0.9729434786698757,0.03215345740318298,0.03215348720550537,1,1,1,1,0.92017865,0.9903432,0.9903432,0.92017865,0.07016456,0.0,0.0,0.07016456,False,False,False,False,Millones de familias perderán sus ahorros por el colapso financiero total del sistema crediticio
IA_61,IA Sintético (70 reg.),0,No sensacionalista,1,0.019112875685095787,0,0.019112849608063698,0.019112849608063698,0.019112849608063698,0.019112849608063698,0.019112849608063698,0.019112849608063698,0.019112849608063698,0.0,0.0,1,1,1,1,0.01911285,0.01911285,0.01911285,0.01911285,2.6077032e-08,2.6077032e-08,2.6077032e-08,2.6077032e-08,False,False,False,False,La superintendencia financiera reportó un incremento moderado en los índices de morosidad comercial durante el último semestre.
IA_62,IA Sintético (70 reg.),1,Sensacionalista,2,0.9963023662567139,1,0.9641016721725464,0.9955518841743469,0.9326514005661011,0.9641016721725464,0.9641016721725464,0.9326514005661011,0.9843577303118625,0.031450241804122925,0.03145021200180054,1,1,1,1,0.9326516,0.99630237,0.99630237,0.9326516,0.06365079,0.0,0.0,0.06365079,False,False,False,False,Violencia desmedida y sangre tiñen el clásico de fútbol tras batalla campal entre hinchas armados
IA_63,IA Sintético (70 reg.),0,No sensacionalista,1,0.040868110954761505,0,0.04086809977889061,0.04086809977889061,0.04086809977889061,0.04086809977889061,0.04086809977889061,0.04086809977889061,0.04086809977889061,0.0,0.0,1,1,1,1,0.040868085,0.040868085,0.040868085,0.040868085,2.6077032e-08,2.6077032e-08,2.6077032e-08,2.6077032e-08,False,False,False,False,El comité disciplinario de la liga sancionó a dos clubes con multas económicas por disturbios menores en las tribunas.
IA_64,IA Sintético (70 reg.),1,Sensacionalista,2,0.9945529103279114,1,0.9759899973869324,0.9929301142692566,0.9590498805046082,0.9759899973869324,0.9759899973869324,0.9590498805046082,0.9843060547655279,0.01694011688232422,0.01694011688232422,1,1,1,1,0.95905,0.9945529,0.9945529,0.95905,0.03550291,0.0,0.0,0.03550291,False,False,False,False,Árbitro vendido comete fraude descarado para coronar al equipo más odiado del país
IA_65,IA Sintético (70 reg.),0,No sensacionalista,1,0.02994205616414547,0,0.029942037537693977,0.029942037537693977,0.029942037537693977,0.029942037537693977,0.029942037537693977,0.029942037537693977,0.029942037537693977,0.0,0.0,1,1,1,1,0.029942049,0.029942049,0.029942049,0.029942049,7.450581e-09,7.450581e-09,7.450581e-09,7.450581e-09,False,False,False,False,La federación de fútbol evaluó el uso del sistema de videoarbitraje tras las polémicas decisiones de la jornada deportiva.
IA_66,IA Sintético (70 reg.),1,Sensacionalista,2,0.9904159307479858,1,0.9813181161880493,0.9814531803131104,0.9811830520629883,0.9813181161880493,0.9813181161880493,0.9814531803131104,0.981270190208189,0.00013506412506103516,0.00013506412506103516,1,1,1,1,0.98118305,0.99041593,0.99041593,0.98118305,0.009232879,0.0,0.0,0.009232879,False,False,False,False,Asteroide mortal se aproxima a la Tierra
IA_67,IA Sintético (70 reg.),0,No sensacionalista,1,0.07577230036258698,0,0.07577221095561981,0.07577221095561981,0.07577221095561981,0.07577221095561981,0.07577221095561981,0.07577221095561981,0.07577221095561981,0.0,0.0,1,1,1,1,0.07577231,0.07577231,0.07577231,0.07577231,-7.450581e-09,-7.450581e-09,-7.450581e-09,-7.450581e-09,False,False,False,False,La agencia espacial publicó los datos de seguimiento orbital de un asteroide cercano que pasará a una distancia segura de la órbita lunar.
IA_68,IA Sintético (70 reg.),1,Sensacionalista,2,0.9065366387367249,1,0.9137451648712158,0.9767279028892517,0.8507623672485352,0.9137451648712158,0.9137451648712158,0.8507623672485352,0.9519654471650083,0.06298276782035828,0.06298273801803589,1,1,1,1,0.8507624,0.90653676,0.90653676,0.8507624,0.055774212,-1.1920929e-07,-1.1920929e-07,0.055774212,False,False,False,False,Científicos alertan que una era de hielo perpetua congelará a los seres humanos este mismo año
IA_69,IA Sintético (70 reg.),0,No sensacionalista,1,0.1846819818019867,0,0.18468205630779266,0.18468205630779266,0.18468205630779266,0.18468205630779266,0.18468205630779266,0.18468205630779266,0.18468205630779266,0.0,0.0,1,1,1,1,0.18468197,0.18468197,0.18468197,0.18468197,1.4901161e-08,1.4901161e-08,1.4901161e-08,1.4901161e-08,False,False,False,False,Investigadores solares reportan un descenso periódico en las manchas solares acorde a los ciclos normales de actividad heliomagnética.
